# ALPHA = 0.05
# NUMBER_OF_TESTS = 4

# _SET1_  VARIABLE = Prenatal_Negative (set)
# _SET1_  NGENES = 1245
# _SET1_  P-VALUE = 0.0115612
_SET1_   GENE        CHR      START       STOP  NSNPS  NPARAM      N        ZSTAT            P  ZFITTED_BASE  ZRESID_BASE
_SET1_   126792        1    1132629    1180421    122       4  31826        3.514   6.4789e-05    4.4409e-16        3.514
_SET1_   80772         1    1225136    1274276     30       3  31844       2.3094    0.0045229    4.4409e-16       2.3094
_SET1_   2782          1    1706725    1857552     94      11  31686      0.73054      0.15023    2.2204e-16      0.73054
_SET1_   199990        1    2105899    2179159     59       9  31820       0.4142      0.23049    2.7756e-16       0.4142
_SET1_   11079         1    2288214    2346883     73      16  30803      -1.6242      0.92144    2.2204e-16      -1.6242
_SET1_   388585        1    2450184    2496684     13       2  31844     -0.21181      0.46239    2.7756e-16     -0.21181
_SET1_   127281        1    2482899    2532908     14       2  31827     -0.31333      0.50375    2.7756e-16     -0.31333
_SET1_   63976         1    2950565    3365185    651      73  31424       1.0153     0.070456    2.2204e-16       1.0153
_SET1_   79707         1    6571407    6649658    109       7  31677      0.14045      0.32818    2.7756e-16      0.14045
_SET1_   8863          1    7809413    7915241    228      22  29925      0.92506      0.13922    2.2204e-16      0.92506
_SET1_   84275         1    9564528    9652831     87       8  31192      -1.4475       0.8839    2.2204e-16      -1.4475
_SET1_   22883         1    9779079    9919550    283      11  31048       1.7314     0.020511    2.2204e-16       1.7314
_SET1_   84328         1    9972168   10038460     81       8  31540      -1.7549      0.92915    2.2204e-16      -1.7549
_SET1_   23095         1   10235606   10451664    293       6  31698      0.36498       0.2299    2.7756e-16      0.36498
_SET1_   1325          1   10474776   10522060     66      11  31103     -0.39948      0.56094    2.7756e-16     -0.39948
_SET1_   4878          1   11895766   11942840     66       8  31757      -1.3172      0.84184    2.2204e-16      -1.3172
_SET1_   79180         1   15701391   15766839    109      12  31775     -0.44758      0.55085    2.7756e-16     -0.44758
_SET1_   23400         1   17302453   17373467    112       7  31832         1.64     0.025404    2.2204e-16         1.64
_SET1_   8659          1   19187924   19264293    148      21  31741       1.4491     0.037724    2.2204e-16       1.4491
_SET1_   55450         1   20798884   20847728     51       8  31716      0.54679      0.19512    2.2204e-16      0.54679
_SET1_   65018         1   20924948   20988004    238      22  31714      0.78224      0.12727    2.2204e-16      0.78224
_SET1_   2048          1   23002263   23251823    392      47  31303       2.1541     0.006192    4.4409e-16       2.1541
_SET1_   2134          1   26313266   26372955     69       6  31640    -0.061729      0.40846    2.7062e-16    -0.061729
_SET1_   79947         1   26723773   26807797     72       9  31481     -0.29081       0.5023    2.7756e-16     -0.29081
_SET1_   3151          1   26763902   26813133     41       6  31434     -0.71565      0.66855    2.2204e-16     -0.71565
_SET1_   6548          1   27415300   27516621    125       2  31692     -0.27466      0.49856    2.7756e-16     -0.27466
_SET1_   2827          1   27684148   27732318     31       4  30596       3.7577   4.2575e-05    4.4409e-16       3.7577
_SET1_   4985          1   29103654   29200208    121      11  31822     -0.55099      0.58622    2.2204e-16     -0.55099
_SET1_   553115        1   32085463   32145838     82       8  31567       1.6057     0.028981    2.2204e-16       1.6057
_SET1_   576           1   32182718   32265494     58      11  30428       1.7717     0.025784    2.2204e-16       1.7717
_SET1_   8073          1   32362022   32438988     36       3  31762       1.0914     0.084546    2.2204e-16       1.0914
_SET1_   65108         1   32789430   32836840      4       2  27651      -1.8403      0.97048    2.2204e-16      -1.8403
_SET1_   149076        1   33686908   33776321     70       9  31492     0.068003       0.3639    2.6368e-16     0.068003
_SET1_   63967         1   36175819   36270568     73       4  37247        2.023    0.0013211    4.4409e-16        2.023
_SET1_   26523         1   36300412   36405211     20       3  31796       2.3194    0.0041011    4.4409e-16       2.3194
_SET1_   29889         1   38022413   38096586     73       7  31603     -0.34274      0.52374    2.7756e-16     -0.34274
_SET1_   4802          1   41122242   41247275    186       9  31636        1.497     0.034843    2.2204e-16        1.497
_SET1_   59269         1   41962036   42536596    642      43  31564     -0.71848      0.57542    2.2204e-16     -0.71848
_SET1_   284716        1   42811468   42899900    184      10  31782       0.4281       0.2201    2.7756e-16       0.4281
_SET1_   1802          1   44400653   44449043     68       8  32776       3.3956   6.6243e-05    4.4409e-16       3.3956
_SET1_   79033         1   44676742   44856315     70       4  31651       -1.547       0.8963    2.2204e-16       -1.547
_SET1_   541468        1   46634006   46696928     29       6  31745       -1.432      0.86592    2.2204e-16       -1.432
_SET1_   8438          1   46678367   46754145     34       8  31512     -0.43392      0.55528    2.7756e-16     -0.43392
_SET1_   64756         1   47090711   47169099    211      12  31669       1.4261     0.038886    2.2204e-16       1.4261
_SET1_   63950         1   50873223   50924119     34       3  31844      0.58471      0.18492    2.2204e-16      0.58471
_SET1_   1031          1   51399367   51450309     32       4  31555      0.57747      0.19587    2.2204e-16      0.57747
_SET1_   22996         1   51742930   51845785     30       5  31571      0.55067      0.19926    2.2204e-16      0.55067
_SET1_   5865          1   52363628   52491436    139       9  31776      0.18824      0.30307    2.7756e-16      0.18824
_SET1_   91408         1   52486857   52566388     82       4  31825      0.18785      0.31037    2.7756e-16      0.18785
_SET1_   4998          1   52828501   52905143     57       6  31193     -0.50037      0.59962    2.2204e-16     -0.50037
_SET1_   65260         1   53142014   53199038     54       5  31757     -0.58701      0.61049    2.2204e-16     -0.58701
_SET1_   7804          1   53698036   53828821    284      30  31528     -0.18386      0.43369    2.7756e-16     -0.18386
_SET1_   55706         1   54221133   54339225     78       5  31835      -0.3148      0.50038    2.7756e-16      -0.3148
_SET1_   8613          1   56950419   57080257    301      32  30811      0.30488      0.27949    2.7756e-16      0.30488
_SET1_   5236          1   64023947   64135916    146      23  31765      -1.5811      0.89673    2.2204e-16      -1.5811
_SET1_   55225         1   65175778   65308915    128       9  31246      0.80826      0.14321    2.2204e-16      0.80826
_SET1_   3595          1   67738047   67872583    188      16  31751      0.97857     0.093558    2.2204e-16      0.97857
_SET1_   26289         1   77712662   78035654    677      38  31688     -0.57573      0.49704    2.2204e-16     -0.57573
_SET1_   23266         1   82231082   82468107    458      29  31235      0.28415      0.24055    2.7756e-16      0.28415
_SET1_   23576         1   85774168   86079046    615      48  31069      0.82185      0.10062    2.2204e-16      0.82185
_SET1_   55170         1  107564267  107611916     54       2  31515    -0.048707      0.42013    2.7062e-16    -0.048707
_SET1_   22854         1  107647540  108034477    276      42  31590    -0.087057      0.40442    2.6368e-16    -0.087057
_SET1_   1952          1  109757641  109828378     75       9  31838       1.2516     0.059038    2.2204e-16       1.2516
_SET1_   127002        1  109991533  110045426     10       3  28253     -0.32944       0.6368    2.7756e-16     -0.32944
_SET1_   284613        1  110001658  110053063     21       3  29620      -1.2391      0.87661    2.2204e-16      -1.2391
_SET1_   57463         1  110039446  110087336     81       7  31465    -0.054577      0.41495    2.7062e-16    -0.054577
_SET1_   83873         1  110047494  110098487     72       6  31417      0.15422       0.3392    2.7756e-16      0.15422
_SET1_   271           1  110127435  110184677     56       6  31736      0.69053      0.16169    2.2204e-16      0.69053
_SET1_   388662        1  110658132  110754824    102       7  31259      0.49348      0.22829    2.7756e-16      0.49348
_SET1_   3737          1  111126202  111209096    144      18  31645      0.96786      0.10209    2.2204e-16      0.96786
_SET1_   55924         1  112254686  112333419    137      16  31670     -0.14295      0.42974    2.7756e-16     -0.14295
_SET1_   4343          1  113182048  113253368     79      10  31505      0.54155      0.20596    2.2204e-16      0.54155
_SET1_   5738          1  117417689  117542972    191      16  30936    -0.053395      0.42142    2.7062e-16    -0.053395
_SET1_   26227         1  120219419  120296849     81      10  31023      -1.6266      0.91965    2.2204e-16      -1.6266
_SET1_   4853          1  120444176  120674880     63       3  31791      0.12041      0.34139    2.6368e-16      0.12041
_SET1_   284615        1  145435508  145485647     56       6  30702       -1.789      0.94504    2.2204e-16       -1.789
_SET1_   9939          1  145472557  145523536     52       5  30512      -1.4884      0.90867    2.2204e-16      -1.4884
_SET1_   653604        1  149774780  149820236      1       1  30665     0.011485       0.3769    2.6888e-16     0.011485
_SET1_   8349          1  149846010  149893232      5       3  31127     -0.16326      0.44184    2.7756e-16     -0.16326
_SET1_   10262         1  149885209  149936449     14       3  31377      -0.4451      0.56488    2.7756e-16      -0.4451
_SET1_   81611         1  150180717  150243504     41       4  31094     -0.91743       0.7587    2.2204e-16     -0.91743
_SET1_   148523        1  150219930  150269505     27       4  29072      0.67715      0.23795    2.2204e-16      0.67715
_SET1_   58497         1  150945867  151018189     81      11  31546      -0.7381      0.67561    2.2204e-16      -0.7381
_SET1_   10962         1  150997151  151050973     32       6  30872     -0.52186      0.61749    2.2204e-16     -0.52186
_SET1_   100534012     1  151094105  151152773     25       4  31492    -0.042963      0.40258    2.7062e-16    -0.042963
_SET1_   79005         1  151103482  151152773     21       4  31519     -0.04775      0.40066    2.7062e-16     -0.04775
_SET1_   5993          1  151303116  151354785     24       9  30706      0.10993      0.36943    2.6368e-16      0.10993
_SET1_   81609         1  151549454  151681559     96       8  31045      0.97915      0.11483    2.2204e-16      0.97915
_SET1_   11189         1  151662534  151724290     54       9  30494       0.6828      0.19706    2.2204e-16       0.6828
_SET1_   65005         1  151722119  151771040     98      10  31531       1.0167     0.096943    2.2204e-16       1.0167
_SET1_   1141          1  154505257  154562354     64       7  31684       2.1307    0.0074989    4.4409e-16       2.1307
_SET1_   10654         1  154887208  154944484     32       2  31665     -0.34612      0.52706    2.7756e-16     -0.34612
_SET1_   57326         1  154906553  154963624     27       3  31632     -0.38013      0.53579    2.7756e-16     -0.38013
_SET1_   90780         1  154919502  154969258      7       2  31025      0.49915      0.23378    2.7756e-16      0.49915
_SET1_   10067         1  155215770  155267176     46       1  31844      0.26978      0.30179    2.7756e-16      0.26978
_SET1_   23208         1  155794260  155864990     22       4  31551       2.3479    0.0040794    4.4409e-16       2.3479
_SET1_   9181          1  155906431  155988396     42       4  31806       2.3954    0.0034118    4.4409e-16       2.3954
_SET1_   92312         1  156031804  156086789     18       3  31795     -0.45428      0.55052    2.7756e-16     -0.45428
_SET1_   11243         1  156147779  156219868     98       7  31013       0.1866      0.33836    2.7756e-16       0.1866
_SET1_   4209          1  156423513  156505634     87       6  31555       2.1054    0.0085791    4.4409e-16       2.1054
_SET1_   63827         1  156576740  156639324     44       7  31406      0.99386      0.10398    2.2204e-16      0.99386
_SET1_   3766          1  159997257  160075051     84      10  31654    -0.040411      0.39795    2.7062e-16    -0.040411
_SET1_   480           1  160086352  160166767    135      25  31605      -1.0275      0.76662    2.2204e-16      -1.0275
_SET1_   844           1  160125285  160181676     84      20  30958     -0.63203      0.65815    2.2204e-16     -0.63203
_SET1_   8682          1  160140125  160195162     82      13  30366     -0.27953      0.54461    2.7756e-16     -0.27953
_SET1_   5824          1  160236599  160289941     87       7  30183      -0.8404      0.75747    2.2204e-16      -0.8404
_SET1_   4807          1  160301861  160352638     90      13  31490      0.19992      0.31499    2.7756e-16      0.19992
_SET1_   9722          1  162004581  162349813    713      41  30744     -0.10439      0.35025    2.6368e-16     -0.10439
_SET1_   400793        1  162313696  162366608     92      19  31739      -1.5457      0.89289    2.2204e-16      -1.5457
_SET1_   261726        1  168113171  168181352    101       7  31363     -0.17504      0.46689    2.7756e-16     -0.17504
_SET1_   91687         1  173758688  173829325     21       4  31605     -0.41991       0.5461    2.7756e-16     -0.41991
_SET1_   460           1  176816441  177169024    331      21  31046     -0.88227      0.70676    2.2204e-16     -0.88227
_SET1_   57795         1  177105058  177261558    199      17  32533     0.054972      0.31288    2.7062e-16     0.054972
_SET1_   6646          1  179227849  179337815    257      15  33937       3.2257   5.6061e-05    4.4409e-16       3.2257
_SET1_   9887          1  183406506  183533328     54       7  31798       1.3263     0.050297    2.2204e-16       1.3263
_SET1_   8707          1  193137860  193190743      5       2  29351     0.054845      0.43394    2.7062e-16     0.054845
_SET1_   23046         1  200928514  201027828    189      18  31566        1.962     0.011261    2.2204e-16        1.962
_SET1_   55705         1  201763288  201863422     98      16  31062      0.45014      0.24493    2.7756e-16      0.45014
_SET1_   92703         1  202941520  203003976    103      15  31106        1.048     0.098513    2.2204e-16        1.048
_SET1_   5287          1  204381756  204498943    171      13  31689      0.13161       0.3252    2.7756e-16      0.13161
_SET1_   148808        1  205503112  205582046     66      13  31676      -1.1266      0.79276    2.2204e-16      -1.1266
_SET1_   5362          1  208185587  208452665    501      52  31511       1.9591      0.00862    2.2204e-16       1.9591
_SET1_   9926          1  211906799  212083531    163       6  31844     -0.53021      0.57516    2.2204e-16     -0.53021
_SET1_   51514         1  212173919  212288187     17       2  31764      -1.8785      0.94614    2.2204e-16      -1.8785
_SET1_   79169         1  228278428  228328112     62      10  30661       0.0253      0.41155    2.7062e-16       0.0253
_SET1_   388753        1  234473932  234529795     18       4  31831      0.95597     0.098168    2.2204e-16      0.95597
_SET1_   2786          1  235700985  235849054     82      18  31761      0.66145      0.16369    2.2204e-16      0.66145
_SET1_   9156          1  241976491  242063241    209      21  31726     -0.70602      0.64066    2.2204e-16     -0.70602
_SET1_   10000         1  243641535  244049381    324      15  35660       1.4201     0.010529    2.2204e-16       1.4201
_SET1_   129787        2     657793     712439     73      11  31328      0.70898      0.16588    2.2204e-16      0.70898
_SET1_   3398          2    8787113    8834583     23       4  31792     -0.94495      0.73261    2.2204e-16     -0.94495
_SET1_   9270          2    9535810    9598698    100       7  31057      0.85522      0.14696    2.2204e-16      0.85522
_SET1_   10971         2    9714096    9806184     81      11  27535     -0.44209      0.70735    2.7756e-16     -0.44209
_SET1_   28951         2   12821998   12892860     84       9  31203     -0.42749      0.56911    2.7756e-16     -0.42749
_SET1_   348654        2   17900152   17976632    104       4  31654       -0.498       0.6075    2.7756e-16       -0.498
_SET1_   79172         2   24981175   25055245    121      13  31390      0.25618      0.29416    2.7756e-16      0.25618
_SET1_   3797          2   26139455   26240443     22       4  31696    -0.056388      0.39785    2.7062e-16    -0.056388
_SET1_   150946        2   26360960   26422532     57       5  31823      0.63046      0.17254    2.2204e-16      0.63046
_SET1_   9381          2   26670071   26816566    200      33  31799      0.11941      0.32469    2.6368e-16      0.11941
_SET1_   56896         2   27035969   27183219    130       3  31561     -0.42532       0.5595    2.7756e-16     -0.42532
_SET1_   285126        2   27463289   27515214     42       2  31150     -0.65055       0.6682    2.2204e-16     -0.65055
_SET1_   7781          2   27467440   27536093     52       2  31273     -0.75351       0.7014    2.2204e-16     -0.75351
_SET1_   57159         2   27470297   27540307     51       2  31262     -0.76122      0.70439    2.2204e-16     -0.76122
_SET1_   4052          2   33137221   33634576    857      35  30537      -1.4144      0.79776    2.2204e-16      -1.4144
_SET1_   253635        2   37276594   37336387     30       6  31836       2.9827   0.00046349    4.4409e-16       2.9827
_SET1_   25797         2   37536742   37610465     99       9  33875       1.6164     0.015138    2.2204e-16       1.6164
_SET1_   10602         2   37859025   37934678    178      13  31505     -0.98389      0.75397    2.2204e-16     -0.98389
_SET1_   92906         2   38779120   38865178    148      11  31618       1.0603     0.083829    2.2204e-16       1.0603
_SET1_   11037         2   48722308   48835654    177      14  31325      0.98763      0.10213    2.2204e-16      0.98763
_SET1_   5013          2   63242192   63294966     11       3  30034      0.44769      0.27368    2.7756e-16      0.44769
_SET1_   54980         2   70367017   70453151    162      15  31811      0.83992      0.11858    2.2204e-16      0.83992
_SET1_   84908         2   70513108   70564293    106       7  31777      0.71178      0.15491    2.2204e-16      0.71178
_SET1_   113419        2   71203068   71257001     76       9  31680       0.3695      0.24959    2.7756e-16       0.3695
_SET1_   6697          2   73079512   73129289     14       1  31092       1.2897     0.068342    2.2204e-16       1.2897
_SET1_   2016          2   73109604   73172020      6       1  30771       1.8902     0.017986    2.2204e-16       1.8902
_SET1_   94097         2   73159165   73333965    188       8  31718     -0.37644      0.52239    2.7756e-16     -0.37644
_SET1_   10574         2   73426364   73490150     48       2  31769      -1.4688      0.88684    2.2204e-16      -1.4688
_SET1_   1961          2   73508057   73555829     12       2  31844     -0.19097      0.44715    2.7756e-16     -0.19097
_SET1_   200424        2   74177211   74345303    133       9  31844    -0.098012      0.40842    2.6368e-16    -0.098012
_SET1_   1639          2   74578281   74654214     41       4  31667     -0.73877      0.67802    2.2204e-16     -0.73877
_SET1_   83439         2   85325583   85547511    354      29  31388      0.27624      0.25648    2.7756e-16      0.27624
_SET1_   7844          2   86820516   86886000     66       7  31375      0.86221      0.12914    2.2204e-16      0.86221
_SET1_   344167        2   88737726   88787053     66      11  31814      -1.4342      0.86668    2.2204e-16      -1.4342
_SET1_   7549          2   95796165   95860065     29       4  31492       1.5672     0.032828    2.2204e-16       1.5672
_SET1_   30818         2   95928072   96061825    108       9  31189       1.7634     0.022373    2.2204e-16       1.7634
_SET1_   55654         2   96905946   96966751     61      11  30993      0.54458      0.21798    2.2204e-16      0.54458
_SET1_   150771        2   96956062   97004091     39       5  31107      0.93943      0.11911    2.2204e-16      0.93943
_SET1_   23397         2   96966479   97052833     81      10  31050      0.64653      0.18796    2.2204e-16      0.64653
_SET1_   93082         2   97153383   97208846     38      10  30768      0.75101      0.16689    2.2204e-16      0.75101
_SET1_   23505         2   98362799   98647389    388      17  31600      -2.4007      0.97528    4.4409e-16      -2.4007
_SET1_   343990        2   99400309   99587684    298      17  31427       -1.592      0.89008    2.2204e-16       -1.592
_SET1_   6549          2  103201166  103337809    142      11  31834    0.0064181      0.36781    2.6975e-16    0.0064181
_SET1_   84620         2  107408056  107538563    160      10  31755      -1.4438      0.86986    2.2204e-16      -1.4438
_SET1_   699           2  111385275  111470684     50       4  31667      -1.2141      0.82186    2.2204e-16      -1.2141
_SET1_   150465        2  113204743  113300223     59       7  31143      0.39983      0.26421    2.7756e-16      0.39983
_SET1_   165257        2  119903819  119951471     97       9  31486   -0.0014155      0.39157    2.6953e-16   -0.0014155
_SET1_   79134         2  120965047  121015984     69       8  31734        1.211     0.065912    2.2204e-16        1.211
_SET1_   3625          2  121068719  121119383     60      14  30730       0.4962      0.24587    2.7756e-16       0.4962
_SET1_   2736          2  121458441  121760229    226      30  31828      0.28448      0.26265    2.7756e-16      0.28448
_SET1_   5433          2  128593840  128650729    108      10  31649      0.26896      0.28216    2.7756e-16      0.26896
_SET1_   80097         2  130904248  130972365     58       1  31012      -2.2981      0.98454    4.4409e-16      -2.2981
_SET1_   92856         2  131065470  131114197     51       5  31813      -1.5311      0.89019    2.2204e-16      -1.5311
_SET1_   653784        2  132217298  132285312    119       1  31835     -0.63509      0.65016    2.2204e-16     -0.63509
_SET1_   2863          2  133139147  133414169    513      50  31495      -1.3235      0.81236    2.2204e-16      -1.3235
_SET1_   84083         2  135944539  136323806    319       8  31633       1.1722     0.058202    2.2204e-16       1.1722
_SET1_   130576        2  149859981  150081776    489      27  31802      -1.3036      0.79143    2.2204e-16      -1.3036
_SET1_   2820          2  157256965  157452915    188      11  31640      0.22583      0.28849    2.7756e-16      0.22583
_SET1_   27347         2  168800530  169139105    870      42  31643      0.29428      0.16287    2.7756e-16      0.29428
_SET1_   100526832     2  170515964  170618396    331      21  31819       -1.881       0.9275    2.2204e-16       -1.881
_SET1_   151230        2  170555356  170618396    211      24  31821      -1.8186      0.92766    2.2204e-16      -1.8186
_SET1_   9874          2  171837333  172122824    361      23  31586      0.25098      0.25467    2.7756e-16      0.25098
_SET1_   83879         2  174184561  174243718     65      10  30493       0.2152      0.34924    2.7756e-16       0.2152
_SET1_   29789         2  174927175  175148365    226      12  31407       1.4773      0.03559    2.2204e-16       1.4773
_SET1_   220988        2  178041063  178098687     69       5  31759      0.41279      0.23682    2.7756e-16      0.41279
_SET1_   10477         2  181810112  181938154    315       9  31838      -1.1849       0.7777    2.2204e-16      -1.1849
_SET1_   165215        2  187523789  187640686    127       7  31483     -0.57023      0.61038    2.2204e-16     -0.57023
_SET1_   4664          2  191478621  191567492    110      13  31746      0.23002      0.29218    2.7756e-16      0.23002
_SET1_   9262          2  196988307  197071336    131      10  31175       1.3703      0.05233    2.2204e-16       1.3703
_SET1_   284992        2  197469278  197607530     50       6  30018      0.16644        0.391    2.7756e-16      0.16644
_SET1_   151195        2  208541264  208630898    142       3  31780       1.4681     0.039999    2.2204e-16       1.4681
_SET1_   5746          2  209189569  209369231    107       7  31837      0.73748      0.14664    2.2204e-16      0.73748
_SET1_   4133          2  210253733  210608842    290       7  31199     0.069487      0.34546    2.6368e-16     0.069487
_SET1_   33            2  211042632  211125215     26       6  29154      0.35789      0.34428    2.7756e-16      0.35789
_SET1_   10314         2  211285973  211377347    180      11  31525      0.20632      0.30192    2.7756e-16      0.20632
_SET1_   7701          2  219492639  219559355     86       4  31798      -1.1658      0.80553    2.2204e-16      -1.1658
_SET1_   130612        2  220373385  220425317     74      11  31829      0.84042      0.12243    2.2204e-16      0.84042
_SET1_   79586         2  220393669  220443487     75      12  31791      0.52761      0.19955    2.2204e-16      0.52761
_SET1_   80303         2  233435767  233557491    182      23  31614      0.89011      0.11411    2.2204e-16      0.89011
_SET1_   55054         2  234125217  234214320     74      10  29753      0.22352       0.3737    2.7756e-16      0.22352
_SET1_   8527          2  234228149  234390744    283      22  30771      0.43306      0.23831    2.7756e-16      0.43306
_SET1_   151176        2  239025579  239087516    161      28  31604       1.5195     0.034362    2.2204e-16       1.5195
_SET1_   51665         2  239300382  239370891    194      18  31772      -1.1824      0.79687    2.2204e-16      -1.1824
_SET1_   547           2  241643181  241794725    262      20  31659      -2.4387      0.98092    4.4409e-16      -2.4387
_SET1_   9901          3    9012275    9326369    643      85  31622     -0.68013      0.59432    2.2204e-16     -0.68013
_SET1_   8536          3    9789029    9846676     84      10  31152        -0.58      0.63261    2.2204e-16        -0.58
_SET1_   10474         3    9811648    9869695    120      12  31409       -0.306       0.5104    2.7756e-16       -0.306
_SET1_   2177          3   10033113   10153614    255       7  31827      -2.0907      0.95719    4.4409e-16      -2.0907
_SET1_   9797          3   10255177   10332906    164      15  31659       1.3181     0.050217    2.2204e-16       1.3181
_SET1_   27258         3   14185228   14249869     99       9  31741     -0.86509      0.70908    2.2204e-16     -0.86509
_SET1_   85403         3   15434064   15494120     98       9  31607      0.63725      0.17532    2.2204e-16      0.63725
_SET1_   9779          3   17188654   17819240    485      15  34265      -2.2618      0.92732    4.4409e-16      -2.2618
_SET1_   6304          3   18379133   18515265    129      23  31651      0.25584      0.28672    2.7756e-16      0.25584
_SET1_   26032         3   33181537   33295707    274      27  31701      0.18929      0.28985    2.7756e-16      0.18929
_SET1_   6331          3   38579553   38726164    203      35  31136      -1.4732      0.88847    2.2204e-16      -1.4732
_SET1_   3921          3   39413204   39464033    151       4  31791       1.4886     0.036094    2.2204e-16       1.4886
_SET1_   1499          3   41201401   41291939    102       9  31267    -0.038126      0.41088    2.7062e-16    -0.038126
_SET1_   22906         3   42020294   42277382    215      17  31752      -1.1667      0.78956    2.2204e-16      -1.1667
_SET1_   285343        3   44344574   44460940     41       3  31160     -0.22122      0.49602    2.7756e-16     -0.22122
_SET1_   56992         3   44768209   44904748     92       6  31272       1.3073     0.059057    2.2204e-16       1.3073
_SET1_   25907         3   45255956   45302814    127      11  31835      0.94087      0.10166    2.2204e-16      0.94087
_SET1_   23395         3   45395053   45600334    287      22  31421     -0.88517      0.70269    2.2204e-16     -0.88517
_SET1_   10675         3   47593728   47656730     24       3  30878       0.4089      0.27117    2.7756e-16       0.4089
_SET1_   7384          3   48626432   48682391     42       4  31063     0.047339      0.39176    2.7062e-16     0.047339
_SET1_   51447         3   48715436   48789711     45       3  30727      0.52239      0.24422    2.2204e-16      0.52239
_SET1_   25886         3   52099249   52223720    123       9  32221       1.9357     0.010554    2.2204e-16       1.9357
_SET1_   8314          3   52425020   52479121     29       7  33503       1.5861     0.017223    2.2204e-16       1.5861
_SET1_   5162          3   58403357   58454579     58       1  31785      0.60954      0.19478    2.2204e-16      0.60954
_SET1_   200845        3   58442823   58498087     46       3  31770      0.75131      0.14949    2.2204e-16      0.75131
_SET1_   11170         3   58539841   58648337    159      16  31760     -0.54697      0.58887    2.2204e-16     -0.54697
_SET1_   57415         3   62269648   62331888     34       6  31586      0.32751      0.26807    2.7756e-16      0.32751
_SET1_   55079         3   62345347   62394190     20       8  30236       1.1811     0.089182    2.2204e-16       1.1811
_SET1_   9223          3   65329200   66059511   1305     105  31173     -0.62115      0.43052    2.2204e-16     -0.62115
_SET1_   26018         3   66419221   66586446    300      30  31342        -1.12      0.78163    2.2204e-16        -1.12
_SET1_   6092          3   75920845   77709115   3148     170  31447       1.5794    0.0071728    2.2204e-16       1.5794
_SET1_   84319         3   99501678   99907476    129      17  31467     -0.46849      0.56863    2.7756e-16     -0.46849
_SET1_   54762         3  113522671  113676021    179      28  31634       0.3719       0.2476    2.7756e-16       0.3719
_SET1_   254887        3  113631748  113715706     91      20  31598       1.2974     0.056237    2.2204e-16       1.2974
_SET1_   165829        3  119874328  120038921    254      13  30956       -1.299      0.84469    2.2204e-16       -1.299
_SET1_   285282        3  120395528  120496384     61       6  31844     -0.65838      0.63936    2.2204e-16     -0.65838
_SET1_   10721         3  121140273  121299853     59       8  31758     -0.69537      0.65441    2.2204e-16     -0.69537
_SET1_   6565          3  121578171  121673034    189       7  31796      -1.0648      0.76525    2.2204e-16      -1.0648
_SET1_   54437         3  122618040  122782452    325      38  31666       1.5472     0.027353    2.2204e-16       1.5472
_SET1_   7372          3  124414213  124478120    157      17  31757     -0.89963      0.71481    2.2204e-16     -0.89963
_SET1_   3693          3  124470795  124641500    386      20  31671      -1.8014      0.91345    2.2204e-16      -1.8014
_SET1_   4171          3  127282200  127351279     25       7  29995      -1.1124      0.83484    2.2204e-16      -1.1124
_SET1_   23129         3  129264056  129360582    172      15  31689      0.73153      0.14507    2.2204e-16      0.73153
_SET1_   51560         3  133533079  133649691    176      30  29604     -0.55792      0.67774    2.2204e-16     -0.55792
_SET1_   80723         3  136502861  136584734     53       5  30858        2.032     0.012542    4.4409e-16        2.032
_SET1_   5291          3  138361540  138588780      6       2  31764      0.70425      0.14764    2.2204e-16      0.70425
_SET1_   116931        3  150768452  151164465    693      41  31499       1.2701      0.03331    2.2204e-16       1.2701
_SET1_   29909         3  150905537  150955997    122      16  31574        1.829      0.01647    2.2204e-16        1.829
_SET1_   23007         3  155187670  155497878    502      22  31713     -0.95585      0.67685    2.2204e-16     -0.95585
_SET1_   10051         3  160082078  160162755    105      11  31762     -0.34459      0.50938    2.7756e-16     -0.34459
_SET1_   84517         3  169474709  169522683     43       4  31844       1.5193     0.034297    2.2204e-16       1.5193
_SET1_   64393         3  178725011  178825067     72       9  31239     -0.54313      0.61211    2.2204e-16     -0.54313
_SET1_   1857          3  183838099  183901314     34       4  31483       1.0689     0.091929    2.2204e-16       1.0689
_SET1_   1173          3  183857634  183911879     44       4  31476       1.1236     0.084604    2.2204e-16       1.1236
_SET1_   131408        3  184018717  184074063     38       8  31771       1.5038      0.03443    2.2204e-16       1.5038
_SET1_   2049          3  184244587  184310196     77       7  30825      -2.0381      0.96628    4.4409e-16      -2.0381
_SET1_   6434          3  185622356  185690924    115      14  31457     -0.70086      0.66323    2.2204e-16     -0.70086
_SET1_   200933        3  196260725  196325930     81       9  31705       2.6282    0.0016465    4.4409e-16       2.6282
_SET1_   54965         3  196404234  196472878    124       8  31546      -1.3749      0.86356    2.2204e-16      -1.3749
_SET1_   10296         4    1248642    1343925    275       8  31829       1.4842      0.03135    2.2204e-16       1.4842
_SET1_   10460         4    1688217    1756905    217      12  26783       1.7375     0.052986    2.2204e-16       1.7375
_SET1_   345222        4    3215766    3283465    147       9  31630     -0.45835      0.56155    2.7756e-16     -0.45835
_SET1_   1816          4    9748258    9795633    132      15  31493      -1.3288      0.85009    2.2204e-16      -1.3288
_SET1_   9364          4   13333863   13520989     13       2  31679      -2.8059      0.99402    4.4409e-16      -2.8059
_SET1_   23231         4   25739049   25899647    188      33  31528      0.22806      0.30175    2.7756e-16      0.22806
_SET1_   60558         4   44645433   44712944    155       8  31822     -0.39243      0.52739    2.7756e-16     -0.39243
_SET1_   132789        4   44684190   44763651    160       7  31823    -0.040043       0.3887    2.7062e-16    -0.040043
_SET1_   6443          4   52875752   52939485     18       2  31817       2.9053   0.00067644    4.4409e-16       2.9053
_SET1_   100288413     4   53599684   53652807     98       7  31597      -1.0798      0.78383    2.2204e-16      -1.0798
_SET1_   65997         4   53693495   53743002    108       8  31309     -0.59346      0.62854    2.2204e-16     -0.59346
_SET1_   10874         4   56451396   56537465    129       8  31833     -0.02996      0.38489    2.7062e-16     -0.02996
_SET1_   84525         4   57504154   57582874    165      19  31660       1.0002     0.094347    2.2204e-16       1.0002
_SET1_   9407          4   68676594   68784716    136       9  31842      -1.6245       0.9035    2.2204e-16      -1.6245
_SET1_   57619         4   77321253   77714406    695      49  31618     -0.84898      0.61405    2.2204e-16     -0.84898
_SET1_   901           4   78043357   78101213     72      11  30920        1.005      0.11004    2.2204e-16        1.005
_SET1_   153020        4   82337547   82428082    101       9  31096     -0.58015       0.6309    2.2204e-16     -0.58015
_SET1_   58478         4   83316726   83392245    101      10  31771        1.259     0.056885    2.2204e-16        1.259
_SET1_   53343         4   88308728   88390606     90       7  31624       1.1967     0.068715    2.2204e-16       1.1967
_SET1_   56955         4   88707563   88777969    192      28  31754       1.2128     0.060993    2.2204e-16       1.2128
_SET1_   128           4   99982129  100044931     16       3  31720     -0.83234      0.69579    2.2204e-16     -0.83234
_SET1_   3015          4  100859242  100906512     35       5  31290      -1.1748      0.81921    2.2204e-16      -1.1748
_SET1_   1062          4  104016963  104154566    200       9  31677      -1.3053      0.83252    2.2204e-16      -1.3053
_SET1_   1950          4  110799040  110944118    351      21  31622      -1.5144      0.86621    2.2204e-16      -1.5144
_SET1_   817           4  114362188  114718669    657      39  31599     -0.83215      0.60795    2.2204e-16     -0.83215
_SET1_   4085          4  120970577  121023013     53       7  31095     -0.44701      0.58154    2.7756e-16     -0.44701
_SET1_   22824         4  128668453  128765228     76       6  31285       1.1899     0.075618    2.2204e-16       1.1899
_SET1_   80854         4  140417192  140512577    124      21  31725      0.17925      0.31034    2.7756e-16      0.17925
_SET1_   23022         4  169383215  169859608    869      81  31507      0.39447      0.16363    2.7756e-16      0.39447
_SET1_   11341         4  174299299  174355617     28       6  31335      0.52547      0.21116    2.2204e-16      0.52547
_SET1_   56977         4  184791509  184954679    220      40  31560     -0.97405      0.75144    2.2204e-16     -0.97405
_SET1_   836           4  185538850  185605629     60       5  31126     -0.28095      0.52091    2.7756e-16     -0.28095
_SET1_   291           4  186029417  186081538    121      13  31765     -0.93866      0.73069    2.2204e-16     -0.93866
_SET1_   27295         4  186411814  186491712    113      10  31631        1.179     0.069157    2.2204e-16        1.179
_SET1_   2195          4  187498937  187682876    402      46  31629       1.4728     0.031093    2.2204e-16       1.4728
_SET1_   55722         5     577405     665807    181      12  24009     -0.14848       0.6854    2.7756e-16     -0.14848
_SET1_   9319          5     857764     928164     43       5  29568      -1.2286      0.87547    2.2204e-16      -1.2286
_SET1_   79888         5    1451542    1560644    181      27  31720     0.063332      0.35205    2.6368e-16     0.063332
_SET1_   22948         5   10215041   10276501    136       7  31828     -0.12436      0.41743    2.6368e-16     -0.12436
_SET1_   10299         5   10318751   10450500     86       2  31810     -0.68722      0.66213    2.2204e-16     -0.68722
_SET1_   23194         5   15465305   15949905    667      30  31504     -0.76056      0.57532    2.2204e-16     -0.76056
_SET1_   10409         5   17181932   17286954    226      37  31685      0.32635      0.25731    2.7756e-16      0.32635
_SET1_   6507          5   36571457   36698436    232      37  31793      -0.9647      0.73509    2.2204e-16      -0.9647
_SET1_   5019          5   41720167   41905791     59       7  31520     -0.44968      0.56521    2.7756e-16     -0.44968
_SET1_   375444        5   43476803   43550273     61       5  31763    -0.022112      0.38806    2.7062e-16    -0.022112
_SET1_   4338          5   52381509   52440602    186      21  30901     -0.21424      0.48625    2.7756e-16     -0.21424
_SET1_   10468         5   52741183   52792964    121      18  30516      -1.3627      0.87994    2.2204e-16      -1.3627
_SET1_   401190        5   63766774   63919285    225      22  31274      0.89014      0.11748    2.2204e-16      0.89014
_SET1_   8507          5   73913231   73972249     72      13  30634     -0.11198       0.4701    2.6368e-16     -0.11198
_SET1_   55109         5   76291210   76371059    106      16  31390      0.15324      0.33445    2.7756e-16      0.15324
_SET1_   55255         5   76717622   76823332    249      13  31687     0.068395      0.33556    2.6368e-16     0.068395
_SET1_   9456          5   78659647   78844659    340      27  31510      -1.0576      0.75205    2.2204e-16      -1.0576
_SET1_   1719          5   79912045   79985800    266       7  30413      0.18655      0.33882    2.7756e-16      0.18655
_SET1_   5924          5   80221491   80535981    456      50  31391      0.61862      0.15694    2.2204e-16      0.61862
_SET1_   1404          5   82924017   83051896    177      22  31680      -2.0124      0.95473    4.4409e-16      -2.0124
_SET1_   84059         5   89819617   90470254    910      42  31668     -0.26534      0.32667    2.7756e-16     -0.26534
_SET1_   353189        5  101559690  101667253    258      15  31519     -0.70055       0.6372    2.2204e-16     -0.70055
_SET1_   90355         5  102559442  102624361     72       4  31751     -0.32753      0.51579    2.7756e-16     -0.32753
_SET1_   7905          5  112202081  112293339    181       9  31685     -0.90118      0.71546    2.2204e-16     -0.90118
_SET1_   1036          5  115130430  115187405     39       3  30966     -0.93553      0.77082    2.2204e-16     -0.93553
_SET1_   285605        5  118162569  118359240    200      10  31804       1.7302     0.018882    2.2204e-16       1.7302
_SET1_   51334         5  119764973  120033009    354      26  30165      -1.1817      0.82396    2.2204e-16      -1.1817
_SET1_   1456          5  122812793  122962739    166      11  31224      -1.2821      0.84227    2.2204e-16      -1.2821
_SET1_   3094          5  130484976  130536041     49       3  31441      -1.1708      0.81918    2.2204e-16      -1.1708
_SET1_   56990         5  130564702  130740383    122       8  30280       1.3346     0.069562    2.2204e-16       1.3346
_SET1_   4762          5  134859972  134906639     27       5  31286      0.20377      0.31898    2.7756e-16      0.20377
_SET1_   51306         5  137263638  137422650    103       6  31636      -1.8438      0.93955    2.2204e-16      -1.8438
_SET1_   202051        5  138721514  138774820     51       5  31330     -0.50373      0.59897    2.2204e-16     -0.50373
_SET1_   5201          5  139614635  139717689    135       7  31792    -0.096232      0.41551    2.6368e-16    -0.096232
_SET1_   113829        5  139909420  139958683     29       5  31315      0.95558      0.11138    2.2204e-16      0.95558
_SET1_   10007         5  141370234  141427620     38       7  31722      0.48689      0.21406    2.7756e-16      0.48689
_SET1_   80762         5  141453324  141544008    218      14  31815      0.37942      0.22998    2.7756e-16      0.37942
_SET1_   5521          5  145959067  146496083    774      47  32329       1.2312     0.027002    2.2204e-16       1.2312
_SET1_   1809          5  146760371  146924619    294      18  31595      -1.1672      0.78438    2.2204e-16      -1.1672
_SET1_   815           5  149589054  149704403    114      24  31802     -0.85134       0.7058    2.2204e-16     -0.85134
_SET1_   11346         5  149945642  150048792    203      28  31773     -0.14448      0.42273    2.7756e-16     -0.14448
_SET1_   55696         5  150060352  150115669     80       5  31790       1.2984     0.054063    2.2204e-16       1.2984
_SET1_   26999         5  156658091  156832606    272       9  31414     -0.42986      0.53582    2.7756e-16     -0.42986
_SET1_   79616         5  159668666  159774602    189      18  31618     -0.37265      0.51747    2.7756e-16     -0.37265
_SET1_   23120         5  159980127  160314219    479      45  31427     0.073047      0.31221    2.6368e-16     0.073047
_SET1_   92181         5  171626648  171745795    175       6  31465     -0.92133       0.7384    2.2204e-16     -0.92133
_SET1_   57179         5  175763065  175823809     53       7  31787       2.4431    0.0029142    4.4409e-16       2.4431
_SET1_   83463         5  176722501  176776096     54       8  31675      0.18184      0.31474    2.7756e-16      0.18184
_SET1_   57128         6    5037395    5296172    411      31  31361       -2.889      0.99357    4.4409e-16       -2.889
_SET1_   51299         6    5988232    6042838    100      11  31662       -2.173      0.96991    4.4409e-16       -2.173
_SET1_   3400          6   19802579   19852431     79      16  31663       -0.366      0.52726    2.7756e-16       -0.366
_SET1_   154150        6   22534678   22580750     59      10  31688      -1.1164      0.79075    2.2204e-16      -1.1164
_SET1_   8350          6   25985718   26031186     65       9  31069     -0.92434      0.75291    2.2204e-16     -0.92434
_SET1_   3024          6   26007260   26053040     70      10  31295      -1.1446      0.81008    2.2204e-16      -1.1446
_SET1_   8352          6   26010639   26056097     70      10  31266      -1.1308      0.80722    2.2204e-16      -1.1308
_SET1_   85236         6   27096072   27149637     28       4  34850      -1.8043      0.86733    2.2204e-16      -1.8043
_SET1_   8330          6   27795658   27841117     44       6  39280      0.20398     0.066427    2.7756e-16      0.20398
_SET1_   10919         6   31837536   31900464     63      13  38668      0.21803      0.07633    2.7756e-16      0.21803
_SET1_   6046          6   32901437   32959282     43      11  32850     -0.48691       0.5141    2.7756e-16     -0.48691
_SET1_   3833          6   33324301   33387701     15       5  18750       1.3744      0.12443    2.2204e-16       1.3744
_SET1_   221504        6   33387356   33435321     34       6  29368       3.6996   8.2323e-05    4.4409e-16       3.6996
_SET1_   29993         6   34398838   34513000    176      19  28852      -1.5619      0.93638    2.2204e-16      -1.5619
_SET1_   6428          6   36527090   36582244     78       5  31059     -0.48697      0.60835    2.7756e-16     -0.48697
_SET1_   221477        6   36818640   36906740    160       9  30379     -0.18002      0.50028    2.7756e-16     -0.18002
_SET1_   55633         6   37190528   37310746     51       6  31585      0.44594      0.23278    2.7756e-16      0.44594
_SET1_   116113        6   41479164   41580122    140      14  31390      -1.4186      0.87279    2.2204e-16      -1.4186
_SET1_   129685        6   41983251   42065093    222      37  31723      -2.1454      0.96566    4.4409e-16      -2.1454
_SET1_   5961          6   42654333   42725692    137      16  28909      0.85117      0.19026    2.2204e-16      0.85117
_SET1_   6903          6   42702234   42748884     67      10  31779     -0.65114      0.62957    2.2204e-16     -0.65114
_SET1_   5528          6   42917218   42990083    164      13  31570        1.061     0.083526    2.2204e-16        1.061
_SET1_   6722          6   43103920   43159244     49       3  32377       2.2964    0.0040966    4.4409e-16       2.2964
_SET1_   84630         6   43176222   43265997     96       9  31904       2.6462    0.0015224    4.4409e-16       2.6462
_SET1_   441151        6   44203480   44257182     80       8  31787     -0.75726      0.67611    2.2204e-16     -0.75726
_SET1_   57505         6   44256463   44316094     83      13  31602      0.46015      0.22618    2.7756e-16      0.46015
_SET1_   4172          6   52118812   52184679    121      15  31681       1.0232     0.091045    2.2204e-16       1.0232
_SET1_   85315         6   52191926   52282575    205      29  31796      0.85069      0.11606    2.2204e-16      0.85069
_SET1_   2941          6   52832746   52895178     96       6  31830     -0.28284      0.48582    2.7756e-16     -0.28284
_SET1_   51715         6   57041790   57122112     53       9  31626      0.52532      0.20383    2.2204e-16      0.52532
_SET1_   577           6   69310210   70109403    878      36  31526      0.48846      0.11773    2.7756e-16      0.48846
_SET1_   1297          6   70915743   71047786    293      25  31561     -0.22812      0.44458    2.7756e-16     -0.22812
_SET1_   135152        6   71556914   71702101    176      21  31576        1.099      0.07803    2.2204e-16        1.099
_SET1_   27145         6   75994607   76238516    325      19  31303     -0.78248      0.66537    2.2204e-16     -0.78248
_SET1_   7272          6   80679322   80762244     76       8  30906          1.5     0.043172    2.2204e-16          1.5
_SET1_   167681        6   84187194   84245423    153      18  32492     -0.54975      0.55298    2.2204e-16     -0.54975
_SET1_   112609        6   84697746   84810606    101       6  31189     -0.64983      0.65663    2.2204e-16     -0.64983
_SET1_   10492         6   86307502   86388568     52       6  30892       2.2896    0.0063706    4.4409e-16       2.2896
_SET1_   57150         6   87997306   88062043    142       6  31531     -0.16165      0.45447    2.7756e-16     -0.16165
_SET1_   55122         6   88374578   88446985    122      12  31800       0.3142      0.25974    2.7756e-16       0.3142
_SET1_   57226         6   90331943   90383474     67      11  29885       2.2733    0.0084692    4.4409e-16       2.2733
_SET1_   10690         6   96428845   96673488    421      30  31576      -0.8309      0.65629    2.2204e-16      -0.8309
_SET1_   253714        6   97580037   97766126    240       8  31508     -0.35228      0.50777    2.7756e-16     -0.35228
_SET1_   84553         6   99710793   99832594    224      20  31518      0.25583      0.27951    2.7756e-16      0.25583
_SET1_   7101          6  108452215  108520013     80      17  31736     -0.70565      0.65356    2.2204e-16     -0.70565
_SET1_   23270         6  116561127  116610261     45       2  31220      0.79831      0.15822    2.2204e-16      0.79831
_SET1_   7259          6  116586022  116636280     43       2  31191      0.96269       0.1223    2.2204e-16      0.96269
_SET1_   222553        6  118193689  118648839    646      45  31543       1.0409     0.057528    2.2204e-16       1.0409
_SET1_   254394        6  119124612  119291327    345       7  31767      0.89172     0.095172    2.2204e-16      0.89172
_SET1_   26002         6  132607194  132757664    240      20  31771     -0.40903      0.52008    2.7756e-16     -0.40903
_SET1_   113115        6  136542168  136606449     31       6  31589       2.0402    0.0099144    4.4409e-16       2.0402
_SET1_   51534         6  142433372  142552085    139       9  31496      0.60637      0.18219    2.2204e-16      0.60637
_SET1_   5325          6  144251437  144420736    356      34  27963      -1.6886      0.95195    2.2204e-16      -1.6886
_SET1_   80329         6  150250110  150304846    127       4  31807      -1.2841      0.83882    2.2204e-16      -1.2841
_SET1_   26271         6  153281658  153339740    163      14  31411      -1.0106      0.76142    2.2204e-16      -1.0106
_SET1_   26034         6  154465618  154712900    305      40  31778     -0.86306      0.69073    2.2204e-16     -0.86306
_SET1_   56995         6  158618268  158942860    552      15  31471       1.9542    0.0070737    2.2204e-16       1.9542
_SET1_   5071          6  161758590  163183834   2744     193  31628     -0.57928      0.37291    2.2204e-16     -0.57928
_SET1_   387263        6  170067238  170116402     74       7  31841       1.4589     0.038128    2.2204e-16       1.4589
_SET1_   84310         7    1026623    1212911    562      16  31270      0.26407      0.22358    2.7756e-16      0.26407
_SET1_   80727         7    2636603    2714436    170      22  31513      0.61669      0.18041    2.2204e-16      0.61669
_SET1_   221937        7    4686930    4821074    122      15  31617       1.3068     0.052816    2.2204e-16       1.3068
_SET1_   222962        7    5287561    5353704     83      15  31345     -0.31096      0.51934    2.7756e-16     -0.31096
_SET1_   80028         7    5505428    5588423    114      14  31675     -0.27388      0.48402    2.7756e-16     -0.27388
_SET1_   60            7    5556779    5605232     64      11  31632      0.36153      0.25285    2.7756e-16      0.36153
_SET1_   654231        7    5885429    5935994    113      16  31562      -1.2523      0.83178    2.2204e-16      -1.2523
_SET1_   84792         7    6359040    6423590    144      18  31813     -0.37128      0.51628    2.7756e-16     -0.37128
_SET1_   221981        7   11400062   11906824   1376      81  31675      0.26607       0.1144    2.7756e-16      0.26607
_SET1_   2115          7   13920854   14066050    314      32  30023      0.45384      0.25624    2.7756e-16      0.45384
_SET1_   3696          7   20335345   20465382    193      14  31724      -1.8935       0.9409    2.2204e-16      -1.8935
_SET1_   55536         7   21930517   22020542    243      36  30969      -1.0933       0.7989    2.2204e-16      -1.0933
_SET1_   4852          7   24288807   24341484    148      11  31800     -0.66344      0.63216    2.2204e-16     -0.66344
_SET1_   26031         7   24826159   25054818    431      54  31653       1.5134      0.02809    2.2204e-16       1.5134
_SET1_   136895        7   25154819   25254966    259      17  31813       2.5826     0.001541    4.4409e-16       2.5826
_SET1_   9586          7   28303940   28875511    903     112  31487      -1.9912      0.92237    2.2204e-16      -1.9912
_SET1_   644150        7   29811170   29966682    302      24  31711     -0.10436      0.38638    2.6368e-16     -0.10436
_SET1_   9805          7   29949719   30064905    125      11  31253      -1.0812      0.79534    2.2204e-16      -1.0812
_SET1_   84725         7   30032977   30167961    162       6  31642       -1.239      0.82892    2.2204e-16       -1.239
_SET1_   1395          7   30681559   30774719    152      22  31446      -1.6796       0.9185    2.2204e-16      -1.6796
_SET1_   223075        7   31518685   31708334    278      13  31771     -0.17134      0.41741    2.7756e-16     -0.17134
_SET1_   10842         7   31691631   31758069     54       9  31719     -0.33869      0.51345    2.7756e-16     -0.33869
_SET1_   989           7   35805596   35956715     42       6  31588     0.028814      0.37267    2.7062e-16     0.028814
_SET1_   80820         7   36157836   36351152    396      39  31583     -0.51702      0.54803    2.2204e-16     -0.51702
_SET1_   2737          7   41990547   42312469    337      35  31156       1.3484     0.047467    2.2204e-16       1.3484
_SET1_   23072         7   43117198   43613213    826      84  31416     -0.52601      0.49522    2.2204e-16     -0.52601
_SET1_   9263          7   43587692   43676978     87      11  31464     -0.59059      0.62509    2.2204e-16     -0.59059
_SET1_   94239         7   44856488   44922725    112       8  31480      0.69753      0.16238    2.2204e-16      0.69753
_SET1_   55915         7   55398141   55511435    202      13  31710      -2.1985      0.96826    4.4409e-16      -2.1985
_SET1_   81552         7   55528303   55675200    201      15  31347     0.037652      0.36726    2.7062e-16     0.037652
_SET1_   154807        7   65303257   65434545    200      12  31812      0.36415      0.23459    2.7756e-16      0.36415
_SET1_   9275          7   72940683   73007065     27       4  31442       0.7149      0.15941    2.2204e-16       0.7149
_SET1_   3092          7   75152619   75403290    443      35  31225      -0.7789       0.6515    2.2204e-16      -0.7789
_SET1_   4191          7   75642182   75706826    115       9  31713     -0.55322      0.59802    2.2204e-16     -0.55322
_SET1_   7532          7   75946108   76023342    100      11  31444       2.1026    0.0087334    4.4409e-16       2.1026
_SET1_   54677         7   86939951   87039112    101      10  31366      0.93488      0.11385    2.2204e-16      0.93488
_SET1_   10926         7   87470544   87548856     58       6  31451      0.46137      0.23039    2.7756e-16      0.46137
_SET1_   1021          7   92224235   92500941    198      20  31795      0.76582      0.13137    2.2204e-16      0.76582
_SET1_   4885          7   98211597   98269181     58      10  31672      0.74997      0.14519    2.2204e-16      0.74997
_SET1_   55262         7   99742043   99791338     60       7  30969       1.5859     0.035796    2.2204e-16       1.5859
_SET1_   56257         7   99991321  100041749     51       4  31445       2.1071    0.0090967    4.4409e-16       2.1071
_SET1_   7425          7  100795790  100845862     76      10  31829      -2.9007      0.99511    4.4409e-16      -2.9007
_SET1_   10467         7  100825985  100877471    108       9  31600      0.48402      0.21554    2.7756e-16      0.48402
_SET1_   1523          7  101424184  101937250    517      30  31789       1.0925     0.053761    2.2204e-16       1.0925
_SET1_   222236        7  102730023  102826081     91      10  31615       1.1021     0.080042    2.2204e-16       1.1021
_SET1_   3475          7  112028199  112127258    214      18  31046     -0.41111      0.55219    2.7756e-16     -0.41111
_SET1_   64101         7  127657124  127706002     37       7  31764        1.261     0.056654    2.2204e-16        1.261
_SET1_   4899          7  129216555  129406922    251      19  31680      0.66805      0.14976    2.2204e-16      0.66805
_SET1_   154791        7  138990196  139041065     93       6  31414       2.1547    0.0076413    4.4409e-16       2.1547
_SET1_   4708          7  140361481  140416446     55       1  31844      -1.0537      0.78546    2.2204e-16      -1.0537
_SET1_   100507421     7  140739032  141190180    560      50  31496      -1.2615      0.78901    2.2204e-16      -1.2615
_SET1_   2051          7  142517776  142578847    102       5  31686       -1.347      0.85257    2.2204e-16       -1.347
_SET1_   9747          7  143538461  143634278     68       9  31583       1.1536     0.074979    2.2204e-16       1.1536
_SET1_   6522          7  150720299  150783614     85      16  31660       1.1568     0.072076    2.2204e-16       1.1568
_SET1_   1020          7  150740899  150790052     49      10  31610      0.97168       0.1029    2.2204e-16      0.97168
_SET1_   116988        7  150747918  150851523    113      16  31713       0.5795      0.18809    2.2204e-16       0.5795
_SET1_   2636          7  150835676  150899867     73      11  31759       0.4863      0.21289    2.7756e-16       0.4863
_SET1_   6604          7  150926059  151009231    109      16  31365     -0.33395      0.52166    2.7756e-16     -0.33395
_SET1_   6009          7  151153098  151252010    139      15  31223       1.0498     0.094895    2.2204e-16       1.0498
_SET1_   7516          7  152333583  152408250    151      18  31827     -0.56199      0.59057    2.2204e-16     -0.56199
_SET1_   101928058     8    1910830    1957833    100       7  31774     -0.91312      0.72567    2.2204e-16     -0.91312
_SET1_   83648         8   11268972   11359276    171      11  31704      0.46797      0.21281    2.7756e-16      0.46797
_SET1_   29883         8   17076737   17139387    118      13  32737       0.3075      0.22827    2.7756e-16       0.3075
_SET1_   11178         8   20093676   20196492    160      32  31666       2.9287   0.00061672    4.4409e-16       2.9287
_SET1_   9796          8   22067216   22124851     53      11  31664     -0.23903      0.47357    2.7756e-16     -0.23903
_SET1_   1960          8   22535172   22585815     70       9  31786     -0.30138      0.49768    2.7756e-16     -0.30138
_SET1_   23221         8   22809930   22887710     72      14  31387     -0.72016      0.67471    2.2204e-16     -0.72016
_SET1_   91782         8   23066150   23129512    107      11  31437      0.82893      0.13609    2.2204e-16      0.82893
_SET1_   203069        8   23110442   23163792    137      22  31722      -1.2969      0.83688    2.2204e-16      -1.2969
_SET1_   55246         8   27580833   27665170    235      10  31461     -0.68579      0.63962    2.2204e-16     -0.68579
_SET1_   157570        8   27597057   27680141    256       8  31502     -0.61541      0.60928    2.2204e-16     -0.61541
_SET1_   3084          8   31461820   32632558   1919      72  31648      -1.4946      0.70509    2.2204e-16      -1.4946
_SET1_   11212         8   37584680   37647286      9       2  31490      -1.1681      0.80679    2.2204e-16      -1.1681
_SET1_   9070          8   37927483   38007598     73       4  31619      0.76217      0.14935    2.2204e-16      0.76217
_SET1_   6422          8   41109476   41201990    139      17  31742     -0.24103      0.47121    2.7756e-16     -0.24103
_SET1_   84296         8   41351725   41412565    101      13  31199   -0.0053657       0.4002    2.6975e-16   -0.0053657
_SET1_   5423          8   42160973   42239331     45       2  31844      -1.0703      0.78187    2.2204e-16      -1.0703
_SET1_   8601          8   54729368   54881863    178      17  31814       0.5503      0.18503    2.2204e-16       0.5503
_SET1_   79145         8   57089315   57141178     20       6  26840       1.0981      0.16955    2.2204e-16       1.0981
_SET1_   137886        8   59288823   59374060    214      25  31590    -0.093619      0.40687    2.6368e-16    -0.093619
_SET1_   286183        8   63126501   63922211   1626      61  31563       1.6365    0.0043894    2.2204e-16       1.6365
_SET1_   1392          8   67078612   67125846     22       3  31790     -0.95632      0.74104    2.2204e-16     -0.95632
_SET1_   23212         8   67306263   67352968     79       9  27357       1.8654     0.040837    2.2204e-16       1.8654
_SET1_   137872        8   67309693   67394260    168      16  27100       1.6019     0.069646    2.2204e-16       1.6019
_SET1_   254778        8   67370491   67440759    112      13  26265       1.5855     0.083706    2.2204e-16       1.5855
_SET1_   23678         8   67589653   67784257    202       4  20493     -0.11927      0.63806    2.6368e-16     -0.11927
_SET1_   389668        8   71546600   71658177    152       4  31812      0.75291      0.14098    2.2204e-16      0.75291
_SET1_   9312          8   73414626   73860584    627      31  31643      0.87797     0.076229    2.2204e-16      0.87797
_SET1_   79776         8   77558515   77789521    324      22  30916      -1.0451      0.76717    2.2204e-16      -1.0451
_SET1_   55824         8   81870045   82059303    187      31  31715       1.9676     0.011172    2.2204e-16       1.9676
_SET1_   54704         8   94894083   94948296    112      10  31537     0.086767       0.3546    2.6368e-16     0.086767
_SET1_   54845         8   95618364   95729694    251      12  31574      -1.0589      0.76467    2.2204e-16      -1.0589
_SET1_   137682        8   96002209   96125685     52       6  31425     -0.37857      0.54207    2.7756e-16     -0.37857
_SET1_   392255        8   97144558   97208020     60       5  31755      0.50367      0.21061    2.2204e-16      0.50367
_SET1_   55074         8  107247406  107774922    947      49  31583     -0.79168      0.52808    2.2204e-16     -0.79168
_SET1_   7227          8  116410724  116748299    156      18  31687      0.24273      0.28877    2.7756e-16      0.24273
_SET1_   441376        8  117915464  117966239    139      14  31841        2.355    0.0036304    4.4409e-16        2.355
_SET1_   401474        8  119191694  119669184    847      60  30085      0.14644      0.26886    2.7756e-16      0.14644
_SET1_   93594         8  124049920  124174393    159      18  31501      -1.2653      0.83158    2.2204e-16      -1.2653
_SET1_   29028         8  124322090  124443705     82       6  31673      -1.1688      0.81251    2.2204e-16      -1.1688
_SET1_   3786          8  133123105  133528004    767      74  31639       1.1141     0.048111    2.2204e-16       1.1141
_SET1_   169044        8  139590478  139961236    618      59  31517       1.9168    0.0081546    2.2204e-16       1.9168
_SET1_   23237         8  143682405  143730833    114      11  31782     -0.67715      0.64206    2.2204e-16     -0.67715
_SET1_   286075        8  144731622  144787672     68       8  31626    -0.012549      0.39164    2.6888e-16    -0.012549
_SET1_   4796          8  145644163  145704871    104       8  31408      0.62246      0.18801    2.2204e-16      0.62246
_SET1_   9401          8  145726667  145778210     29       3  31844      0.69405      0.16222    2.2204e-16      0.69405
_SET1_   6132          8  146005152  146052805     79       6  31844       1.3958     0.044969    2.2204e-16       1.3958
_SET1_   90865         9    6180149    6267983     47       5  31570     -0.23715      0.48619    2.7756e-16     -0.23715
_SET1_   2731          9    6522464    6680692    373      34  31504      -0.5407       0.5629    2.2204e-16      -0.5407
_SET1_   25769         9   19497450   19824059    411      44  31386    -0.096793      0.38972    2.6368e-16    -0.096793
_SET1_   79817         9   27315207   27565223    411      47  31606     -0.82542      0.66764    2.2204e-16     -0.82542
_SET1_   138474        9   32619452   32670667     47       5  31705      0.22139      0.30262    2.7756e-16      0.22139
_SET1_   55234         9   33031850   33111714    180      16  31661      0.64583      0.16384    2.2204e-16      0.64583
_SET1_   55833         9   33911691   34083947    256       8  31762       1.4144     0.036652    2.2204e-16       1.4144
_SET1_   203259        9   34388182   34493568    152      18  30557     -0.19561      0.49858    2.7756e-16     -0.19561
_SET1_   375704        9   34511040   34558037     41       9  31832      0.84153      0.12175    2.2204e-16      0.84153
_SET1_   1271          9   34541425   34625713     96      13  31476       1.4132     0.044967    2.2204e-16       1.4132
_SET1_   23349         9   34922484   34992541     92      13  31636     -0.41771      0.54656    2.7756e-16     -0.41771
_SET1_   25822         9   34954638   35008430     56      10  31790      -0.6407       0.6266    2.2204e-16      -0.6407
_SET1_   9853          9   35455007   35571895    110      14  31199     -0.72135      0.68079    2.2204e-16     -0.72135
_SET1_   9827          9   35714277   35763264     29       6  31707      0.38003      0.24572    2.7756e-16      0.38003
_SET1_   51754         9   35794222   35864844     90       9  31266       1.2209     0.070614    2.2204e-16       1.2209
_SET1_   152006        9   36326395   36522568    201      22  30750      0.55822      0.21392    2.2204e-16      0.55822
_SET1_   9833          9   36537859   36687680     59       7  30147       2.8784    0.0013052    4.4409e-16       2.8784
_SET1_   219           9   38357661   38408662    124      25  31448     -0.69076      0.66177    2.2204e-16     -0.69076
_SET1_   320           9   72032448   72322275    297      12  31420     0.018536      0.35509    2.7062e-16     0.018536
_SET1_   138199        9   77585936   77678326    139      11  31490      0.31143      0.27219    2.7756e-16      0.31143
_SET1_   7088          9   84188598   84338596    252      44  31837       1.0962     0.075604    2.2204e-16       1.0962
_SET1_   414328        9   86202964   86269045    114      12  31768       0.7626      0.13823    2.2204e-16       0.7626
_SET1_   29979         9   86264878   86358168    177      14  31404      0.90901       0.1121    2.2204e-16      0.90901
_SET1_   60560         9   88521009   88648350     55       5  31647     -0.21014      0.47306    2.7756e-16     -0.21014
_SET1_   10507         9   91965706   92147906    344      32  31394      -1.5645      0.88526    2.2204e-16      -1.5645
_SET1_   10912         9   92184913   92231470    128      11  31535      0.37316      0.24931    2.7756e-16      0.37316
_SET1_   54769         9   93362114   93440108    200      24  31584     -0.81721       0.6887    2.2204e-16     -0.81721
_SET1_   101929748     9   95557667   95605649     81      10  31679      -1.5453      0.89393    2.2204e-16      -1.5453
_SET1_   65268         9   95911437   96092854    323      23  31711     -0.37835      0.49131    2.7756e-16     -0.37835
_SET1_   23196         9   96179173   96338397    282      13  32893      0.63535       0.1242    2.2204e-16      0.63535
_SET1_   158293        9   96198776   96250874     94      10  32255      0.80998      0.11953    2.2204e-16      0.80998
_SET1_   1515          9   99781959   99836925    102       6  31844     -0.49675      0.57536    2.7756e-16     -0.49675
_SET1_   54886         9  103756031  104097417    700      42  31477     -0.32983       0.4058    2.7756e-16     -0.32983
_SET1_   116443        9  104321634  104535862    521      22  31549      -2.2328      0.95885    4.4409e-16      -2.2328
_SET1_   9128          9  116002914  116066079    139      13  31597     -0.24612      0.47554    2.7756e-16     -0.24612
_SET1_   3371          9  117771854  117915536    381      30  31638    -0.022396      0.34958    2.7062e-16    -0.022396
_SET1_   26190         9  123509254  123590740     70       5  31575      0.90897      0.11641    2.2204e-16      0.90897
_SET1_   26147         9  123607929  123692168    146      10  31363     -0.17968      0.46125    2.7756e-16     -0.17968
_SET1_   92400         9  124991834  125062143     11       3  31388     -0.84082      0.70507    2.2204e-16     -0.84082
_SET1_   286204        9  126083448  126151034    130      19  31538       1.2162     0.065694    2.2204e-16       1.2162
_SET1_   57706         9  126131933  126727423    912      42  30910       1.2864     0.026838    2.2204e-16       1.2864
_SET1_   9355          9  126738889  126805572    126      17  31073       3.0944   0.00041941    4.4409e-16       3.0944
_SET1_   29988         9  130124417  130180177    127      16  31517       1.7424     0.020756    2.2204e-16       1.7424
_SET1_   6136          9  130199953  130248711    102       6  31805    -0.073248      0.40836    2.6368e-16    -0.073248
_SET1_   27433         9  130483803  130532628     83       5  31844      0.22988      0.29349    2.7756e-16      0.22988
_SET1_   30815         9  130637600  130704010     90      16  31383      0.94073      0.11279    2.2204e-16      0.94073
_SET1_   203245        9  130813512  130864600    108       3  31258     -0.30434      0.52669    2.7756e-16     -0.30434
_SET1_   79095         9  130887539  130936207     19       6  30237        -1.69       0.9359    2.2204e-16        -1.69
_SET1_   51490         9  131571930  131627299    113       9  32853      0.25302      0.24224    2.7756e-16      0.25302
_SET1_   56904         9  131760313  131825604     74      12  31303      0.91074      0.11931    2.2204e-16      0.91074
_SET1_   83543         9  133936863  134008539    134      13  31568      -1.3347      0.85104    2.2204e-16      -1.3347
_SET1_   84628         9  135002334  135128224    209      35  31745     -0.50696      0.57413    2.2204e-16     -0.50696
_SET1_   6835          9  136188421  136238041     94       7  31625      0.63304      0.17553    2.2204e-16      0.63304
_SET1_   11091         9  136965801  137035094    110       9  31255       0.8701      0.13168    2.2204e-16       0.8701
_SET1_   10439         9  137932089  138023030    289      32  30787     -0.79062      0.70034    2.2204e-16     -0.79062
_SET1_   26086         9  139186932  139264057     79       9  31635     -0.11378      0.42864    2.6368e-16     -0.11378
_SET1_   728489        9  139246352  139303111    142       8  31828      -1.1188      0.78487    2.2204e-16      -1.1188
_SET1_   4851          9  139378896  139475238     47      10  31596      -1.6077      0.90454    2.2204e-16      -1.6077
_SET1_   7186          9  139741341  139831853     26       6  31259      -0.9411      0.74765    2.2204e-16      -0.9411
_SET1_   89958         9  139946579  140000028     59       6  31582      0.60698      0.18862    2.2204e-16      0.60698
_SET1_   441478        9  140184083  140231703      4       1  31605      -1.2728      0.84199    2.2204e-16      -1.2728
_SET1_   22884        10    1060423    1188237    244      24  31400      0.10023      0.33666    2.6368e-16      0.10023
_SET1_   55388        10   13168554   13263104    162      29  29078       1.2398      0.10091    2.2204e-16       1.2398
_SET1_   22929        10   13349428   13425298    155      19  31075      -1.3536      0.86338    2.2204e-16      -1.3536
_SET1_   100505502    10   31641728   31688006     43       7  29339       1.4213     0.068882    2.2204e-16       1.4213
_SET1_   8325         10   35917177   35965362     76       8  25049     -0.35962      0.74731    2.7756e-16     -0.35962
_SET1_   11130        10   58107016   58156063     55       8  31795     -0.27281      0.48162    2.7756e-16     -0.27281
_SET1_   84457        10   60901348   61017815    106       7  30721      0.61567      0.20833    2.2204e-16      0.61567
_SET1_   8030         10   61538505   61701414    310      16  31714      -1.2756      0.80833    2.2204e-16      -1.2756
_SET1_   219790       10   63932794   64063570     65       3  31243       0.3527      0.27916    2.7756e-16       0.3527
_SET1_   84890        10   64529516   64578239     76      10  31457        2.168    0.0072641    4.4409e-16        2.168
_SET1_   55222        10   72048726   72177406    289      24  31349     -0.33389      0.49798    2.7756e-16     -0.33389
_SET1_   119504       10   73940758   74005618    109       3  31813      -1.2998      0.84094    2.2204e-16      -1.2998
_SET1_   5532         10   75186563   75290782     49       2  31775       1.8342     0.017678    2.2204e-16       1.8342
_SET1_   132          10   75875943   76479061    703      14  31454       -2.402      0.96388    4.4409e-16       -2.402
_SET1_   9231         10   79540549   79721348    402      17  31659   -0.0020883      0.33088    2.6932e-16   -0.0020883
_SET1_   57178        10   80793751   81086285    613      93  31491       2.1492    0.0055698    4.4409e-16       2.1492
_SET1_   80195        10   81803402   81862307    106       6  29987      0.79153      0.18204    2.2204e-16      0.79153
_SET1_   5995         10   85969809   86028944     89      12  31797      0.35043      0.24994    2.7756e-16      0.35043
_SET1_   6623         10   88682504   88733017     62       8  31812     -0.65819      0.63274    2.2204e-16     -0.65819
_SET1_   10556        10   92596709   92678312     86       8  30933    -0.040678      0.43119    2.7062e-16    -0.040678
_SET1_   143282       10   93656345   93704258     52       6  31844     0.050024      0.35931    2.7062e-16     0.050024
_SET1_   51196        10   95718746   96098149    510      44  31180     -0.20169      0.41767    2.7756e-16     -0.20169
_SET1_   3070         10   96270535   96372628    156      11  31642     -0.98459      0.74631    2.2204e-16     -0.98459
_SET1_   5223         10   99151027   99203198     98       9  31172      0.76625      0.15604    2.2204e-16      0.76625
_SET1_   84287        10   99170900   99227127     74      11  31360       0.7782      0.14759    2.2204e-16       0.7782
_SET1_   83742        10   99438465   99487909     77      13  31075     -0.30473      0.52952    2.7756e-16     -0.30473
_SET1_   56652        10  102712293  102764159     11       2  31844       2.0047    0.0096364    4.4409e-16       2.0047
_SET1_   8945         10  103078790  103327078    342      10  31293       2.4743    0.0021977    4.4409e-16       2.4743
_SET1_   79946        10  104199594  104246300     60       8  32465       4.0921   3.7084e-06             0       4.0921
_SET1_   119391       10  105993174  106069176    104      13  31355      0.57179      0.19781    2.2204e-16      0.57179
_SET1_   2018         10  119266956  119319057     45       4  31784      0.17847      0.32101    2.7756e-16      0.17847
_SET1_   2263         10  123227844  123392972    248      37  31162       1.1014     0.084048    2.2204e-16       1.1014
_SET1_   118672       10  124704556  124759906     89       6  31725      0.28312      0.28271    2.7756e-16      0.28312
_SET1_   9679         10  126297861  126467930    200      19  31476      -1.8948      0.94311    2.2204e-16      -1.8948
_SET1_   1793         10  128733965  129260780   1126      86  31716      0.42997      0.11679    2.7756e-16      0.42997
_SET1_   642938       10  128923690  129029436    125      14  31653       1.5508      0.03104    2.2204e-16       1.5508
_SET1_   4288         10  129884923  129959468    235      25  31734     -0.55565      0.57881    2.2204e-16     -0.55565
_SET1_   10570        10  133963564  134029280     93      12  31180       1.1766     0.075978    2.2204e-16       1.1766
_SET1_   503542       10  135224170  135273623     66       5  31844     -0.20822      0.46318    2.7756e-16     -0.20822
_SET1_   3265         11     522242     570561    128       9  31462      0.39341       0.2464    2.7756e-16      0.39341
_SET1_   10522        11     634225     730740    187      14  31628     -0.80806      0.68508    2.2204e-16     -0.80806
_SET1_   51286        11     777110     825126     55       7  31076     -0.83086      0.72807    2.2204e-16     -0.83086
_SET1_   79751        11     780475     833269     59       7  31190     -0.90798      0.74912    2.2204e-16     -0.90798
_SET1_   4588         11    1002824    1071706     93      12  31740     -0.23821      0.47372    2.7756e-16     -0.23821
_SET1_   101927503    11    1014884    1065749     52       9  31671      -1.2609      0.83339    2.2204e-16      -1.2609
_SET1_   54472        11    1285598    1365892     28       4  31183       1.7618     0.022058    2.2204e-16       1.7618
_SET1_   9024         11    1376129    1493919    203      16  31787      0.26945      0.27088    2.7756e-16      0.26945
_SET1_   390059       11    5375607    5421664    241      15  31822       1.5913     0.024791    2.2204e-16       1.5913
_SET1_   390067       11    5555791    5601753    184      13  31788      0.60813      0.16863    2.2204e-16      0.60813
_SET1_   322          11    6406355    6475644     52       8  31737      -2.1999      0.97025    4.4409e-16      -2.1999
_SET1_   23647        11    6485913    6537709     90       6  31688      -1.0416      0.77006    2.2204e-16      -1.0416
_SET1_   6881         11    6622048    6668475     82       8  31720      -1.3286      0.84886    2.2204e-16      -1.3286
_SET1_   4004         11    8235851    8325182    165      29  31728     -0.71006      0.65543    2.2204e-16     -0.71006
_SET1_   9646         11   10737749   10811295     88      15  31759     -0.73372       0.6649    2.2204e-16     -0.73372
_SET1_   1982         11   10808593   10865582     31       2  31800      0.58156      0.19707    2.2204e-16      0.58156
_SET1_   27122        11   11974543   12066373    230      33  31439      -1.5032      0.88385    2.2204e-16      -1.5032
_SET1_   55742        11   12362988   12566903    355      58  31517     -0.62655      0.61935    2.2204e-16     -0.62655
_SET1_   644943       11   12995970   13043653     96       6  31844     -0.48712      0.57491    2.7756e-16     -0.48712
_SET1_   79733        11   19235610   19298202     33       7  31171       1.6194     0.030716    2.2204e-16       1.6194
_SET1_   57084        11   22324667   22411049    169      23  31787      -1.1496      0.79467    2.2204e-16      -1.1496
_SET1_   744          11   30396040   30643260    345      26  31775       1.2161     0.051785    2.2204e-16       1.2161
_SET1_   120526       11   31356377   31464382    118      10  31263     -0.05115      0.41509    2.7062e-16     -0.05115
_SET1_   26610        11   31496297   31816073    252       8  30922     -0.48618       0.5852    2.7756e-16     -0.48618
_SET1_   5080         11   31796340   31874509     87      10  30999     -0.77064      0.70889    2.2204e-16     -0.77064
_SET1_   5954         11   32077477   32137272     90       8  31819      0.72989      0.14956    2.2204e-16      0.72989
_SET1_   25841        11   34162534   34414555    403      51  31704       2.5819    0.0014953    4.4409e-16       2.5819
_SET1_   6506         11   35262752   35476610    497      37  31564     -0.65696      0.57866    2.2204e-16     -0.65696
_SET1_   24147        11   35604735   35652421     78      16  31036     0.070077      0.37956    2.6368e-16     0.070077
_SET1_   54765        11   35649353   35840930    233      18  31051     -0.23378      0.47722    2.7756e-16     -0.23378
_SET1_   29099        11   36283842   36345999    169      21  31678      -0.2502         0.47    2.7756e-16      -0.2502
_SET1_   90993        11   46264189   46352972    109      16  32898       1.6817     0.016291    2.2204e-16       1.6817
_SET1_   1132         11   46395335   46448122     18       3  49326        2.439   0.00063337    4.4409e-16        2.439
_SET1_   4038         11   46868268   46975173     51       4  31844      0.91594      0.11262    2.2204e-16      0.91594
_SET1_   79096        11   46923240   47195932    211       9  31792       1.5762     0.026629    2.2204e-16       1.5762
_SET1_   29763        11   47189073   47243010     60       5  31779       1.6141      0.02764    2.2204e-16       1.6141
_SET1_   2346         11   49158187   49265222    195       9  31712       1.6739     0.022133    2.2204e-16       1.6739
_SET1_   219527       11   56914221   56969188     89      11  31435       1.6452      0.02732    2.2204e-16       1.6452
_SET1_   374393       11   58839658   58904888     89      10  31628      -2.7506      0.99287    4.4409e-16      -2.7506
_SET1_   54948        11   59563608   59613345     60       4  30115    -0.053899       0.4913    2.7062e-16    -0.053899
_SET1_   747          11   61412905   61524474    144      15  31229      0.06018      0.37175    2.7062e-16      0.06018
_SET1_   2237         11   61525109   61574716     39       4  31777     -0.98946      0.75899    2.2204e-16     -0.98946
_SET1_   2495         11   61721757   61770132     91      10  31387      -1.1476      0.81047    2.2204e-16      -1.1476
_SET1_   3619         11   61856445   61930635    180      10  31315     0.027397      0.37484    2.7062e-16     0.027397
_SET1_   2785         11   62440066   62486678     43       4  31833      0.61713      0.17664    2.2204e-16      0.61713
_SET1_   26580        11   62447734   62512091     66       4  31372      0.37982      0.26323    2.7756e-16      0.37982
_SET1_   10313        11   63413922   63537363     11       3  20491       1.0452      0.19423    2.2204e-16       1.0452
_SET1_   2011         11   63571400   63688492     52       9  31152       1.1331      0.08373    2.2204e-16       1.1331
_SET1_   283248       11   63668693   63719407     37       6  31569      0.77521        0.147    2.2204e-16      0.77521
_SET1_   9379         11   64363646   64525660    152      14  31401     -0.87954      0.72383    2.2204e-16     -0.87954
_SET1_   4221         11   64560986   64613766     51       7  30574     -0.31123      0.55831    2.7756e-16     -0.31123
_SET1_   29907        11   64759880   64818044     58       7  31633      0.52619      0.20461    2.2204e-16      0.52619
_SET1_   113130       11   64823772   64886635     65       8  30397    -0.095614      0.47241    2.6368e-16    -0.095614
_SET1_   23625        11   65304820   65351669     44       7  31147       1.5289     0.037861    2.2204e-16       1.5289
_SET1_   84285        11   65754016   65804637    140      16  31708      0.48825       0.2093    2.7756e-16      0.48825
_SET1_   64837        11   65989765   66045332     59       7  31647       1.6487       0.0262    2.2204e-16       1.6487
_SET1_   254263       11   66010672   66061685     47       6  31802       1.5607     0.030838    2.2204e-16       1.5607
_SET1_   78999        11   66589558   66637946     24       8  31306       1.6096     0.029079    2.2204e-16       1.6096
_SET1_   156          11   66998905   67064029     38       5  31844      -0.6471      0.63136    2.2204e-16      -0.6471
_SET1_   5499         11   67155652   67204376     63       8  30192      -1.6186      0.92993    2.2204e-16      -1.6186
_SET1_   53838        11   68018803   68074469     54       7  31716     -0.87215      0.71613    2.2204e-16     -0.87215
_SET1_   3508         11   68636319   68718070    119      10  31556     -0.82574      0.70158    2.2204e-16     -0.82574
_SET1_   3636         11   71899916   71960191    103      14  31787       1.1055     0.076217    2.2204e-16       1.1055
_SET1_   81570        11   71993469   72180724    232      15  31460      0.93015      0.10234    2.2204e-16      0.93015
_SET1_   89849        11   72490451   72563793     80       7  31003       1.7366     0.025457    2.2204e-16       1.7366
_SET1_   283209       11   74031361   74144502    186      11  31665       1.0423     0.085808    2.2204e-16       1.0423
_SET1_   25884        11   74397474   74477227     94      11  31778     -0.35251      0.51935    2.7756e-16     -0.35251
_SET1_   283212       11   75123438   75176674     59       7  30435     -0.60821      0.67008    2.2204e-16     -0.60821
_SET1_   5058         11   77023060   77220108    292      12  31783     -0.72543      0.63055    2.2204e-16     -0.72543
_SET1_   9440         11   93482405   93556496    122      10  31806     -0.97225      0.74076    2.2204e-16     -0.97225
_SET1_   80310        11  103767914  104070027    529      36  31708      0.32016      0.20861    2.7756e-16      0.32016
_SET1_   414301       11  103872308  103919922     71       6  31837     -0.41703      0.54627    2.7756e-16     -0.41703
_SET1_   85458        11  111762868  111903374     74       4  31769      -1.7348      0.92696    2.2204e-16      -1.7348
_SET1_   120406       11  114514200  114589357    129      11  31425      0.79362      0.14065    2.2204e-16      0.79362
_SET1_   23621        11  117146402  117221972    106      19  31384      0.44477      0.23498    2.7756e-16      0.44477
_SET1_   22897        11  117149792  117293982    213      26  31296       1.1778     0.069999    2.2204e-16       1.1778
_SET1_   9854         11  118942771  118998304    103      13  30336     -0.54847      0.65207    2.2204e-16     -0.54847
_SET1_   3014         11  118954580  119001177     79      10  31091      -1.5643      0.90884    2.2204e-16      -1.5643
_SET1_   79102        11  119170210  119218024     27       6  31597     0.042996      0.36612    2.7062e-16     0.042996
_SET1_   5818         11  119498808  119634435    342      29  31615      0.62741      0.15504    2.2204e-16      0.62741
_SET1_   57476        11  123290191  123508478    343      44  31874       2.5598    0.0015925    4.4409e-16       2.5598
_SET1_   84897        11  124457742  124515822     86      11  30223       3.2442   0.00034427    4.4409e-16       3.2442
_SET1_   4900         11  124574829  124627102     60      11  32121       1.7255     0.018468    2.2204e-16       1.7255
_SET1_   9538         11  125404298  125464575     65       6  31018     -0.73225      0.69507    2.2204e-16     -0.73225
_SET1_   1111         11  125460031  125556150    192      12  31245      0.86947       0.1231    2.2204e-16      0.86947
_SET1_   9743         11  128824955  129097093    413      19  31375      0.60374       0.1537    2.2204e-16      0.60374
_SET1_   4798         11  129723670  129800490    126      18  31784      -2.2812      0.97507    4.4409e-16      -2.2812
_SET1_   4978         11  132274875  133437403   2124     186  32032      0.64322     0.054224    2.2204e-16      0.64322
_SET1_   144699       12    1665159    1738331    104      19  30115       1.4492     0.056076    2.2204e-16       1.4492
_SET1_   654429       12    1894433    1955919     75      11  31380     -0.51682      0.59968    2.2204e-16     -0.51682
_SET1_   2305         12    2956846    3021321    144       6  31836      -1.4742       0.8779    2.2204e-16      -1.4742
_SET1_   894          12    4347901    4424522     83      20  31612      0.51962      0.20819    2.2204e-16      0.51962
_SET1_   4704         12    4723264    4806720    231      22  31688     -0.45634      0.54433    2.7756e-16     -0.45634
_SET1_   2597         12    6608585    6657537     98       9  31821       1.8725     0.014572    2.2204e-16       1.8725
_SET1_   196500       12    6792957    6845009     43       6  31794        1.464     0.037247    2.2204e-16        1.464
_SET1_   50813        12    6798150    6851041     65       6  31767       1.0933     0.080136    2.2204e-16       1.0933
_SET1_   5763         12    6840255    6890118    108      11  31668       1.5779     0.029591    2.2204e-16       1.5779
_SET1_   8079         12    6847158    6897721    109      14  31396       1.4899     0.038622    2.2204e-16       1.4899
_SET1_   8078         12    6926285    6985796     89      19  29640      0.54845      0.26451    2.2204e-16      0.54845
_SET1_   83461        12    6947972    6996128     66       8  29848      0.68701      0.21599    2.2204e-16      0.68701
_SET1_   55359        12   10761538   10861917    172      19  31791       2.2997    0.0041497    4.4409e-16       2.2997
_SET1_   100129361    12   11288780   11338619      8       1  31844       1.1585     0.068542    2.2204e-16       1.1585
_SET1_   79370        12   12188873   12262629    176      27  31683     -0.69648      0.64939    2.2204e-16     -0.69648
_SET1_   53919        12   20813289   20916320    114      15  31674     -0.97135       0.7464    2.2204e-16     -0.97135
_SET1_   55907        12   22164108   22228608     95      12  31805      0.11107      0.33444    2.6368e-16      0.11107
_SET1_   57542        12   27898187   27965973    135      12  31572      -1.2787      0.83631    2.2204e-16      -1.2787
_SET1_   160518       12   31525157   31778952    445      22  30479     -0.73357      0.65348    2.2204e-16     -0.73357
_SET1_   784          12   49173215   49232726      3       1  31392     -0.49624      0.56733    2.7756e-16     -0.49624
_SET1_   377          12   49319987   49386309     78       2  31544      -3.1221      0.99812    4.4409e-16      -3.1221
_SET1_   10376        12   49511565   49560304     46       1  31844      -0.3757      0.55038    2.7756e-16      -0.3757
_SET1_   10024        12   49681971   49735514     76       5  31657      -1.3415      0.86483    2.2204e-16      -1.3415
_SET1_   23416        12   49897834   49962091     30       3  31653     -0.84807      0.71481    2.2204e-16     -0.84807
_SET1_   29127        12   50372945   50460586    109       8  29847       1.7524     0.031652    2.2204e-16       1.7524
_SET1_   81566        12   51444988   51512454    130      12  31642     -0.65123       0.6338    2.2204e-16     -0.65123
_SET1_   7024         12   51477539   51601926    234      18  31656      -1.3722      0.84691    2.2204e-16      -1.3722
_SET1_   9700         12   53627083   53697427     68       8  31840      -1.2372      0.82023    2.2204e-16      -1.2372
_SET1_   6895         12   53858557   53910215     27       8  31753      0.31863      0.25962    2.7756e-16      0.31863
_SET1_   5502         12   54959176   55017451     50      13  30447       1.2107     0.082652    2.2204e-16       1.2107
_SET1_   58158        12   55378729   55433801     71       9  31771      0.58204      0.18677    2.2204e-16      0.58204
_SET1_   85406        12   56204744   56259337     13       4  31344      0.70358      0.15785    2.2204e-16      0.70358
_SET1_   140465       12   56511040   56561771     23       6  28776      0.43776      0.32874    2.7756e-16      0.43776
_SET1_   79035        12   56580813   56633638     28       4  31487     -0.52638      0.59983    2.2204e-16     -0.52638
_SET1_   10193        12   56586288   56650753     40       5  31516     -0.93747      0.74828    2.2204e-16     -0.93747
_SET1_   93058        12   56625642   56674750     37       2  31760      -1.7542      0.93512    2.2204e-16      -1.7542
_SET1_   6472         12   57588356   57638718     78      13  31113       1.1478     0.082381    2.2204e-16       1.1478
_SET1_   3798         12   57908812   57990416    104      13  31760     -0.43553      0.54611    2.7756e-16     -0.43553
_SET1_   1594         12   58146117   58195976     43       3  31223      -1.1798      0.83049    2.2204e-16      -1.1798
_SET1_   4234         12   58152254   58200914     47       3  31191      -1.0521       0.7976    2.2204e-16      -1.0521
_SET1_   8445         12   68007512   68066444     42       8  30955     -0.10455       0.4543    2.6368e-16     -0.10455
_SET1_   10576        12   69944206   70020595     99       7  31844      -1.5402      0.89121    2.2204e-16      -1.5402
_SET1_   27345        12   70725062   70838072    208      25  31319      0.91578      0.11292    2.2204e-16      0.91578
_SET1_   5801         12   71021853   71349584    494      46  31567      0.20649      0.25966    2.7756e-16      0.20649
_SET1_   29953        12   72631314   73069422    448      20  31178       1.8956     0.010846    2.2204e-16       1.8956
_SET1_   283310       12   80548151   80782870    196      19  31345      0.10171      0.34373    2.6368e-16      0.10171
_SET1_   160335       12   83045731   83538647    559      44  31760      -1.0577      0.71022    2.2204e-16      -1.0577
_SET1_   51134        12   94692056   94888764    342      18  30882      -1.4853       0.8763    2.2204e-16      -1.4853
_SET1_   429          12  103316452  103364294     51       5  31823     -0.09502      0.41274    2.6368e-16     -0.09502
_SET1_   51559        12  104156081  104269975    386      21  31767     -0.89769      0.67796    2.2204e-16     -0.89769
_SET1_   6996         12  104324593  104392656    143      10  31321       0.8132       0.1392    2.2204e-16       0.8132
_SET1_   7296         12  104574537  104754085    330      14  31436      0.40363      0.21536    2.7756e-16      0.40363
_SET1_   121642       12  109515993  109566436     84      14  28273        1.355     0.094327    2.2204e-16        1.355
_SET1_   121643       12  109705783  109782025    150      21  31616       1.9424     0.012097    2.2204e-16       1.9424
_SET1_   283446       12  109791439  109896176    296      16  31659     -0.66592      0.61053    2.2204e-16     -0.66592
_SET1_   10961        12  112416152  112471024     35       5  31479      0.99362      0.10245    2.2204e-16      0.99362
_SET1_   84934        12  113588342  113640169     95       6  31791     -0.15164       0.4355    2.7756e-16     -0.15164
_SET1_   79794        12  117141289  117210868     22       6  31366     -0.14301      0.44425    2.7756e-16     -0.14301
_SET1_   5985         12  118419506  118480044     51       7  31140     -0.28358      0.51673    2.7756e-16     -0.28358
_SET1_   55884        12  118460492  118534979    119      20  31577       -1.061      0.77881    2.2204e-16       -1.061
_SET1_   11113        12  120113595  120350095    350      19  31201       2.0231    0.0086303    4.4409e-16       2.0231
_SET1_   79720        12  123339875  123415712     34       4  47187       5.1671   1.3913e-09             0       5.1671
_SET1_   9612         12  124798957  125087079    439      66  30648      -0.7955      0.70296    2.2204e-16      -0.7955
_SET1_   114795       12  125776162  126156915    655      74  31631      0.14955      0.26552    2.7756e-16      0.14955
_SET1_   121256       12  129546271  130423212   2163     227  31722     -0.90292      0.48869    2.2204e-16     -0.90292
_SET1_   387914       13   26608735   26660198    186      18  31776      -2.0355      0.95503    4.4409e-16      -2.0355
_SET1_   1024         13   26793262   26989375    143       9  31404      -1.1502      0.80888    2.2204e-16      -1.1502
_SET1_   10810        13   27096840   27273082    318      13  31531     -0.53652      0.56209    2.2204e-16     -0.53652
_SET1_   5983         13   34357206   34550695    474      26  31669      0.94751     0.076914    2.2204e-16      0.94751
_SET1_   26747        13   45503384   45598613    103      11  31414     -0.81304      0.70256    2.2204e-16     -0.81304
_SET1_   55270        13   48576703   48631282     49       7  24723     0.014563      0.61906    2.6888e-16     0.014563
_SET1_   1102         13   49053099   49142341     50       4  31269      0.71892      0.16742    2.2204e-16      0.71892
_SET1_   10206        13   50536143   50602603     57       6  29799     -0.48112      0.64809    2.7756e-16     -0.48112
_SET1_   55901        13   52924506   53015629     39       2  31799      -1.2301      0.83136    2.2204e-16      -1.2301
_SET1_   64881        13   61973818   62024655    149      18  30504       1.0915      0.10052    2.2204e-16       1.0915
_SET1_   1602         13   72002098   72476330    323      24  30650       1.0612     0.088638    2.2204e-16       1.0612
_SET1_   10082        13   93844078   95070274   1997     128  31504     -0.20693      0.24821    2.7756e-16     -0.20693
_SET1_   160897       13   95219104   95296899     94       4  31448      0.72303      0.16651    2.2204e-16      0.72303
_SET1_   11166        13   95351876   95399389     72       7  31418       1.0812     0.089801    2.2204e-16       1.0812
_SET1_   84899        13  101246090  101362103    126      13  26400       1.4201      0.10897    2.2204e-16       1.4201
_SET1_   93081        13  103408460  103461168     76       7  31829     0.010654       0.3755    2.6888e-16     0.010654
_SET1_   1948         13  107132079  107222388     65      11  31784      -0.5146       0.5824    2.2204e-16      -0.5146
_SET1_   2155         13  113725102  113784995     77      12  31476     -0.67476      0.65109    2.2204e-16     -0.67476
_SET1_   283489       13  115044965  115102803    106       8  31757    -0.066696      0.40312    2.6368e-16    -0.066696
_SET1_   57820        14   20769527   20836471    137      10  31664     -0.51464      0.58105    2.2204e-16     -0.51464
_SET1_   161253       14   23317374   23366889     33       6  31611     -0.55841      0.59987    2.2204e-16     -0.55841
_SET1_   55147        14   23359854   23423396     79       2  31777       -2.786      0.99398    4.4409e-16       -2.786
_SET1_   10419        14   23379733   23433789     68       2  31766      -2.6355       0.9909    4.4409e-16      -2.6355
_SET1_   64403        14   23506270   23561747     77      10  31705      0.80314      0.13273    2.2204e-16      0.80314
_SET1_   5875         14   24724744   24775833     91      12  31751       2.8989   0.00066024    4.4409e-16       2.8989
_SET1_   161424       14   24734075   24787379     88      11  31347       2.8241   0.00099655    4.4409e-16       2.8241
_SET1_   84312        14   36260524   36351169    105      10  30937      0.98529      0.11237    2.2204e-16      0.98529
_SET1_   79609        14   50562967   50618626     39       3  31838      -1.8326      0.93875    2.2204e-16      -1.8326
_SET1_   114088       14   51431979   51597422    475      50  31720     -0.66535       0.5895    2.2204e-16     -0.66535
_SET1_   81542        14   51671886   51734373    133      12  31241      0.95193      0.11211    2.2204e-16      0.95193
_SET1_   54331        14   52292022   52446518    456      47  31794      -2.6224      0.98557    4.4409e-16      -2.6224
_SET1_   93487        14   55483362   55546912     80       6  31447       1.6958     0.024437    2.2204e-16       1.6958
_SET1_   6252         14   60052694   60372557    348      19  35207       1.9259    0.0028474    2.2204e-16       1.9259
_SET1_   4522         14   64819754   64936725    207      26  30481      -1.3129      0.86557    2.2204e-16      -1.3129
_SET1_   9495         14   64897217   64951221    115      12  30118     -0.41913       0.6087    2.7756e-16     -0.41913
_SET1_   376267       14   65402532   65474016    119      17  29606       1.3449     0.075431    2.2204e-16       1.3449
_SET1_   64398        14   67673012   67812778    259       4  31525        0.755      0.14258    2.2204e-16        0.755
_SET1_   57452        14   69691681   69831190    180      21  31296      0.27532      0.28889    2.7756e-16      0.27532
_SET1_   56936        14   70026531   70076600     51       7  30494       1.7124     0.029406    2.2204e-16       1.7124
_SET1_   23508        14   71073504   71152077    136      25  31795     -0.20781       0.4579    2.7756e-16     -0.20781
_SET1_   9240         14   74168486   74216128     61      10  30389     -0.10655      0.47499    2.6368e-16     -0.10655
_SET1_   9870         14   75117955   75214807    132      13  31726      -1.0733      0.77296    2.2204e-16      -1.0733
_SET1_   122953       14   75859509   75949404    159      24  31678    -0.061997      0.40227    2.7062e-16    -0.061997
_SET1_   22846        14   77193235   77259363     57       8  31801     -0.43906      0.55421    2.7756e-16     -0.43906
_SET1_   85457        14   77529578   77593630    146      18  31108       1.1221     0.083818    2.2204e-16       1.1221
_SET1_   85439        14   81716994   81937789    340      24  31939      0.61005      0.15007    2.2204e-16      0.61005
_SET1_   54207        14   88636452   88828256    418      47  31062      0.82078      0.12359    2.2204e-16      0.82078
_SET1_   56659        14   90493109   90662201    417      35  31607       1.8503      0.01143    2.2204e-16       1.8503
_SET1_   801          14   90828327   90884619     32       5  31809     -0.65397      0.63357    2.2204e-16     -0.65397
_SET1_   55148        14   93638401   93705561    125      17  31364       1.2187     0.066877    2.2204e-16       1.2187
_SET1_   78990        14   94454511   94525276    163      16  31433       1.2658     0.059357    2.2204e-16       1.2658
_SET1_   122509       14   94512639   94579060    162      10  31806     -0.35575      0.51371    2.7756e-16     -0.35575
_SET1_   84193        14   99854083   99982228     46       8  29191      -1.4679      0.92294    2.2204e-16      -1.4679
_SET1_   317762       14   99967603  100105727    236      12  31492      -2.0211      0.95531    4.4409e-16      -2.0211
_SET1_   84439        14  100076480  100153011    109      13  30911      0.96701      0.11812    2.2204e-16      0.96701
_SET1_   55778        14  102748714  102819511     87       8  31811     -0.83717      0.69743    2.2204e-16     -0.83717
_SET1_   9895         14  102794300  102978818    362      12  31473      -1.3968      0.83862    2.2204e-16      -1.3968
_SET1_   122416       14  102963179  103011128     86      11  30835      -1.0581      0.80093    2.2204e-16      -1.0581
_SET1_   91828        14  103526044  103586896     90      11  31291      0.76582      0.15379    2.2204e-16      0.76582
_SET1_   3831         14  104060525  104177888    325      10  32157       2.0624    0.0058308    4.4409e-16       2.0624
_SET1_   123606       15   23033279   23121843     63      10  31700      -2.2029      0.97118    4.4409e-16      -2.2029
_SET1_   6638         15   25033794   25233730    402      41  31144      0.64857      0.15817    2.2204e-16      0.64857
_SET1_   2562         15   26778693   27053935    425      45  31285     -0.48852      0.54568    2.7756e-16     -0.48852
_SET1_   2558         15   27076866   27204357    137      20  31697     -0.14784      0.43761    2.7756e-16     -0.14784
_SET1_   51621        15   31584083   31680102    108      17  31687      -0.1041      0.42228    2.6368e-16      -0.1041
_SET1_   161725       15   31763884   32197875    581      15  31788    -0.097215      0.32153    2.6368e-16    -0.097215
_SET1_   1139         15   32287686   32472384    160      20  31370       1.6531     0.026059    2.2204e-16       1.6531
_SET1_   84529        15   36836812   37112449    402      35  30833     -0.51468       0.5746    2.2204e-16     -0.51468
_SET1_   161742       15   38509925   38659450    191      10  31689       1.3235     0.048754    2.2204e-16       1.3235
_SET1_   283742       15   38711328   38787063    125      12  31326     -0.14536      0.45106    2.7756e-16     -0.14536
_SET1_   10125        15   38770302   38892661    114      17  31737     -0.63089      0.62663    2.2204e-16     -0.63089
_SET1_   6727         15   40317891   40366389     91      10  31423     -0.48927      0.58386    2.7756e-16     -0.48927
_SET1_   56924        15   40474629   40579688    140      25  31447     -0.13443      0.44139    2.7756e-16     -0.13443
_SET1_   3712         15   40662686   40738146    116      10  31730       2.1603    0.0066109    4.4409e-16       2.1603
_SET1_   57617        15   41151628   41206173     63       8  31785     -0.13917      0.42934    2.7756e-16     -0.13917
_SET1_   79094        15   41210636   41258717     28       5  31835      -1.2826      0.82935    2.2204e-16      -1.2826
_SET1_   11261        15   41488341   41584085    225       6  31825      -1.0519      0.75532    2.2204e-16      -1.0519
_SET1_   3706         15   41751056   41805757     49       8  29712      -1.6957      0.94493    2.2204e-16      -1.6957
_SET1_   26015        15   41799374   41871464    114      10  30338     -0.09599      0.47715    2.6368e-16     -0.09599
_SET1_   55142        15   42806011   42872192     16       3  30693      0.12229      0.36971    2.6368e-16      0.12229
_SET1_   4130         15   43768165   43833818     56       4  31568      0.40141      0.25286    2.7756e-16      0.40141
_SET1_   2628         15   45643322   45705980     92       3  31797       1.5607     0.031857    2.2204e-16       1.5607
_SET1_   10681        15   52403123   52518565    181      10  31027       0.5563       0.2054    2.2204e-16       0.5563
_SET1_   4644         15   52589480   52856247    705      18  31091     -0.26016        0.378    2.7756e-16     -0.26016
_SET1_   10776        15   52829384   52896436    132      17  31552     -0.55343      0.59824    2.2204e-16     -0.55343
_SET1_   23604        15   64189235   64398614    217      18  31547     -0.99477      0.74441    2.2204e-16     -0.99477
_SET1_   80119        15   65097831   65152867     63       5  31303     -0.41007      0.56187    2.7756e-16     -0.41007
_SET1_   55055        15   66762431   66851823    113      16  31264     -0.52631      0.60238    2.2204e-16     -0.52631
_SET1_   9493         15   69671585   69750766     74       6  30944      0.11973      0.36882    2.6368e-16      0.11973
_SET1_   388135       15   74017772   74080495     82       7  30713       1.5634     0.040341    2.2204e-16       1.5634
_SET1_   4016         15   74183789   74254478    148      21  31546     -0.73201      0.66798    2.2204e-16     -0.73201
_SET1_   84993        15   74728318   74788545     72       7  31844       2.0019     0.010442    4.4409e-16       2.0019
_SET1_   594855       15   75083951   75134136     84      10  31797      -1.3981      0.86087    2.2204e-16      -1.3981
_SET1_   5780         15   75749462   75906625     88       8  30184       3.6222   8.6256e-05    4.4409e-16       3.6222
_SET1_   5955         15   77188962   77252601     42       5  30681      -1.3111      0.87054    2.2204e-16      -1.3111
_SET1_   10518        15   78386948   78458877    120      11  31561     -0.30111      0.49893    2.7756e-16     -0.30111
_SET1_   23205        15   78453187   78562049    206      31  31634     0.026593      0.36384    2.7062e-16     0.026593
_SET1_   5923         15   79242289   79418215    214      35  31654      -1.6725      0.91246    2.2204e-16      -1.6725
_SET1_   53339        15   83675175   83771106    100       8  30606      0.30047      0.31209    2.7756e-16      0.30047
_SET1_   57538        15   85324911   85426713    177      24  32987        2.515    0.0013687    4.4409e-16        2.515
_SET1_   64963        15   88975684   89031861     41       2  31768     -0.96259      0.76468    2.2204e-16     -0.96259
_SET1_   4240         15   89431914   89491685    135      16  31783      0.13962      0.32257    2.7756e-16      0.13962
_SET1_   6017         15   89743098   89799922    125      11  31574       1.2545     0.059524    2.2204e-16       1.2545
_SET1_   90381        15   90083818   90181254    190       8  31730       1.3009     0.051937    2.2204e-16       1.3009
_SET1_   374655       15   90509197   90635432     95      13  31671      -1.8864      0.94339    2.2204e-16      -1.8864
_SET1_   51335        15   90773895   90825443    105       5  31640     -0.52572      0.59597    2.2204e-16     -0.52572
_SET1_   9055         15   91499268   91572881     35       3  31635      0.41064      0.24244    2.7756e-16      0.41064
_SET1_   84326        16     674429     721371     64       5  31024      -1.7369      0.93658    2.2204e-16      -1.7369
_SET1_   7329         16    1322420    1387019     30       4  31555      -1.6539      0.91676    2.2204e-16      -1.6539
_SET1_   65993        16    1811891    1858152    230      21  31354     -0.88513      0.71859    2.2204e-16     -0.88513
_SET1_   4716         16    1974517    2021976     49       8  30052       2.5211     0.004051    4.4409e-16       2.5211
_SET1_   2671         16    1999150    2047750     90       9  31201       2.9992   0.00057071    4.4409e-16       2.9992
_SET1_   6187         16    2002059    2049827     95      10  31234       2.9527   0.00065932    4.4409e-16       2.9527
_SET1_   64223        16    2220178    2269418     42       4  31419      0.79281      0.15073    2.2204e-16      0.79281
_SET1_   57465        16    2490146    2565734      1       1  31844      -1.0036        0.716    2.2204e-16      -1.0036
_SET1_   83886        16    2752423    2805552     20       3  31788      0.16329      0.32111    2.7756e-16      0.16329
_SET1_   124222       16    2984342    3033485    105       9  31810      0.47253      0.21539    2.7756e-16      0.47253
_SET1_   9088         16    3008101    3065540     46       6  31020     -0.23865      0.51057    2.7756e-16     -0.23865
_SET1_   7760         16    3150057    3202805     79       6  31054     -0.17131      0.47984    2.7756e-16     -0.17131
_SET1_   7627         16    3320406    3382935     42       3  31734       1.1646      0.07859    2.2204e-16       1.1646
_SET1_   29965        16    4550676    4623816     48       2  50022       2.3336    0.0010853    4.4409e-16       2.3336
_SET1_   84309        16    4708526    4755860     55       2  31840       2.0816    0.0094774    4.4409e-16       2.0816
_SET1_   79641        16    4836963    4887951     57       5  30859      0.17474      0.35475    2.7756e-16      0.17474
_SET1_   84656        16    4843204    4932383    138      10  30704     0.084554      0.38462    2.6368e-16     0.084554
_SET1_   29855        16    4861666    4942363    140      10  30720      0.62643      0.20122    2.2204e-16      0.62643
_SET1_   29035        16    9150537    9223555     49       5  31844       1.1017     0.080171    2.2204e-16       1.1017
_SET1_   2903         16    9837265   10311611    838      35  31352       1.9173     0.005111    2.2204e-16       1.9173
_SET1_   8651         16   11338274   11385039    118       9  31799     -0.35699      0.51462    2.7756e-16     -0.35699
_SET1_   10229        16   19043917   19101417     54       5  31785     -0.86211      0.70942    2.2204e-16     -0.86211
_SET1_   51760        16   19144541   19289656    125      21  31576       2.2703    0.0051729    4.4409e-16       2.2703
_SET1_   123879       16   20856219   20946561     84       8  31048     -0.31087      0.53407    2.7756e-16     -0.31087
_SET1_   84516        16   23617687   23695068     43       4  31653       1.1314     0.079276    2.2204e-16       1.1314
_SET1_   79831        16   27179807   27243089     62       7  31818     -0.30573      0.49972    2.7756e-16     -0.30573
_SET1_   3835         16   29766383   29826706      6       3  31804     -0.16048      0.42289    2.7756e-16     -0.16048
_SET1_   253982       16   29877147   29941181     57       4  38689      0.31934     0.066807    2.7756e-16      0.31934
_SET1_   283899       16   29972485   30027112     47       2  48268       1.8993    0.0042972    2.2204e-16       1.8993
_SET1_   8479         16   29993642   30042417     46       2  45366       1.7233     0.005351    2.2204e-16       1.7233
_SET1_   83723        16   30025748   30099338     54       3  36805       1.1408     0.020298    2.2204e-16       1.1408
_SET1_   10421        16   30352087   30401682      1       1  31844      -1.6915       0.8966    2.2204e-16      -1.6915
_SET1_   79077        16   30425019   30476373      6       3  31247     -0.77107      0.68025    2.2204e-16     -0.77107
_SET1_   115509       16   30603879   30657096     25       1  31844     -0.45565      0.56842    2.7756e-16     -0.45565
_SET1_   730183       16   30699025   30744810     11       1  31844     -0.09475      0.41262    2.6368e-16     -0.09475
_SET1_   2521         16   31156431   31216192     11       2  31721      0.97031     0.098689    2.2204e-16      0.97031
_SET1_   260434       16   31217283   31263398     15       2  31812       1.1131     0.076954    2.2204e-16       1.1131
_SET1_   79798        16   31434010   31488488     35       7  30579       0.4854      0.25138    2.7756e-16       0.4854
_SET1_   79801        16   46604466   46690311      3       1  31451      0.81578      0.12662    2.2204e-16      0.81578
_SET1_   94160        16   48106884   48215681      8       3  30288    -0.085847      0.45882    2.6368e-16    -0.085847
_SET1_   6299         16   51159886   51220183     48       8  31819       1.6493     0.024597    2.2204e-16       1.6493
_SET1_   2775         16   56190251   56401356    383      42  31593      0.84093      0.10863    2.2204e-16      0.84093
_SET1_   4504         16   56588267   56635000    153      30  31343      0.77941      0.14699    2.2204e-16      0.77941
_SET1_   6376         16   57371414   57428956     69      11  31797     0.075761      0.34756    2.6368e-16     0.075761
_SET1_   5432         16   57461551   57515921     60       5  31497     0.061714      0.37269    2.7062e-16     0.061714
_SET1_   9289         16   57618442   57708944    288      41  31701       1.5025     0.032435    2.2204e-16       1.5025
_SET1_   79650        16   57998450   58065527    103      12  31695       1.1055     0.079985    2.2204e-16       1.1055
_SET1_   57567        16   58018572   58069551     65       8  31596      0.91665      0.11493    2.2204e-16      0.91665
_SET1_   4324         16   58024282   58090805     82       9  31621      0.51408      0.21043    2.2204e-16      0.51408
_SET1_   23644        16   67871926   67928417     23       2  27395    -0.047675      0.59173    2.7062e-16    -0.047675
_SET1_   84916        16   69131499   69212937     97      12  31688      0.40606      0.24423    2.7756e-16      0.40606
_SET1_   7014         16   69379464   69454891     85      15  30556       1.0933      0.10047    2.2204e-16       1.0933
_SET1_   6483         16   70403338   70507991     43       8  29592       1.4575     0.061753    2.2204e-16       1.4575
_SET1_   55697        16   70711342   70870074    150      15  31095      0.21085      0.31875    2.7756e-16      0.21085
_SET1_   55783        16   71305292   71358509    158      16  31235     -0.80558      0.70186    2.2204e-16     -0.80558
_SET1_   22879        16   77189821   77243543    114      13  31398     -0.13322      0.44214    2.7756e-16     -0.13322
_SET1_   348180       16   88737891   88791794    133      22  31515      0.80221       0.1357    2.2204e-16      0.80221
_SET1_   51693        16   88888465   88939086     99      10  30242       1.4915     0.049805    2.2204e-16       1.4915
_SET1_   124044       16   89752765   89803131    111       8  31676      0.18437      0.31432    2.7756e-16      0.18437
_SET1_   2175         16   89793959   89918066    337       4  31827      0.54601      0.17145    2.2204e-16      0.54601
_SET1_   92806        16   90026183   90074240     80       5  31816      -1.7373      0.92506    2.2204e-16      -1.7373
_SET1_   79007        16   90061279   90120937    135      10  31692      -1.1891      0.80937    2.2204e-16      -1.1891
_SET1_   5306         17    1411283    1501110    155      13  31517      0.32148       0.2645    2.7756e-16      0.32148
_SET1_   162514       17    3403796    3496289    263      29  31208      -1.2509      0.82843    2.2204e-16      -1.2509
_SET1_   100130311    17    4767948    4816227     97      12  31730      0.19679      0.30319    2.7756e-16      0.19679
_SET1_   23125        17    4861287    4925960    122      16  31679       2.2785    0.0047283    4.4409e-16       2.2785
_SET1_   23302        17    5937426    6037747    107      23  31628      -1.0762      0.78336    2.2204e-16      -1.0762
_SET1_   54478        17    6312735    6364385    138      22  31429       1.2284     0.065208    2.2204e-16       1.2284
_SET1_   83394        17    6344583    6494877    333      36  31507     0.029697      0.34932    2.7062e-16     0.029697
_SET1_   1742         17    7083209    7158369     67       9  31208       1.2205     0.072305    2.2204e-16       1.2205
_SET1_   23587        17    7120372    7173259     56       7  30982       1.0442      0.10434    2.2204e-16       1.0442
_SET1_   643664       17    7335504    7396383     84       9  31680     -0.18921       0.4525    2.7756e-16     -0.18921
_SET1_   57659        17    7352685    7422568    115      11  31651     -0.13791      0.43052    2.7756e-16     -0.13791
_SET1_   5430         17    7352698    7427935    117      11  31652     -0.13961      0.43094    2.7756e-16     -0.13961
_SET1_   26168        17    7430309    7485287     77      11  31768      0.58763      0.18273    2.2204e-16      0.58763
_SET1_   9526         17    7451965    7501530     63       9  31844       0.4133      0.23098    2.7756e-16       0.4133
_SET1_   84316        17    7750003    7823608     51       8  31434      0.32698      0.27377    2.7756e-16      0.32698
_SET1_   58485        17    7823663    7870317     63       4  30116       2.2163    0.0097061    4.4409e-16       2.2163
_SET1_   6844         17    8052465    8101293     65       7  31766     -0.35873       0.5239    2.7756e-16     -0.35873
_SET1_   5198         17    8117596    8183809     89      10  31799     -0.18695      0.44997    2.7756e-16     -0.18695
_SET1_   6416         17   11889135   12057148    205      16  31410      -1.3046       0.8377    2.2204e-16      -1.3046
_SET1_   146691       17   17736822   17910784    198      17  36859      -1.1796      0.57547    2.2204e-16      -1.1796
_SET1_   140775       17   18183594   18241370    109       8  31373      0.76197      0.15012    2.2204e-16      0.76197
_SET1_   7732         17   19279491   19330589     99       7  31869       1.5672     0.029152    2.2204e-16       1.5672
_SET1_   51701        17   26334009   26533407     46       7  30418      0.91833      0.13961    2.2204e-16      0.91833
_SET1_   23098        17   26663683   26738062     83       3  31406        1.494     0.041244    2.2204e-16        1.494
_SET1_   230          17   26890133   26939282     16       5  31734      0.61836      0.16891    2.2204e-16      0.61836
_SET1_   10615        17   26894583   26961056     26       7  31614      0.74352      0.14453    2.2204e-16      0.74352
_SET1_   2319         17   27196356   27259715     29       5  31723       1.0238     0.090621    2.2204e-16       1.0238
_SET1_   124925       17   27271923   27368458     46       9  30526      -1.4563      0.89828    2.2204e-16      -1.4563
_SET1_   4974         17   29611668   29659380     42       3  31844     -0.13322      0.43912    2.7756e-16     -0.13322
_SET1_   84440        17   29683642   29875232    348      35  31603      -0.3973      0.50879    2.7756e-16      -0.3973
_SET1_   782          17   37319709   37388956     46       8  31360       1.7648     0.020885    2.2204e-16       1.7648
_SET1_   84299        17   37875409   37921792     14       4  29290        0.167      0.40346    2.7756e-16        0.167
_SET1_   9862         17   38165350   38245889    119       8  31670       1.3653       0.0486    2.2204e-16       1.3653
_SET1_   51195        17   38299242   38361906     20       1  31722     -0.34715      0.53335    2.7756e-16     -0.34715
_SET1_   990          17   38409146   38469413     30       1  31649    -0.041537      0.42166    2.7062e-16    -0.041537
_SET1_   125111       17   38506904   38555945      2       1  30730     -0.70153      0.67598    2.2204e-16     -0.70153
_SET1_   6605         17   38771214   38840658     56       5  30231    -0.061048      0.47594    2.7062e-16    -0.061048
_SET1_   115024       17   39971334   40027523    101       3  31844     -0.19919      0.45947    2.7756e-16     -0.19919
_SET1_   201181       17   40167594   40240881     39       4  31758      -2.5459      0.98768    4.4409e-16      -2.5459
_SET1_   28958        17   40939636   40985743     32       2  31474       1.3194     0.061746    2.2204e-16       1.3194
_SET1_   672          17   41186312   41312500    191       2  31822       1.1767     0.070496    2.2204e-16       1.1767
_SET1_   379          17   41441353   41488504     67       9  31837       -0.207      0.45921    2.7756e-16       -0.207
_SET1_   1845         17   41833489   41891368     48       3  31816      -1.4461      0.87455    2.2204e-16      -1.4461
_SET1_   124801       17   42102003   42179987     39       3  31188      0.59455      0.20509    2.2204e-16      0.59455
_SET1_   284069       17   42421101   42476235     30       3  31751     -0.16188      0.45283    2.7756e-16     -0.16188
_SET1_   2535         17   42599812   42648630     31       8  31353    -0.027284      0.40136    2.7062e-16    -0.027284
_SET1_   146909       17   42992079   43060079    112      17  31012     -0.59807        0.643    2.2204e-16     -0.59807
_SET1_   388394       17   45045522   45091614    138       9  31659     0.058146      0.35992    2.7062e-16     0.058146
_SET1_   55163        17   45983889   46036674     76       5  31774       2.3669    0.0038833    4.4409e-16       2.3669
_SET1_   5245         17   47471410   47527267     70      11  31455       0.1097      0.34894    2.6368e-16       0.1097
_SET1_   8405         17   47666246   47790525     86      14  31435      -1.6627      0.91672    2.2204e-16      -1.6627
_SET1_   124540       17   55298931   55772050    508      84  31414       2.4828    0.0023617    4.4409e-16       2.4828
_SET1_   140735       17   56125780   56177618      2       1  31135     -0.19149      0.45059    2.7756e-16     -0.19149
_SET1_   5889         17   56734934   56821703     84       6  31290      0.34131      0.27989    2.7756e-16      0.34131
_SET1_   55771        17   57197860   57294070     82       9  31461     -0.10757      0.43541    2.6368e-16     -0.10757
_SET1_   55181        17   57252371   57302611     65       5  31479     -0.19283      0.47365    2.7756e-16     -0.19283
_SET1_   83990        17   59746547   59975920    173      15  31430       0.7519      0.14678    2.2204e-16       0.7519
_SET1_   339175       17   60466246   60537454     52       2  30949     -0.07226      0.46444    2.6368e-16     -0.07226
_SET1_   80774        17   61763249   61813527     65       4  31651     -0.22674      0.48292    2.7756e-16     -0.22674
_SET1_   3838         17   65996848   66052970     58       5  31844      0.85579      0.12124    2.2204e-16      0.85579
_SET1_   6662         17   70082161   70132561    103      11  31784       -1.568      0.89476    2.2204e-16       -1.568
_SET1_   6752         17   71126160   71178094    116      15  31393    -0.091881      0.42639    2.6368e-16    -0.091881
_SET1_   9368         17   72709751   72775499     56       6  31828       1.4153     0.042129    2.2204e-16       1.4153
_SET1_   79637        17   73071047   73136360     72       8  31671      -1.6994      0.91974    2.2204e-16      -1.6994
_SET1_   51155        17   73121343   73185775     39       3  31744      -2.5054      0.98688    4.4409e-16      -2.5054
_SET1_   64978        17   73884724   73936181     69       8  31408     0.065534      0.36663    2.6368e-16     0.065534
_SET1_   6427         17   74720197   74768493      5       2  15230        1.034      0.20068    2.2204e-16        1.034
_SET1_   124583       17   76977798   77040899    138      18  31720      0.91914      0.10741    2.2204e-16      0.91914
_SET1_   8535         17   77796955   77848222    128      18  31678       1.1601     0.070517    2.2204e-16       1.1601
_SET1_   4884         17   78430633   78485404     32       6  30405      0.54844      0.23939    2.2204e-16      0.54844
_SET1_   348262       17   79770293   79826167     70       2  31649      -3.1579       0.9981    4.4409e-16      -3.1579
_SET1_   396          17   79815595   79864282     40       2  31754      -2.3627      0.98125    4.4409e-16      -2.3627
_SET1_   10189        17   79835711   79884464      6       1  31605      -2.2185      0.97153    4.4409e-16      -2.2185
_SET1_   79058        17   79900426   79985282    139      12  31737     -0.21594      0.45516    2.7756e-16     -0.21594
_SET1_   2873         17   79974746   80025346    110      13  31740      0.44566      0.22151    2.7756e-16      0.44566
_SET1_   7541         18    5279018    5332052     48       4  31781       0.3743      0.24975    2.7756e-16       0.3743
_SET1_   201475       18    8574443    8649380    109      11  31708     -0.29849      0.49686    2.7756e-16     -0.29849
_SET1_   1149         18   12219318   12287594     74      15  30528     -0.37371      0.57988    2.7756e-16     -0.37371
_SET1_   171586       18   19220858   19319766     97       8  31615      0.59491      0.18877    2.2204e-16      0.59491
_SET1_   5932         18   20478295   20616451    146      10  31270      0.66979      0.17477    2.2204e-16      0.66979
_SET1_   3909         18   21234562   21545030    429      21  31661      -1.2602      0.78821    2.2204e-16      -1.2602
_SET1_   83539        18   24484554   24800302    754      39  30956      0.60127      0.12535    2.2204e-16      0.60127
_SET1_   1000         18   25520930   25792445    335      21  31380     0.079196      0.32726    2.6368e-16     0.079196
_SET1_   10982        18   32521892   32733434    226      23  31514     -0.51693      0.57641    2.2204e-16     -0.51693
_SET1_   55197        18   33559787   33682538    164      10  31067     -0.89365      0.73924    2.2204e-16     -0.89365
_SET1_   80206        18   33842677   34370019    791      61  31451     -0.74661      0.56894    2.2204e-16     -0.74661
_SET1_   25941        18   34349513   34444179     34       7  31208      0.48992      0.22601    2.7756e-16      0.48992
_SET1_   26040        18   42223849   42658475    505      46  31515       0.9483     0.083083    2.2204e-16       0.9483
_SET1_   9388         18   47052069   47129278    115      13  31485      0.75603      0.14879    2.2204e-16      0.75603
_SET1_   23327        18   55676580   56078772    630      59  31390    -0.024024      0.32693    2.7062e-16    -0.024024
_SET1_   23239        18   60347672   60657676    132       6  31595       1.5425     0.033748    2.2204e-16       1.5425
_SET1_   220164       18   67033284   67526323   1025      86  31539       -1.144      0.67945    2.2204e-16       -1.144
_SET1_   125704       18   72092963   72160070     57      12  31759      0.52577      0.20198    2.2204e-16      0.52577
_SET1_   27164        18   76705275   76769770     64       7  28909     -0.58998      0.71767    2.2204e-16     -0.58998
_SET1_   10907        18   77722867   77783546     77       9  31560       2.8615   0.00082041    4.4409e-16       2.8615
_SET1_   8612         19     271040     326435    125       8  24817     -0.16519       0.6812    2.7756e-16     -0.16519
_SET1_   54531        19     295575     379791    188      11  24977      -1.0024      0.89773    2.2204e-16      -1.0024
_SET1_   5434         19    1076578    1130391     92      15  31661      -1.0325      0.76855    2.2204e-16      -1.0325
_SET1_   55009        19    1240520    1289243      7       2  29903     -0.21134      0.52736    2.7756e-16     -0.21134
_SET1_   2593         19    1387025    1436569     47       6  31803     -0.11823      0.42476    2.6368e-16     -0.11823
_SET1_   53615        19    1566670    1627760     36       4  31711      -1.6014      0.90546    2.2204e-16      -1.6014
_SET1_   84444        19    2129148    2242577    152      13  31540       1.2816     0.056403    2.2204e-16       1.2816
_SET1_   84823        19    2418163    2491966    139      15  31651       -1.585      0.89926    2.2204e-16       -1.585
_SET1_   6449         19    2744711    2818363      3       1  31472       1.6623     0.024197    2.2204e-16       1.6623
_SET1_   2767         19    3059408    3131468     41       7  31671      0.63913      0.17519    2.2204e-16      0.63913
_SET1_   60680        19    3189701    3307074    254      21  31705      0.11964       0.3165    2.6368e-16      0.11964
_SET1_   10362        19    3537936    3589081      9       2  31419      0.25496      0.28909    2.7756e-16      0.25496
_SET1_   23396        19    3620179    3735484    102      13  31828      0.44869      0.22232    2.7756e-16      0.44869
_SET1_   85300        19    3845618    3938080    117      21  29514      0.17986       0.3981    2.7756e-16      0.17986
_SET1_   84954        19    4308524    4370083     87      11  31424       2.3883    0.0038988    4.4409e-16       2.3883
_SET1_   10036        19    4367660    4453394    109       5  31682      0.49618      0.21723    2.7756e-16      0.49618
_SET1_   29128        19    4874510    4972165     72      16  30092      -1.1373      0.84176    2.2204e-16      -1.1373
_SET1_   5802         19    5195514    5375814    233      39  31233    -0.097459      0.42927    2.6368e-16    -0.097459
_SET1_   163154       19    5772971    5819776     70       5  31801      0.82528       0.1327    2.2204e-16      0.82528
_SET1_   8498         19    5906150    6013320     61       5  31286     -0.11068      0.44613    2.6368e-16     -0.11068
_SET1_   4298         19    6200392    6314959    164      12  31152     -0.42154       0.5588    2.7756e-16     -0.42154
_SET1_   8570         19    6403115    6459822      7       1  31685      -1.1231      0.79448    2.2204e-16      -1.1231
_SET1_   79085        19    6426092    6495232     29       6  31676     -0.71559      0.66237    2.2204e-16     -0.71559
_SET1_   4670         19    8474460    8564002     84       7  31712       1.0743     0.086591    2.2204e-16       1.0743
_SET1_   84330        19    8565462    8614048    111       8  31662     -0.24354      0.47655    2.7756e-16     -0.24354
_SET1_   5300         19    9910883    9970365     65       9  31557       1.0542     0.088832    2.2204e-16       1.0542
_SET1_   93145        19    9954394   10082070    276      31  31695     -0.85568      0.69166    2.2204e-16     -0.85568
_SET1_   51073        19   10327640   10380736     77      13  31663      0.92273      0.10971    2.2204e-16      0.92273
_SET1_   125950       19   10416888   10479314    117      13  31834       1.5726      0.02824    2.2204e-16       1.5726
_SET1_   5141         19   10492449   10590307    119      10  30823       2.3687    0.0048643    4.4409e-16       2.3687
_SET1_   9545         19   11422722   11485344     28       8  31524       1.4814     0.037029    2.2204e-16       1.4814
_SET1_   64748        19   11431062   11486374     26       7  31590       1.4661      0.03759    2.2204e-16       1.4661
_SET1_   1995         19   11552143   11626806    123      10  31773        2.148    0.0067577    4.4409e-16        2.148
_SET1_   10535        19   12877863   12934462     18       3  30830    0.0049383      0.41045    2.6975e-16    0.0049383
_SET1_   2193         19   13023284   13079558     18       3  31831        1.729     0.019804    2.2204e-16        1.729
_SET1_   112939       19   13193813   13261961     23       4  31688     -0.78197      0.68018    2.2204e-16     -0.78197
_SET1_   342977       19   13953063   14001571     48       4  31839      0.52792      0.20514    2.2204e-16      0.52792
_SET1_   22859        19   14248549   14351997     23       1  31348       2.5415    0.0028525    4.4409e-16       2.5415
_SET1_   10755        19   14578571   14641961     49       7  31844     -0.62193      0.61632    2.2204e-16     -0.62193
_SET1_   58525        19   15522318   15595767     28       7  31716       1.3576     0.046898    2.2204e-16       1.3576
_SET1_   79016        19   17385337   17444107    117       7  31840      0.70376      0.15236    2.2204e-16      0.70376
_SET1_   115098       19   18008824   18064794     47       9  31612       1.2258     0.064078    2.2204e-16       1.2258
_SET1_   3780         19   18027111   18120133    119      15  31740     0.018491      0.36974    2.7062e-16     0.018491
_SET1_   5296         19   18228988   18291343     48       8  31681      -1.5514      0.89272    2.2204e-16      -1.5514
_SET1_   25804        19   18407040   18469001     54       9  31728      0.32033      0.26729    2.7756e-16      0.32033
_SET1_   25789        19   18688682   18741849     88       7  31841      -1.1885      0.81092    2.2204e-16      -1.1885
_SET1_   8625         19   19268008   19322678    165      16  31768     -0.54508      0.58465    2.2204e-16     -0.54508
_SET1_   53345        19   19364841   19419074     86       8  30804     -0.21651      0.50382    2.7756e-16     -0.21651
_SET1_   57794        19   19377320   19466321    126       7  33638     -0.88811      0.63749    2.2204e-16     -0.88811
_SET1_   171392       19   23825583   23905036     47       4  30387     -0.41928      0.60723    2.7756e-16     -0.41928
_SET1_   83636        19   30179793   30241696    198      24  31829        0.684      0.15113    2.2204e-16        0.684
_SET1_   333          19   36323806   36380699     98       6  31712     -0.76647      0.67757    2.2204e-16     -0.76647
_SET1_   79414        19   36393022   36446097    115       8  31650     -0.18285      0.44982    2.7756e-16     -0.18285
_SET1_   284403       19   36510783   36606012    126      14  31812       2.4626    0.0026364    4.4409e-16       2.4626
_SET1_   5438         19   36594611   36641206     55      12  30618       2.6869    0.0019824    4.4409e-16       2.6869
_SET1_   339324       19   36991589   37054248     97       9  25010      0.30691      0.49764    2.7756e-16      0.30691
_SET1_   4793         19   39355340   39409534     63      13  31678     0.066853      0.35705    2.6368e-16     0.066853
_SET1_   643669       19   39389620   39437798     71       9  31542      -1.2178      0.82628    2.2204e-16      -1.2178
_SET1_   54938        19   39395904   39456536     97      14  31459      -1.4587       0.8818    2.2204e-16      -1.4587
_SET1_   55588        19   39846893   39901203     74       8  31125      0.71663       0.1683    2.2204e-16      0.71663
_SET1_   92609        19   39936052   39991528    112       9  31303     -0.77569      0.69761    2.2204e-16     -0.77569
_SET1_   163126       19   40019446   40065838    105      13  31479       0.7294      0.15538    2.2204e-16       0.7294
_SET1_   23646        19   40819302   40894392    104      12  31671       -2.032      0.95815    4.4409e-16       -2.032
_SET1_   80776        19   41850322   41905078     21       2  31833     -0.43597      0.55995    2.7756e-16     -0.43597
_SET1_   55101        19   41927223   41980843     28       3  31459      0.77201      0.15299    2.2204e-16      0.77201
_SET1_   10567        19   42450833   42498530      8       4  28034        1.372     0.086825    2.2204e-16        1.372
_SET1_   2901         19   42492468   42609278     33       5  30675      0.54749      0.22769    2.2204e-16      0.54749
_SET1_   2077         19   42741717   42794309     49       2  31523      0.36293      0.27339    2.7756e-16      0.36293
_SET1_   284338       19   42771284   42824973     35       2  31431      0.14106      0.35225    2.7756e-16      0.14106
_SET1_   1954         19   42794730   42892921     80       3  31417      0.98496      0.11109    2.2204e-16      0.98496
_SET1_   79177        19   44065544   44114587     54      11  31802       1.6802     0.022549    2.2204e-16       1.6802
_SET1_   126298       19   44078519   44135287     74      12  31783       2.2123    0.0057132    4.4409e-16       2.2123
_SET1_   10452        19   45359477   45416946    120      16  31736     -0.54379      0.58903    2.2204e-16     -0.54379
_SET1_   6253         19   45978546   46035313    110      15  31417     -0.36966      0.53662    2.7756e-16     -0.36966
_SET1_   80207        19   46021025   46123122    148      26  31722     -0.62341      0.62271    2.2204e-16     -0.62341
_SET1_   808          19   47069512   47124039     75      14  31686     -0.19788      0.45727    2.7756e-16     -0.19788
_SET1_   29888        19   47212768   47285251    118      15  30872     -0.88161      0.74548    2.2204e-16     -0.88161
_SET1_   79147        19   47214303   47271832     84      13  31371     -0.79423      0.69889    2.2204e-16     -0.79423
_SET1_   23211        19   47557444   47652009     46       4  30920       1.7809     0.023732    2.2204e-16       1.7809
_SET1_   56917        19   47896375   47957785     56       8  31589     -0.11315      0.42885    2.6368e-16     -0.11315
_SET1_   6543         19   47921274   48010307     39       4  31752      0.30612      0.27114    2.7756e-16      0.30612
_SET1_   83743        19   48914030   48967164     77      10  31587       1.0838     0.085269    2.2204e-16       1.0838
_SET1_   770          19   49131272   49184451     31       5  30890      0.70274      0.17987    2.2204e-16      0.70274
_SET1_   284358       19   49205999   49257976     50       6  31286     -0.50025      0.59539    2.2204e-16     -0.50025
_SET1_   57030        19   49922655   49980617     29       5  31828      -1.1887       0.8082    2.2204e-16      -1.1887
_SET1_   51070        19   50048725   50118845     98       5  33572      0.43631      0.16949    2.7756e-16      0.43631
_SET1_   126129       19   50159363   50226988     85      14  32067       2.9793   0.00042771    4.4409e-16       2.9793
_SET1_   84335        19   50362290   50416613     82      15  31740    -0.020164      0.38503    2.7062e-16    -0.020164
_SET1_   5424         19   50852531   50931275     94       7  31477       0.0304      0.37795    2.7062e-16       0.0304
_SET1_   284361       19   50944736   50996608     71       8  33134       2.7099    0.0007262    4.4409e-16       2.7099
_SET1_   125893       19   53442632   53501164     70       9  31724     -0.35852      0.52542    2.7756e-16     -0.35852
_SET1_   5582         19   54350467   54420906     21       4  31472   -0.0087606      0.38822    2.6888e-16   -0.0087606
_SET1_   59283        19   54431290   54503469     74      10  31718       1.0315     0.091108    2.2204e-16       1.0315
_SET1_   57348        19   54891605   54957899    173      24  30766       1.6597     0.030222    2.2204e-16       1.6597
_SET1_   84446        19   55758440   55833930    107      13  31740      0.68026       0.1582    2.2204e-16      0.68026
_SET1_   27338        19   55902650   55954325     47       6  31760      0.40255      0.23886    2.7756e-16      0.40255
_SET1_   89887        19   55952699   56005854     12       3  31665     -0.94836      0.73186    2.2204e-16     -0.94836
_SET1_   163033       19   56078891   56127211     56       4  31272       0.1353      0.35394    2.7756e-16       0.1353
_SET1_   84922        19   56092737   56145893     61       6  31319     0.052465      0.38085    2.7062e-16     0.052465
_SET1_   147808       19   56122107   56170941     40       5  31804      0.15027      0.32646    2.7756e-16      0.15027
_SET1_   84878        19   59014897   59066845     30       6  31719   -0.0047791      0.38065    2.6975e-16   -0.0047791
_SET1_   9040         19   59057079   59105343     46       6  31655      0.60088      0.18446    2.2204e-16      0.60088
_SET1_   80023        20     291789     345512     20       3  31788     -0.42136      0.54127    2.7756e-16     -0.42136
_SET1_   5786         20    2809841    3029316    375      17  31620       1.3995     0.033957    2.2204e-16       1.3995
_SET1_   55317        20    3766171    3815954     40       5  31667      -1.3242      0.85119    2.2204e-16      -1.3242
_SET1_   80025        20    3834486    3914538     88       8  31836       1.0143     0.092201    2.2204e-16       1.0143
_SET1_   5111         20    5085599    5142268     10       3  28740      0.60488      0.26402    2.2204e-16      0.60488
_SET1_   128674       20    5271711    5332378    275      15  31818       1.3385     0.042665    2.2204e-16       1.3385
_SET1_   84515        20    5896298    5985852    177      15  31844      -1.1275      0.78342    2.2204e-16      -1.1275
_SET1_   23236        20    8077912    8875547   1268     119  31757      0.10696        0.172    2.6368e-16      0.10696
_SET1_   24141        20    9460005    9521171     77       9  31768     -0.62277      0.62135    2.2204e-16     -0.62277
_SET1_   57144        20    9508037    9854687    557      60  31694     -0.42763      0.48909    2.7756e-16     -0.42763
_SET1_   8195         20   10375428   10449887     96       2  31844      -1.3007      0.84672    2.2204e-16      -1.3007
_SET1_   5126         20   17171752   17475223    397      43  31806    -0.043637      0.35362    2.7062e-16    -0.043637
_SET1_   10483        20   18453188   18552059    270      11  28280         1.67      0.04528    2.2204e-16         1.67
_SET1_   9837         20   25353323   25439191    103       3  31844     -0.30005      0.49857    2.7756e-16     -0.30005
_SET1_   22974        20   30291904   30399605      9       4  29737       1.2694     0.084045    2.2204e-16       1.2694
_SET1_   343702       20   30520805   30596256     43       5  31650      -1.2245      0.82303    2.2204e-16      -1.2245
_SET1_   149951       20   31280493   31366814    107       4  31700      0.31898      0.27719    2.7756e-16      0.31898
_SET1_   22919        20   31372699   31448211     40       3  31788      0.35325      0.26334    2.7756e-16      0.35325
_SET1_   63941        20   32234893   32297264     34       5  31811     -0.19155      0.45054    2.7756e-16     -0.19155
_SET1_   1869         20   32253292   32309210     16       3  31844     0.011902      0.36589    2.6888e-16     0.011902
_SET1_   128866       20   32364110   32452173     40       4  31725       0.5253      0.20722    2.2204e-16       0.5253
_SET1_   191          20   32858071   32934608     33       4  31480      0.15006      0.33806    2.7756e-16      0.15006
_SET1_   84557        20   33099688   33158149     56       6  31173     -0.34217       0.5442    2.7756e-16     -0.34217
_SET1_   25980        20   34789339   34854863     14       3  31696      0.20689       0.2983    2.7756e-16      0.20689
_SET1_   22839        20   34960444   35167040     84       8  31729      -1.3289      0.84982    2.2204e-16      -1.3289
_SET1_   79980        20   35370194   35437578     12       4  28477       1.1055      0.13311    2.2204e-16       1.1055
_SET1_   23051        20   39797089   39963766    187      13  31424     0.051013      0.35951    2.7062e-16     0.051013
_SET1_   64900        20   39934495   39999222    100      13  30999      0.63861      0.19261    2.2204e-16      0.63861
_SET1_   90187        20   39978606   40030498     88      14  31194      0.94762      0.11625    2.2204e-16      0.94762
_SET1_   7529         20   43479240   43547173    135       6  31430       1.1056       0.0831    2.2204e-16       1.1056
_SET1_   80336        20   43503701   43597585    158      14  31322       1.4202     0.044352    2.2204e-16       1.4202
_SET1_   10953        20   43560771   43624114     72      11  30976       1.2216     0.074339    2.2204e-16       1.2216
_SET1_   90204        20   44474581   44523905    117      11  30918      -2.2327      0.97789    4.4409e-16      -2.2327
_SET1_   57727        20   44679624   44753580    102      11  31661      -1.2999      0.84096    2.2204e-16      -1.2999
_SET1_   112858       20   45303004   45353301     47       5  28738      -1.7752      0.96333    2.2204e-16      -1.7752
_SET1_   81031        20   45303279   45374986    102       9  26913     -0.87208      0.85019    2.2204e-16     -0.87208
_SET1_   1434         20   47627783   47723497    194      13  31711     -0.62699      0.61145    2.2204e-16     -0.62699
_SET1_   55653        20   49376467   49503714    315      38  30662      0.97643       0.1081    2.2204e-16      0.97643
_SET1_   23394        20   49495585   49582527    131      11  31619     -0.58287      0.60678    2.2204e-16     -0.58287
_SET1_   3755         20   49610193   49674675     61      10  31553     -0.92851      0.73909    2.2204e-16     -0.92851
_SET1_   5203         20   52789502   52846492    133      17  31608     -0.87965        0.719    2.2204e-16     -0.87965
_SET1_   7022         20   55169358   55224339     54       9  31800     -0.29849      0.49307    2.7756e-16     -0.29849
_SET1_   655          20   55733809   55876707    231      17  31082       1.0539     0.089934    2.2204e-16       1.0539
_SET1_   9217         20   56929175   57036157    106       9  31576      0.64387      0.17648    2.2204e-16      0.64387
_SET1_   5509         20   58501887   58550352     31       2  30400      0.82479      0.17422    2.2204e-16      0.82479
_SET1_   128408       20   61627331   61673387    122       5  31842       1.1307     0.074476    2.2204e-16       1.1307
_SET1_   3785         20   62021561   62138993    321      27  31771      0.56165      0.16922    2.2204e-16      0.56165
_SET1_   79144        20   62116426   62163524    159      17  31831     -0.11134      0.40773    2.6368e-16     -0.11134
_SET1_   50861        20   62261058   62319963     95       8  31784       2.5983     0.001791    4.4409e-16       2.5983
_SET1_   56731        20   62336211   62385403     88       3  31563       2.8692   0.00091116    4.4409e-16       2.8692
_SET1_   140685       20   62365021   62498731    336      11  31758       1.7889     0.014209    2.2204e-16       1.7889
_SET1_   57473        20   62578057   62636223     47       2  31017      -1.4151      0.89612    2.2204e-16      -1.4151
_SET1_   4685         21   22335633   22923892   1221      64  31509     -0.88027      0.51013    2.2204e-16     -0.88027
_SET1_   2897         21   30899254   31347282    529      55  31445      0.88368     0.094494    2.2204e-16      0.88368
_SET1_   8566         21   45103978   45192188     44       7  30151     -0.43143      0.61767    2.7756e-16     -0.43143
_SET1_   5822         21   45492208   45561063    115       5  31502     -0.34317      0.52799    2.7756e-16     -0.34317
_SET1_   7226         21   45735046   45872964     84      12  30933     -0.43985      0.58429    2.7756e-16     -0.43985
_SET1_   755          21   45738827   45794285     40       4  31277     -0.12919      0.45506    2.7756e-16     -0.12919
_SET1_   6612         21   46215532   46273044     34       7  31240     -0.42962      0.56659    2.7756e-16     -0.42962
_SET1_   27439        22   17587189   17637257    111      17  31455      0.72199      0.15703    2.2204e-16      0.72199
_SET1_   83733        22   18008030   18083651     85      15  30481     -0.48914       0.6214    2.7756e-16     -0.48914
_SET1_   11274        22   18597758   18670164    100      13  31374       -1.724      0.92668    2.2204e-16       -1.724
_SET1_   9993         22   19013795   19144967    320      14  31524     -0.97778      0.72388    2.2204e-16     -0.97778
_SET1_   6576         22   19153088   19201338    131      13  31276     -0.39022      0.54551    2.7756e-16     -0.39022
_SET1_   7290         22   19308221   19454247    197      14  31177      -1.2999      0.84406    2.2204e-16      -1.2999
_SET1_   8318         22   19431984   19518135     89      12  30903     -0.96287      0.76963    2.2204e-16     -0.96287
_SET1_   5413         22   19666987   19720845     59       9  31444      0.49607       0.2205    2.7756e-16      0.49607
_SET1_   10587        22   19853040   19964359    290      29  31624       1.1959     0.058969    2.2204e-16       1.1959
_SET1_   5902         22   20068461   20124880     97       6  31715       1.0559      0.08649    2.2204e-16       1.0559
_SET1_   29801        22   20084364   20145530    106       6  31715       1.0972     0.079881    2.2204e-16       1.0972
_SET1_   65078        22   20218938   20290816     48       9  31487      0.03651      0.37192    2.7062e-16      0.03651
_SET1_   85359        22   20291761   20342628      8       1  31734      0.70758      0.15266    2.2204e-16      0.70758
_SET1_   7332         22   21868736   21988323    105       4  31825      -3.1677      0.99804    4.4409e-16      -3.1677
_SET1_   29799        22   22041825   22125071    109      17  32013       1.1182     0.071511    2.2204e-16       1.1182
_SET1_   5594         22   22103946   22256970    257      16  31653      0.17705      0.29283    2.7756e-16      0.17705
_SET1_   6634         22   24916618   24980932     42       5  30885     -0.18146      0.48756    2.7756e-16     -0.18146
_SET1_   23544        22   26530440   26789563    561      49  30632     -0.59843      0.58766    2.2204e-16     -0.59843
_SET1_   57168        22   26790280   26850978    109      15  31694      0.20754      0.30305    2.7756e-16      0.20754
_SET1_   84133        22   29244755   29463476    205      24  31051     -0.51583      0.59951    2.2204e-16     -0.51583
_SET1_   10291        22   30717977   30787931    147       9  31508     -0.67678      0.64631    2.2204e-16     -0.67678
_SET1_   7533         22   32305479   32363590    104      16  31562     -0.57558      0.60858    2.2204e-16     -0.57558
_SET1_   25828        22   36853083   36913072    148       9  31835      0.86997      0.11284    2.2204e-16      0.86997
_SET1_   80020        22   36873233   36938148     84       6  31831       1.0585     0.084385    2.2204e-16       1.0585
_SET1_   57026        22   38019737   38072939     51       4  31822      0.31634      0.26859    2.7756e-16      0.31634
_SET1_   9463         22   38418262   38481708     62      11  31620     -0.34792      0.52051    2.7756e-16     -0.34792
_SET1_   1454         22   38676697   38749089     35       7  31572     -0.35844      0.52218    2.7756e-16     -0.35844
_SET1_   3761         22   38812332   38886205     45       7  31747       1.0633     0.084577    2.2204e-16       1.0633
_SET1_   9929         22   39071548   39132423     96       6  31216      0.12008      0.36115    2.6368e-16      0.12008
_SET1_   23467        22   39204456   39275017     73       8  31777      0.32277      0.26136    2.7756e-16      0.32277
_SET1_   54471        22   39863197   39924139     30       3  31748     -0.81984      0.69763    2.2204e-16     -0.81984
_SET1_   468          22   39881569   39928691     28       3  31773     -0.66876      0.64083    2.2204e-16     -0.66876
_SET1_   91582        22   39915098   39963860     72       9  32082      -1.2376        0.812    2.2204e-16      -1.2376
_SET1_   5905         22   41630781   41717255    110      10  35490     -0.70382      0.47173    2.2204e-16     -0.70382
_SET1_   7008         22   41728337   41805332    120       9  31595     -0.53142      0.59355    2.2204e-16     -0.53142
_SET1_   10766        22   41819492   41879234     30       3  31297     -0.80206      0.71622    2.2204e-16     -0.80206
_SET1_   79879        22   42161636   42238175    116       9  31754     -0.47822      0.56271    2.7756e-16     -0.47822
_SET1_   79019        22   42324531   42378155     93       7  36596      -1.8542       0.8253    2.2204e-16      -1.8542
_SET1_   55964        22   42337855   42404225    117       7  38326        -2.12      0.83022    4.4409e-16        -2.12
_SET1_   150368       22   42435255   42485445     56       4  43669     -0.52871      0.29174    2.2204e-16     -0.52871
_SET1_   27341        22   42894341   42950829      9       2  30834      -1.2907      0.85406    2.2204e-16      -1.2907
_SET1_   25814        22   46032678   46251187    289      12  31693      -1.6351      0.89345    2.2204e-16      -1.6351
_SET1_   51512        22   46657638   46739596      1       1  30665      0.93198       0.1147    2.2204e-16      0.93198
_SET1_   9620         22   46746731   46968067    290      30  31662     -0.72186      0.63973    2.2204e-16     -0.72186
_SET1_   23209        22   50487820   50559358    256      10  31736       2.5486    0.0017258    4.4409e-16       2.5486
_SET1_   29781        22   50911645   50973209     71      13  27260     -0.13671      0.60532    2.7756e-16     -0.13671
