"Gene","Median_R","P_value","FDR"
"ENSG00000215022",-0.213137056023924,0.00526099647143871,0.0498357344679428
"ENSG00000279467",-0.213167310128977,0.0052544102987566,0.0497810079166681
"ENSG00000081842",-0.213174671426407,0.00525280889675941,0.0497734981897092
"ENSG00000054803",-0.213176976105869,0.00525230761867228,0.0497734981897092
"ENSG00000089199",-0.213200954503731,0.00524709475010322,0.049742328912562
"ENSG00000279829",-0.213202421911904,0.00524677588817077,0.049742328912562
"ENSG00000286523",-0.213208014485601,0.00524556080329432,0.049742328912562
"ENSG00000151067",-0.213232944511566,0.00524014738124198,0.049707094702706
"ENSG00000203709",-0.213303768386035,0.0052247956331043,0.0495767533832518
"ENSG00000286063",-0.213316105095402,0.00522212565593763,0.0495590595788782
"ENSG00000233452",-0.213345474213624,0.00521577434824459,0.0495140546796799
"ENSG00000218976",-0.213358230351693,0.00521301788603574,0.049503158891866
"ENSG00000284642",-0.213379784385667,0.00520836325843832,0.0494665907989703
"ENSG00000242922",-0.213382814245172,0.00520770925391273,0.0494665907989703
"ENSG00000182667",-0.213392613468621,0.00520559456474819,0.0494555591066475
"ENSG00000256564",-0.213411971513237,0.00520141932527598,0.049423521839553
"ENSG00000173272",-0.213416780216262,0.00520038262532894,0.0494213014659117
"ENSG00000248896",-0.21343927222693,0.00519553606792159,0.0493904961019719
"ENSG00000143630",-0.213469683718418,0.00518898945968604,0.0493435054553334
"ENSG00000234360",-0.213498021437449,0.00518289591679358,0.0493007954100686
"ENSG00000279630",-0.213516335049869,0.00517896129649194,0.0492709837735817
"ENSG00000131233",-0.213523038487326,0.00517752175354117,0.0492649039579372
"ENSG00000288881",-0.213523274560763,0.00517747106401575,0.0492649039579372
"ENSG00000180139",-0.21353622686226,0.00517469063576794,0.0492608136871929
"ENSG00000214457",-0.213576066159096,0.00516614684380591,0.0491870886997511
"ENSG00000213790",-0.213597668766973,0.00516151931061586,0.0491582396243488
"ENSG00000289008",-0.213626715298681,0.00515530305256508,0.0491218410074416
"ENSG00000287209",-0.213647082851341,0.00515094818565674,0.0490879459798789
"ENSG00000129636",-0.213667230481201,0.00514664358306193,0.0490545195409576
"ENSG00000103121",-0.213749058260595,0.00512919392364923,0.0489109251374447
"ENSG00000205726",-0.213772584987554,0.00512418669960343,0.0488707494561279
"ENSG00000142186",-0.213836300713579,0.00511064797585688,0.0487718590519671
"ENSG00000170396",-0.213878263937776,0.00510174887139797,0.0487095923892827
"ENSG00000233693",-0.213910408481773,0.00509494139740704,0.0486596948109899
"ENSG00000234177",-0.213944050958895,0.00508782541116937,0.0485992747330448
"ENSG00000102128",-0.213949921331917,0.00508658463488703,0.048594965037176
"ENSG00000279875",-0.213968158609299,0.00508273168862804,0.048573235876541
"ENSG00000138443",-0.213986095237263,0.00507894481022564,0.0485534450309561
"ENSG00000126461",-0.21400666010632,0.00507460615360753,0.048525724225858
"ENSG00000288657",-0.21411444443914,0.00505192070018552,0.048334128112826
"ENSG00000213315",-0.214131525971974,0.0050483338890364,0.0483120293681941
"ENSG00000240174",-0.214143050760426,0.00504591518228144,0.0482963925316219
"ENSG00000133169",-0.214220868437113,0.00502961074574335,0.0481628074896575
"ENSG00000137142",-0.21424508413331,0.00502454668805473,0.0481218022672954
"ENSG00000051009",-0.21429887377015,0.0050133143821159,0.0480291750206944
"ENSG00000181619",-0.214311539051087,0.0050106729037768,0.0480113425486594
"ENSG00000114757",-0.214331210424036,0.00500657270351493,0.0479795251424981
"ENSG00000007080",-0.214337079221855,0.00500535002376379,0.0479752782841487
"ENSG00000285993",-0.21438942643198,0.00499445606560677,0.0478783183959039
"ENSG00000257835",-0.214400065127233,0.00499224465037293,0.0478645746631176
"ENSG00000175662",-0.214404612641412,0.00499129964784607,0.0478629706336925
"ENSG00000116544",-0.214433286098993,0.00498534481106653,0.0478133179137102
"ENSG00000039523",-0.214440333054235,0.0049838822908082,0.0478067412259195
"ENSG00000163637",-0.21450251889332,0.00497099294225541,0.0476905361867759
"ENSG00000257723",-0.214554676573747,0.00496020518975138,0.0476018818334725
"ENSG00000258057",-0.214574359591715,0.00495613961505006,0.0475702832920526
"ENSG00000138078",-0.214596715621716,0.00495152554598566,0.0475334094840339
"ENSG00000234497",-0.214630939234793,0.00494446958006208,0.0474804861656016
"ENSG00000229359",-0.214666402176358,0.00493716760750423,0.0474251667295521
"ENSG00000145335",-0.214692683109505,0.00493176248721701,0.0474028409360118
"ENSG00000198015",-0.214712157556581,0.00492776065839729,0.0473717747517031
"ENSG00000280776",-0.214727822736543,0.00492454371331064,0.0473482453197923
"ENSG00000102904",-0.214754971613419,0.00491897297540341,0.0473094659787822
"ENSG00000246379",-0.214806976774512,0.00490831769317446,0.047214364505897
"ENSG00000224425",-0.214830219508836,0.00490356220755011,0.0471759938254594
"ENSG00000272620",-0.214835584578325,0.00490246509610232,0.0471728129885118
"ENSG00000172731",-0.21487705950512,0.00489399124634781,0.0471060052025695
"ENSG00000121454",-0.214880520653591,0.00489328468408545,0.0471060052025695
"ENSG00000156298",-0.21492522459424,0.00488416699228291,0.0470261535314548
"ENSG00000166257",-0.214993258315559,0.00487032024880569,0.0469148519944431
"ENSG00000127526",-0.215029817865371,0.00486289391667544,0.0468800036353185
"ENSG00000279388",-0.215070898735974,0.0048545612846836,0.046821676806859
"ENSG00000131368",-0.215101507484395,0.00484836108902103,0.0467838718818924
"ENSG00000235381",-0.215147722002815,0.00483901319648462,0.0467009923419241
"ENSG00000256654",-0.215199289217758,0.00482860168389299,0.0466224446240211
"ENSG00000236653",-0.215215154053055,0.00482540258835782,0.0465988666088018
"ENSG00000144355",-0.21528041891878,0.00481226210965549,0.0464938554594407
"ENSG00000276449",-0.21529221203379,0.0048098911007429,0.0464782442933147
"ENSG00000100401",-0.215298084070298,0.00480871091695481,0.0464741370403685
"ENSG00000259575",-0.215299779967835,0.00480837011747822,0.0464741370403685
"ENSG00000274064",-0.215333790481956,0.00480154009802632,0.046419413099738
"ENSG00000241787",-0.215398402466546,0.00478858862610444,0.0463087521063751
"ENSG00000286642",-0.215415283984902,0.00478520989228779,0.0462833502453182
"ENSG00000162694",-0.21543921394796,0.00478042411830341,0.0462443291318556
"ENSG00000147010",-0.215440391063676,0.00478018881672491,0.0462443291318556
"ENSG00000228979",-0.215526227057993,0.00476305845282868,0.0460980766505564
"ENSG00000234773",-0.215541438353535,0.00476002847121175,0.0460759975200151
"ENSG00000257894",-0.215551783257939,0.00475796882780251,0.0460633055746859
"ENSG00000149260",-0.215602064054325,0.00474796943281665,0.045995440071347
"ENSG00000178796",-0.215605274785786,0.00474733155199586,0.045995440071347
"ENSG00000251095",-0.215692443536571,0.00473004295240293,0.0458506478914295
"ENSG00000212695",-0.215706274990531,0.00472730489117223,0.0458313251767965
"ENSG00000286156",-0.215814860279135,0.00470585879980592,0.0456377834817611
"ENSG00000007168",-0.215826347029586,0.00470359522684745,0.0456230204320093
"ENSG00000144120",-0.215891601191031,0.00469075480249122,0.0455199958316808
"ENSG00000177272",-0.215891979655787,0.00469068042169451,0.0455199958316808
"ENSG00000271461",-0.215918327597296,0.00468550478331658,0.0455061385812712
"ENSG00000107742",-0.215939220801389,0.00468140428520956,0.0454794546691297
"ENSG00000123472",-0.215955640328203,0.00467818405023397,0.0454553456248183
"ENSG00000288062",-0.215963136399484,0.00467671456456795,0.0454526753479539
"ENSG00000126464",-0.215977097051311,0.00467397890445459,0.0454360065859664
"ENSG00000236380",-0.215980920155221,0.004673229998441,0.0454359031633575
"ENSG00000212128",-0.215991502029247,0.00467115768154019,0.0454229306924806
"ENSG00000255408",-0.216004372920252,0.00466863820300421,0.0454056051778905
"ENSG00000162817",-0.216082430766615,0.00465338447329558,0.0452715608638165
"ENSG00000272693",-0.216113039415829,0.00464741527885153,0.0452277871476342
"ENSG00000289108",-0.216113181760443,0.00464738753534833,0.0452277871476342
"ENSG00000265689",-0.216156751933382,0.00463890252535393,0.0451735153513263
"ENSG00000153495",-0.216157385708056,0.00463877920447041,0.0451735153513263
"ENSG00000091482",-0.216165190179829,0.00463726083909531,0.0451718235329664
"ENSG00000236760",-0.216183979076292,0.00463360727541334,0.0451433791606836
"ENSG00000198785",-0.216201543626938,0.00463019412621821,0.045117268414182
"ENSG00000149927",-0.216255592636952,0.0046197054535814,0.0450364569040415
"ENSG00000171368",-0.216269308436925,0.00461704717961311,0.0450242507067676
"ENSG00000231322",-0.216288247455048,0.00461337884454355,0.0450032949133917
"ENSG00000198300",-0.216301989844328,0.00461071869237615,0.0449916079282698
"ENSG00000141759",-0.216310743368516,0.00460902496635232,0.0449893469514968
"ENSG00000204406",-0.216336448788486,0.00460405443220753,0.0449479578007265
"ENSG00000259224",-0.216374260644874,0.00459675167723601,0.0448837831546585
"ENSG00000244604",-0.216382006656103,0.00459525694275586,0.0448763080426795
"ENSG00000029153",-0.216439470152321,0.00458418192554425,0.0447894733173035
"ENSG00000237353",-0.216478890842016,0.00457659818383593,0.0447224767586533
"ENSG00000253368",-0.216522439511233,0.0045682333958042,0.0446620105022039
"ENSG00000267493",-0.216561704616259,0.00456070315839882,0.0445954742898788
"ENSG00000272375",-0.216641285143159,0.00454547542099393,0.0444607023696202
"ENSG00000242759",-0.216684839476878,0.00453716063722769,0.0443864273180005
"ENSG00000235123",-0.216703486350305,0.00453360501331335,0.0443604683497453
"ENSG00000286015",-0.216740359356208,0.00452658135633186,0.044311105931937
"ENSG00000264364",-0.216773329937772,0.0045203093167611,0.0442769859435674
"ENSG00000106868",-0.216811893388388,0.00451298323851826,0.0442201943052647
"ENSG00000257069",-0.216819030625523,0.00451162851399421,0.0442139594371432
"ENSG00000226683",-0.216864004331832,0.00450310041559369,0.0441374123231881
"ENSG00000145861",-0.216889333157114,0.00449830383367418,0.044104446573147
"ENSG00000102901",-0.2169302045558,0.00449057358930942,0.0440356693722847
"ENSG00000277159",-0.216932450502971,0.00449014914625536,0.0440356693722847
"ENSG00000234432",-0.216932793019358,0.00449008442007082,0.0440356693722847
"ENSG00000166676",-0.216949779348445,0.0044868755214734,0.0440274660544578
"ENSG00000287912",-0.216958943864063,0.00448514510211353,0.0440175044114934
"ENSG00000225911",-0.21700134740152,0.00447714637750451,0.0439530222774187
"ENSG00000231181",-0.217005265413069,0.00447640795638709,0.0439527841844109
"ENSG00000086506",-0.21703335534243,0.00447111709596104,0.0439218564331726
"ENSG00000251294",-0.217067811687303,0.00446463476256971,0.0438721829518745
"ENSG00000240204",-0.217077241450862,0.00446286219589467,0.0438617679629738
"ENSG00000235816",-0.217138688726268,0.00445132706778463,0.0437614157922741
"ENSG00000130226",-0.2171542390175,0.00444841215349852,0.0437476953619228
"ENSG00000152128",-0.217185137829533,0.0044426252335851,0.0437047518183762
"ENSG00000271434",-0.217193227469395,0.00444111127315002,0.0436968428768577
"ENSG00000268182",-0.217256982280984,0.00442919588944677,0.0435865736840601
"ENSG00000235316",-0.217281585445287,0.00442460539199845,0.0435553285740807
"ENSG00000135324",-0.217296269036505,0.00442186774079838,0.0435353428634931
"ENSG00000229081",-0.21732998411207,0.00441558756074088,0.0434804673341179
"ENSG00000289510",-0.217357260349697,0.00441051262055695,0.0434374441861989
"ENSG00000287112",-0.217396162287752,0.00440328369927285,0.0433801331820151
"ENSG00000187624",-0.217430315413948,0.00439694599701577,0.0433246308742136
"ENSG00000101247",-0.217438135006026,0.00439549608995336,0.0433172796413274
"ENSG00000178234",-0.21746455893681,0.00439059974752898,0.0432828881726611
"ENSG00000255403",-0.217491359800254,0.00438563856488465,0.0432478352567314
"ENSG00000084710",-0.217554575463639,0.00437395647833763,0.0431464621738758
"ENSG00000204681",-0.21768852053302,0.00434929610438542,0.0429445017565051
"ENSG00000278989",-0.217707389426222,0.00434583224404806,0.0429171854344823
"ENSG00000213888",-0.217711337772184,0.00434510773940556,0.0429169171423489
"ENSG00000126267",-0.217713173188225,0.00434477098533934,0.0429169171423489
"ENSG00000253805",-0.217798165856058,0.00432920256454068,0.0428079117339479
"ENSG00000148337",-0.217800954064795,0.00432869268824385,0.0428079117339479
"ENSG00000100028",-0.217826491773612,0.00432402514857477,0.0427773354354421
"ENSG00000102078",-0.217836371377543,0.00432222066193921,0.0427663582666216
"ENSG00000261286",-0.217865724041061,0.00431686345708176,0.0427202194247692
"ENSG00000262152",-0.217912513050178,0.00430833624935108,0.0426495489995275
"ENSG00000251536",-0.217921612964513,0.00430667956648155,0.0426400075996686
"ENSG00000169727",-0.217937104199825,0.00430386062975064,0.042622494517981
"ENSG00000225900",-0.217948378062516,0.00430181016990076,0.0426123619984505
"ENSG00000286353",-0.217975140296538,0.00429694624146946,0.042577887535823
"ENSG00000170485",-0.217993114575925,0.00429368226322123,0.0425523963297403
"ENSG00000287225",-0.21804653542796,0.00428399463184124,0.042476907623979
"ENSG00000237691",-0.218105586452381,0.00427330885489241,0.0423914442562054
"ENSG00000231754",-0.218109799937193,0.00427254730592194,0.042390722456176
"ENSG00000186442",-0.218145193385928,0.00426615507650219,0.0423341257704371
"ENSG00000184999",-0.218152780316044,0.00426478595912218,0.0423341257704371
"ENSG00000216906",-0.218175835182569,0.00426062796164175,0.0423133915235243
"ENSG00000148384",-0.218200050392118,0.00425626461709462,0.0422837045350236
"ENSG00000136854",-0.218214566056837,0.00425365096161769,0.0422645616373586
"ENSG00000157470",-0.218268345463465,0.00424398013956544,0.0421786963286461
"ENSG00000233012",-0.218301619691206,0.00423800653918767,0.0421295226050341
"ENSG00000213612",-0.218360040110632,0.00422753681528784,0.0420390250056673
"ENSG00000233821",-0.218381348590869,0.00422372383971651,0.0420078959262302
"ENSG00000199940",-0.218426058243465,0.00421573346493871,0.0419435641468746
"ENSG00000235257",-0.218426378932429,0.0042156762014852,0.0419435641468746
"ENSG00000206181",-0.218428017112949,0.00421538369258635,0.0419435641468746
"ENSG00000184599",-0.218431707942342,0.0042147247353435,0.0419435641468746
"ENSG00000180611",-0.218452234515633,0.00421106162930444,0.0419302570882348
"ENSG00000286889",-0.218491270202225,0.00420410334210291,0.0418804364011624
"ENSG00000203879",-0.2185330399861,0.00419666913862314,0.041813146425032
"ENSG00000288074",-0.218534948245093,0.00419632978836056,0.041813146425032
"ENSG00000273238",-0.218552826718945,0.00419315161462634,0.0417984002219895
"ENSG00000276662",-0.21855643758535,0.00419250999030014,0.0417984002219895
"ENSG00000255167",-0.218582904049922,0.00418780978855423,0.041758678811857
"ENSG00000147123",-0.218638588162729,0.00417793626539451,0.0416804846032485
"ENSG00000175746",-0.218650792648575,0.00417577504829077,0.0416656776219208
"ENSG00000254973",-0.218662691419338,0.00417366893613203,0.0416575964566296
"ENSG00000261448",-0.218679689723862,0.00417066185046508,0.0416349088280653
"ENSG00000153266",-0.218842158787858,0.00414201839057015,0.0414094184258039
"ENSG00000163689",-0.21885278256766,0.00414015158362116,0.0414042068674651
"ENSG00000213619",-0.21886455770729,0.00413808334414522,0.0413969768095048
"ENSG00000285780",-0.218886432379722,0.00413424364240664,0.0413720147525649
"ENSG00000229214",-0.218967021914338,0.00412012524112545,0.0412441424593079
"ENSG00000185345",-0.218994732238194,0.00411528072344012,0.0412090525290268
"ENSG00000248152",-0.219006353815063,0.00411325048115165,0.041195425160618
"ENSG00000162076",-0.219024151431188,0.00411014305582932,0.0411776206037682
"ENSG00000266472",-0.219039559099014,0.00410745461548377,0.0411574709956583
"ENSG00000285973",-0.219073034973135,0.00410161895497728,0.0411056891328972
"ENSG00000183155",-0.219111287207782,0.00409495978760877,0.0410456360209436
"ENSG00000257434",-0.219116969348107,0.00409397143809078,0.0410424137784425
"ENSG00000259985",-0.219207546929224,0.00407824534725215,0.0409047476615526
"ENSG00000259518",-0.219208314394129,0.00407811233235804,0.0409047476615526
"ENSG00000284946",-0.219244212174076,0.00407189498668373,0.0408543699153022
"ENSG00000289014",-0.219294928262642,0.00406312570300519,0.0407863331048363
"ENSG00000261624",-0.219300893361802,0.00406209539917509,0.040782642617754
"ENSG00000273604",-0.219313088568921,0.00405998974998147,0.0407681529079556
"ENSG00000225885",-0.219335360451516,0.00405614677528702,0.0407362103685157
"ENSG00000124205",-0.21935670604441,0.00405246670140078,0.0407125384706186
"ENSG00000211451",-0.21936694250338,0.00405070295671544,0.0407014633090767
"ENSG00000226080",-0.21945204206952,0.00403606698933274,0.0405742742227204
"ENSG00000188130",-0.219506540446181,0.00402671901647925,0.0404869131106353
"ENSG00000260750",-0.219544254399327,0.00402026144301998,0.0404351969683317
"ENSG00000121390",-0.219552844284583,0.0040187919428247,0.0404270237543647
"ENSG00000281706",-0.219586310325559,0.00401307140388488,0.0403892831530157
"ENSG00000286970",-0.219604703971597,0.00400993039516676,0.0403708745689749
"ENSG00000237515",-0.21962664832909,0.00400618593948664,0.0403529799443152
"ENSG00000187122",-0.219726372802082,0.00398920914641272,0.0402017173254993
"ENSG00000008438",-0.21972868795122,0.00398881579241908,0.0402017173254993
"ENSG00000274776",-0.219822039959154,0.00397298392296734,0.0400775811432719
"ENSG00000236366",-0.21984045833457,0.00396986697799247,0.0400527038186178
"ENSG00000187862",-0.219850489030236,0.00396817040725113,0.0400421510975346
"ENSG00000182791",-0.219874142731995,0.00396417225304428,0.0400149281845756
"ENSG00000167487",-0.21988059923136,0.00396308154940329,0.0400104807868236
"ENSG00000162650",-0.219886055446281,0.00396216003547644,0.0400077403155639
"ENSG00000139797",-0.219906326377252,0.00395873811543502,0.0399797470588009
"ENSG00000186628",-0.219939662367429,0.00395311647578135,0.0399360801683334
"ENSG00000235129",-0.219942196761099,0.00395268938040681,0.0399360801683334
"ENSG00000243116",-0.219968798528918,0.00394820896210578,0.0399028363817081
"ENSG00000267128",-0.220049312929857,0.0039346761147336,0.0397824391005692
"ENSG00000150873",-0.220130417765369,0.00392108624885821,0.0396645845002843
"ENSG00000182531",-0.220157644890506,0.00391653357274482,0.0396304902526772
"ENSG00000165060",-0.220157705781647,0.00391652339640783,0.0396304902526772
"ENSG00000112759",-0.220190692770675,0.00391101399471786,0.0395952369289219
"ENSG00000136367",-0.220260319831012,0.00389940795874365,0.0394907295397267
"ENSG00000078902",-0.220311009384429,0.00389097809964884,0.0394378056924882
"ENSG00000093217",-0.220333030898161,0.00388732095526892,0.0394072279477962
"ENSG00000121716",-0.220365378404359,0.00388195456929056,0.0393593100514693
"ENSG00000095713",-0.220399122131266,0.00387636366102103,0.0393155776456622
"ENSG00000255916",-0.220520268448036,0.00385635093076733,0.0391513133756425
"ENSG00000259686",-0.220521938743383,0.00385607565813087,0.0391513133756425
"ENSG00000225872",-0.220559346659627,0.00384991528817981,0.0390988756593628
"ENSG00000256025",-0.220562262151906,0.00384943553465397,0.0390988756593628
"ENSG00000256420",-0.220587336211157,0.0038453117400533,0.0390714653673172
"ENSG00000263426",-0.220626577448349,0.00383886592963073,0.039018854628108
"ENSG00000164418",-0.220634740176405,0.00383752633356867,0.0390116816440618
"ENSG00000236670",-0.220672040563729,0.00383141027242902,0.0389559414846145
"ENSG00000249196",-0.220692397089775,0.0038280761616613,0.0389413420319476
"ENSG00000158856",-0.220711747444415,0.00382490926975858,0.0389155589515659
"ENSG00000270994",-0.220716111254392,0.00382419541179481,0.0389155589515659
"ENSG00000105711",-0.220728900692502,0.00382210393050429,0.0389063123220238
"ENSG00000179222",-0.220729283693979,0.0038220413134271,0.0389063123220238
"ENSG00000152495",-0.220762894403894,0.0038165498800463,0.0388626316706767
"ENSG00000115840",-0.220766760071926,0.00381591874968961,0.0388626316706767
"ENSG00000135248",-0.220811516090406,0.00380861847443144,0.038807552216955
"ENSG00000258429",-0.220854429127763,0.00380163062598238,0.0387427645711971
"ENSG00000288897",-0.220867987543534,0.0037994252099586,0.0387267017425791
"ENSG00000206028",-0.220869528459183,0.00379917463707946,0.0387267017425791
"ENSG00000213339",-0.220975497467358,0.00378197836260682,0.0385616428675074
"ENSG00000184261",-0.221052257427011,0.00376956584319998,0.03846129293266
"ENSG00000120875",-0.221104211784529,0.00376118536434153,0.0384005295393223
"ENSG00000132361",-0.221133688400967,0.0037564381144052,0.0383647904601649
"ENSG00000185104",-0.221140293283899,0.00375537512928583,0.0383602999098368
"ENSG00000240622",-0.221229421808504,0.00374105732170803,0.0382278045521482
"ENSG00000068354",-0.221285397076115,0.00373209048548706,0.0381604546999195
"ENSG00000146776",-0.221310318698552,0.00372810445298445,0.0381387068574593
"ENSG00000261067",-0.221341004136395,0.00372320180847317,0.0380948848047669
"ENSG00000157764",-0.221399189449822,0.00371392142543875,0.0380062487873632
"ENSG00000211772",-0.221431290596586,0.00370881031394237,0.0379728867012592
"ENSG00000250039",-0.221450079904389,0.00370582164067861,0.0379486001753618
"ENSG00000229425",-0.221470044994753,0.00370264832243493,0.0379224144376661
"ENSG00000233595",-0.221479083996763,0.00370121243849322,0.0379140176955104
"ENSG00000134757",-0.221527102842208,0.00369359284893537,0.037842263741448
"ENSG00000163482",-0.221558692874115,0.00368858787975674,0.0378098688327363
"ENSG00000254838",-0.221567856326568,0.003687137211239,0.0378012947740285
"ENSG00000107758",-0.221573484808309,0.00368624641971114,0.0377984587895206
"ENSG00000279020",-0.221579212420374,0.00368534013839151,0.0377984587895206
"ENSG00000259707",-0.221616358607229,0.00367946736058599,0.0377541079092871
"ENSG00000078369",-0.221654871640598,0.00367338739056204,0.0376980079314241
"ENSG00000197457",-0.221657272452153,0.00367300867951069,0.0376980079314241
"ENSG00000155886",-0.221759825086975,0.0036568645376849,0.0375722990162403
"ENSG00000182771",-0.221776456096101,0.00365425246883238,0.0375517304962131
"ENSG00000173627",-0.221827981067984,0.00364617061907795,0.0374749373046983
"ENSG00000143740",-0.221836772451793,0.00364479327337476,0.0374732972296319
"ENSG00000286913",-0.221838637286486,0.00364450117009393,0.0374732972296319
"ENSG00000226031",-0.22184904102223,0.00364287194074352,0.0374723233697341
"ENSG00000185519",-0.221859006572518,0.00364131194693343,0.0374688016154608
"ENSG00000196912",-0.221873043052759,0.00363911571640959,0.0374587284915055
"ENSG00000112273",-0.221900038784632,0.00363489516046204,0.0374340675628307
"ENSG00000255004",-0.221904543087105,0.00363419138019707,0.0374330835653303
"ENSG00000182057",-0.22190784241114,0.00363367595119047,0.0374330835653303
"ENSG00000081148",-0.221930262429825,0.00363017518200801,0.0374042359620795
"ENSG00000144959",-0.221943801648136,0.00362806257593069,0.0373977557118023
"ENSG00000229990",-0.221946225529703,0.0036276844800017,0.0373977557118023
"ENSG00000145819",-0.22195011357059,0.00362707806726452,0.0373977557118023
"ENSG00000104888",-0.221973180062639,0.00362348229460133,0.0373728162123251
"ENSG00000203601",-0.22203266721898,0.00361422382617177,0.0372898224908492
"ENSG00000077264",-0.22203833667592,0.00361334255647983,0.0372869809349421
"ENSG00000257126",-0.222055055764406,0.00361074484155601,0.0372664230301397
"ENSG00000263826",-0.222056798664284,0.00361047413679786,0.0372664230301397
"ENSG00000285669",-0.222060470901665,0.00360990382992662,0.0372664230301397
"ENSG00000253554",-0.222119131530228,0.00360080470154748,0.0371950192265925
"ENSG00000286622",-0.222152745182348,0.00359560005064254,0.0371537289316227
"ENSG00000198825",-0.222202060547714,0.00358797645907395,0.0370811793782111
"ENSG00000188981",-0.222202208320652,0.00358795363698014,0.0370811793782111
"ENSG00000289369",-0.222217924388797,0.00358552718991467,0.0370745439139967
"ENSG00000183780",-0.222310917639666,0.00357119995285343,0.0369450209948582
"ENSG00000251244",-0.222338290744365,0.00356699249026221,0.0369076976833721
"ENSG00000149582",-0.222346715868404,0.00356569838181018,0.0369005113855937
"ENSG00000231133",-0.222360383058306,0.00356359998640881,0.0368849979084332
"ENSG00000254713",-0.222409242401808,0.00355610745597236,0.0368260267996572
"ENSG00000268496",-0.222410125820835,0.00355597211538346,0.0368260267996572
"ENSG00000133136",-0.222423167625716,0.00355397463941111,0.0368163297774646
"ENSG00000261123",-0.22243508316575,0.00355215054596208,0.0368036284849647
"ENSG00000196422",-0.222463245681871,0.00354784263475671,0.0367651838884436
"ENSG00000178719",-0.222483765665042,0.00354470673931702,0.03673887362151
"ENSG00000253517",-0.222513529465359,0.00354016263076149,0.0366979567033157
"ENSG00000125814",-0.222577427982148,0.00353042483293739,0.0366093455633191
"ENSG00000287283",-0.22260873268181,0.00352566298156601,0.0365722910058147
"ENSG00000213587",-0.222610066183097,0.00352546026736759,0.0365722910058147
"ENSG00000279028",-0.222613254222986,0.00352497567529851,0.0365722910058147
"ENSG00000130881",-0.222721210245235,0.00350860143282812,0.0364383001319565
"ENSG00000131323",-0.222793249950194,0.00349771299194054,0.0363374828453728
"ENSG00000091972",-0.222821672299831,0.00349342548583794,0.0362990677191306
"ENSG00000153823",-0.222843560037028,0.00349012695584911,0.0362709174891553
"ENSG00000135925",-0.222878560105906,0.00348485820528543,0.0362222789032404
"ENSG00000227249",-0.222895324037824,0.00348233718113517,0.0362083053684377
"ENSG00000259417",-0.222976495097186,0.00347015361534982,0.0360938201965674
"ENSG00000262943",-0.222980070482675,0.00346961784435896,0.0360938201965674
"ENSG00000119283",-0.223008061369346,0.00346542599183436,0.0360690304822347
"ENSG00000126091",-0.223009058875271,0.00346527669190935,0.0360690304822347
"ENSG00000107821",-0.223049545920401,0.00345922175983693,0.0360166374534603
"ENSG00000287537",-0.223062005569768,0.0034573603114128,0.036009440346182
"ENSG00000260600",-0.223106139857507,0.00345077399702786,0.0359638477974244
"ENSG00000184719",-0.223159011351587,0.00344289870032612,0.0358891865875458
"ENSG00000184271",-0.223163550301501,0.00344222337245111,0.0358882255182333
"ENSG00000280168",-0.223208670344308,0.00343551667971987,0.0358365150062169
"ENSG00000159692",-0.223242628653442,0.0034304768561233,0.0357960779303581
"ENSG00000178385",-0.223278104640903,0.00342521891497948,0.035747273682126
"ENSG00000183837",-0.223291200890396,0.00342327974127406,0.0357391566407075
"ENSG00000168237",-0.223294385638194,0.00342280832247478,0.0357391566407075
"ENSG00000259269",-0.223366379480584,0.0034121671272659,0.0356412786287258
"ENSG00000257880",-0.223372978315894,0.00341119326788149,0.0356371547239006
"ENSG00000260209",-0.223397056075588,0.00340764198658843,0.0356121444086599
"ENSG00000165300",-0.223431962120864,0.00340249954073222,0.0355644415310503
"ENSG00000122140",-0.223452013584833,0.0033995486761909,0.0355396337230325
"ENSG00000081248",-0.22345707597272,0.0033988040373484,0.0355378857754961
"ENSG00000288110",-0.22348971834194,0.00339400612524351,0.0355118519163527
"ENSG00000267169",-0.223493533863335,0.00339344570302187,0.0355118519163527
"ENSG00000231013",-0.223507609482451,0.00339137900391561,0.0354964335743167
"ENSG00000235961",-0.223577540760371,0.00338112794166652,0.0353951587075905
"ENSG00000241973",-0.223624700654527,0.0033742306771676,0.0353409892436356
"ENSG00000272405",-0.223655749951866,0.00336969656565131,0.035299507308331
"ENSG00000287661",-0.223673473977169,0.00336711080180758,0.0352784247848903
"ENSG00000125841",-0.223698489468232,0.00336346433056289,0.0352462197786758
"ENSG00000213409",-0.223747239107358,0.00335636840503019,0.0351778503268355
"ENSG00000233642",-0.223769565493953,0.00335312312184815,0.0351498227577964
"ENSG00000270863",-0.223792899356937,0.00334973442211325,0.0351322520917753
"ENSG00000288540",-0.223796321824845,0.00334923764840726,0.0351322520917753
"ENSG00000227053",-0.223796340326841,0.00334923496300966,0.0351322520917753
"ENSG00000274996",-0.223848282482617,0.00334170368411249,0.0350659525208898
"ENSG00000136490",-0.223878402086095,0.00333734353938075,0.0350261716895717
"ENSG00000274211",-0.223882361303562,0.00333677078097479,0.0350261335398793
"ENSG00000119401",-0.223910336344422,0.00333272631169408,0.0349896465586661
"ENSG00000186047",-0.223911132032936,0.00333261134040012,0.0349896465586661
"ENSG00000272391",-0.223923597345444,0.00333081065923461,0.0349814694900913
"ENSG00000264791",-0.223982245253106,0.00332235043415582,0.034898572302387
"ENSG00000205277",-0.223987849569287,0.00332154300241103,0.0348960468658902
"ENSG00000248423",-0.224000689027334,0.00331969384830931,0.0348825743896787
"ENSG00000182732",-0.224078666213401,0.00330848342471961,0.0347714037265575
"ENSG00000250067",-0.224339183778117,0.00327127736458984,0.0344385039559215
"ENSG00000173818",-0.224385660373529,0.00326467961295634,0.0343749259366612
"ENSG00000269891",-0.224429260871405,0.00325850107239063,0.0343216138968354
"ENSG00000231074",-0.224438156299837,0.0032572418162199,0.0343200976438003
"ENSG00000226085",-0.224490480103327,0.00324984363418139,0.0342538750851275
"ENSG00000164619",-0.224528285580777,0.00324450767649895,0.0342152125501116
"ENSG00000040199",-0.22453617237702,0.00324339551255672,0.034209345916845
"ENSG00000251011",-0.224542412695073,0.00324251577222486,0.034208532048182
"ENSG00000274099",-0.22456297384408,0.00323961865068351,0.0341906666113856
"ENSG00000260630",-0.224575667340951,0.00323783126971352,0.0341799464259432
"ENSG00000251460",-0.224610874596877,0.00323287836831307,0.0341562454967223
"ENSG00000129245",-0.224620139138203,0.00323157618471954,0.0341549243881812
"ENSG00000231863",-0.224728687436527,0.00321635435388581,0.0340115656968296
"ENSG00000138650",-0.224786914391584,0.00320821584231935,0.0339313345591514
"ENSG00000132600",-0.224892733651425,0.0031934728456848,0.0337928288883813
"ENSG00000116731",-0.224894356413104,0.00319324723573548,0.0337928288883813
"ENSG00000226435",-0.224896244387204,0.00319298477184606,0.0337928288883813
"ENSG00000168096",-0.22490671308971,0.00319152977892738,0.0337896970091702
"ENSG00000287475",-0.224919608096144,0.00318973838918912,0.0337820972971036
"ENSG00000244053",-0.224940016870827,0.00318690503378578,0.0337581554904151
"ENSG00000184117",-0.224947572196842,0.00318585670260864,0.0337528602006104
"ENSG00000111674",-0.224969142348486,0.00318286547304892,0.0337327833086486
"ENSG00000113068",-0.224975790108356,0.00318194410990459,0.0337327833086486
"ENSG00000185313",-0.225046691799671,0.00317213228574886,0.0336480023085363
"ENSG00000237720",-0.225118022553986,0.00316228867080001,0.0335609404993474
"ENSG00000259081",-0.225157632208383,0.00315683447785497,0.0335146146463871
"ENSG00000111863",-0.225190878740651,0.00315226303913004,0.0334776318343778
"ENSG00000279678",-0.225246686329374,0.00314460287036246,0.0334135771846663
"ENSG00000131398",-0.225279697624608,0.00314007964817873,0.0333828056430319
"ENSG00000213585",-0.22531988556985,0.0031345810122072,0.0333358655288197
"ENSG00000180921",-0.225335848411578,0.00313239934296908,0.0333184212173676
"ENSG00000239445",-0.225413803881932,0.00312176472936301,0.033222529570105
"ENSG00000198932",-0.225418325603758,0.00312114888234498,0.033221720306994
"ENSG00000145934",-0.22559040812846,0.00309779310291457,0.0330073716630496
"ENSG00000235012",-0.225605086792242,0.00309580818029984,0.0329919339650862
"ENSG00000128245",-0.225616182092911,0.00309430858078854,0.0329873769783562
"ENSG00000108924",-0.225630156798437,0.00309242074567318,0.0329729629888618
"ENSG00000175920",-0.225644889537334,0.00309043163530595,0.0329680212802763
"ENSG00000153391",-0.22573230604953,0.00307865303878304,0.032854625042286
"ENSG00000183654",-0.225780158888633,0.00307222249140211,0.0327973739828016
"ENSG00000186815",-0.225809219334191,0.00306832322512908,0.032761430355195
"ENSG00000159784",-0.22593088481625,0.00305204693454778,0.0326046131817061
"ENSG00000237593",-0.225961655973268,0.00304794278232661,0.0325795742959431
"ENSG00000166326",-0.225980756531962,0.00304539772465009,0.0325618411337501
"ENSG00000155719",-0.225993022070517,0.0030437644135066,0.0325500325047524
"ENSG00000251209",-0.22599420159413,0.00304360738680123,0.0325500325047524
"ENSG00000286954",-0.226086256536542,0.00303137492924835,0.0324400867059052
"ENSG00000288965",-0.226166521079608,0.00302074549058062,0.0323432081545396
"ENSG00000100604",-0.226176971103679,0.00301936407492232,0.0323340425660378
"ENSG00000167912",-0.226177196634948,0.00301933426765818,0.0323340425660378
"ENSG00000255326",-0.226185289699225,0.00301826482656795,0.0323335231481807
"ENSG00000257150",-0.226200131703935,0.00301630445060736,0.0323199294316951
"ENSG00000280350",-0.226299218848583,0.00300324619350457,0.0322062700353799
"ENSG00000103197",-0.226381952142463,0.00299238231351333,0.0321233520151516
"ENSG00000196313",-0.226401398049274,0.00298983399386755,0.0321015951358312
"ENSG00000259258",-0.226490838271124,0.00297813840604255,0.0320151179146694
"ENSG00000147724",-0.226502100632138,0.00297666862748339,0.0320146583753629
"ENSG00000229953",-0.226536221910907,0.00297221968080985,0.0319738311546515
"ENSG00000231606",-0.226577720864719,0.00296681689000017,0.0319268715996101
"ENSG00000131650",-0.226620743721595,0.00296122507778903,0.0318722693577208
"ENSG00000172878",-0.226662896846465,0.00295575555235226,0.0318189644418344
"ENSG00000250878",-0.226677975709738,0.00295380123305799,0.0318034889935831
"ENSG00000154447",-0.226744132346386,0.00294524070272523,0.0317168668081402
"ENSG00000259277",-0.226749406314818,0.00294455922879357,0.0317150775598305
"ENSG00000276293",-0.226754662115178,0.00294388024430668,0.031713314502995
"ENSG00000182722",-0.226779364704737,0.00294069087112247,0.0316845026212117
"ENSG00000224531",-0.226826593291188,0.00293460184357632,0.0316244328245598
"ENSG00000270765",-0.226833997235456,0.0029336483117781,0.0316196938178759
"ENSG00000155858",-0.226846496890671,0.00293203915446321,0.031613555097804
"ENSG00000213123",-0.226880525842096,0.00292766244270348,0.0315883691047936
"ENSG00000049769",-0.226894583886991,0.00292585606034841,0.0315744144096235
"ENSG00000213579",-0.226902308377208,0.00292486393451341,0.0315692434208511
"ENSG00000173715",-0.226953760110965,0.00291826328447106,0.0315090518560504
"ENSG00000213126",-0.22695715326101,0.00291782845729845,0.0315090518560504
"ENSG00000106012",-0.226977647999988,0.00291520333241516,0.0314925880095065
"ENSG00000125522",-0.227033086947269,0.00290811298401752,0.0314215072837736
"ENSG00000263620",-0.22703930925759,0.00290731815780708,0.0314184352421561
"ENSG00000101298",-0.227077056659544,0.00290250058600659,0.0313829051414599
"ENSG00000110811",-0.227101895910159,0.00289933437784445,0.0313596897979013
"ENSG00000239268",-0.227123593322856,0.00289657121012517,0.0313353099940136
"ENSG00000279910",-0.227204364886812,0.00288630587020833,0.0312462284038877
"ENSG00000266744",-0.227244042128332,0.00288127531311812,0.0312027464139612
"ENSG00000164100",-0.227251316962327,0.00288035381992019,0.031198256862578
"ENSG00000234626",-0.227257787461699,0.00287953443471573,0.0311948718975787
"ENSG00000105676",-0.227268293967131,0.0028782044031073,0.0311892017295157
"ENSG00000289265",-0.227413402897883,0.00285989164101938,0.0310093677158028
"ENSG00000266373",-0.227415683887748,0.00285960462334197,0.0310093677158028
"ENSG00000174669",-0.227431143564064,0.00285766001417336,0.030996092335616
"ENSG00000176155",-0.227496203803693,0.00284948945962367,0.0309238193093068
"ENSG00000204398",-0.227507411927984,0.00284808402973717,0.0309140182585792
"ENSG00000182257",-0.227564600864923,0.00284092264863651,0.0308497536093165
"ENSG00000276520",-0.227587184096119,0.00283809919472891,0.0308273873703488
"ENSG00000099795",-0.227600081090637,0.00283648789563555,0.0308207646626049
"ENSG00000279050",-0.227703283432003,0.00282362399087745,0.0306972469342098
"ENSG00000103021",-0.227735225934677,0.00281965315304443,0.0306659835713016
"ENSG00000203900",-0.227797143217414,0.00281197047743814,0.0306084030886899
"ENSG00000274659",-0.227853198672357,0.00280503147959013,0.0305382730196171
"ENSG00000165899",-0.2279717725527,0.00279040448028545,0.0303951598822456
"ENSG00000164972",-0.227975128569915,0.00278999149622937,0.0303951598822456
"ENSG00000118156",-0.227999268926351,0.00278702246717243,0.0303690705948406
"ENSG00000125967",-0.228017679589414,0.0027847600571716,0.030353777039366
"ENSG00000261520",-0.228066442031066,0.00277877587280675,0.0303018664048294
"ENSG00000178531",-0.228148792583962,0.00276869613844504,0.0302175270694204
"ENSG00000181800",-0.228172152862559,0.00276584286499172,0.0301970965554463
"ENSG00000286263",-0.228177421175645,0.00276519975012358,0.0301954317639471
"ENSG00000224731",-0.228207731286447,0.0027615023554921,0.0301604083347659
"ENSG00000140859",-0.228211480122215,0.0027610453629426,0.0301604083347659
"ENSG00000164796",-0.228300417883233,0.0027502236835437,0.0300585626673794
"ENSG00000269944",-0.228327422181196,0.00274694548951091,0.0300280662888916
"ENSG00000287084",-0.228382488061018,0.0027402717114498,0.0299657573222222
"ENSG00000226367",-0.228453332240933,0.00273170725499019,0.0298774109296457
"ENSG00000154162",-0.22857949757465,0.00271651493365939,0.0297535495777066
"ENSG00000141622",-0.228669204223862,0.00270575940193179,0.0296568578152253
"ENSG00000166681",-0.228683441645985,0.00270405593211985,0.0296487472450355
"ENSG00000223403",-0.228718184781731,0.00269990308378714,0.0296243243695125
"ENSG00000279085",-0.228810263420414,0.0026889248427628,0.0295091281246422
"ENSG00000198908",-0.228818364252306,0.00268796094392319,0.0295038110099534
"ENSG00000227579",-0.22881957146741,0.00268781732704521,0.0295038110099534
"ENSG00000185448",-0.228840755673103,0.00268529826931171,0.0294851019958108
"ENSG00000227929",-0.228877550190511,0.00268092803853581,0.0294528802577022
"ENSG00000287700",-0.228902470785967,0.00267797178039629,0.0294309098665552
"ENSG00000232422",-0.228957996291403,0.00267139556509145,0.0293638808104998
"ENSG00000241685",-0.229016749802774,0.00266445296739495,0.029303269018112
"ENSG00000265787",-0.229027163438988,0.00266322414836639,0.0292949896312889
"ENSG00000235244",-0.229040496855386,0.00266165154185348,0.029288160645777
"ENSG00000228315",-0.229051367948458,0.00266036997595566,0.0292792935980357
"ENSG00000137547",-0.229060309346799,0.00265931631586145,0.0292729320950415
"ENSG00000225675",-0.229094472204182,0.00265529402305926,0.0292338846789194
"ENSG00000147676",-0.229137391966432,0.0026502485138792,0.0291835560096943
"ENSG00000226642",-0.229141614497316,0.00264975259624922,0.0291833167114463
"ENSG00000232036",-0.229187489356931,0.00264437021110689,0.0291448997622425
"ENSG00000240809",-0.229218365080325,0.00264075321594255,0.0291154632608328
"ENSG00000159958",-0.229270297894081,0.00263467955536484,0.0290589101353717
"ENSG00000140015",-0.229271016414114,0.00263459561164071,0.0290589101353717
"ENSG00000105251",-0.229295377819608,0.00263175093484107,0.0290370167683505
"ENSG00000182575",-0.229307029074407,0.00263039140385541,0.0290272204695854
"ENSG00000135597",-0.229315141610931,0.00262944516528616,0.0290219822905975
"ENSG00000153560",-0.22932336739434,0.0026284860325752,0.0290165998903691
"ENSG00000215875",-0.229327389805469,0.00262801713172275,0.0290165998903691
"ENSG00000263603",-0.229333430471388,0.00262731310105233,0.0290165998903691
"ENSG00000213862",-0.229432464824784,0.00261579513110678,0.0289147640573998
"ENSG00000070182",-0.229475357070187,0.00261082085660175,0.0288733798380409
"ENSG00000172771",-0.229485049919733,0.00260969795096743,0.0288713375326874
"ENSG00000151320",-0.229548588121585,0.00260234795133205,0.0287951999850377
"ENSG00000125503",-0.22957202104004,0.00259964200572482,0.0287704311455365
"ENSG00000139579",-0.229587258736991,0.00259788378175913,0.0287561437885942
"ENSG00000137821",-0.229589422948373,0.00259763414846451,0.0287561437885942
"ENSG00000148660",-0.229684009518679,0.00258674516862722,0.0286637818973701
"ENSG00000121764",-0.229739732030542,0.00258034966790697,0.0286032132495797
"ENSG00000168159",-0.22976953242338,0.00257693523866419,0.02857565807718
"ENSG00000163864",-0.229771552511068,0.00257670393202536,0.02857565807718
"ENSG00000106415",-0.229785967618594,0.00257505390121109,0.0285650896352082
"ENSG00000231691",-0.229808631288128,0.00257246163165606,0.0285414780347288
"ENSG00000232815",-0.229892837776257,0.002562850800756,0.0284451018361997
"ENSG00000245552",-0.229904223427581,0.0025615538102488,0.0284358347218528
"ENSG00000234255",-0.229927203809865,0.00255893782385875,0.0284119194356057
"ENSG00000226762",-0.229968731057563,0.00255421668349607,0.028369736792832
"ENSG00000228353",-0.229996680174059,0.00255104365665071,0.0283447248248621
"ENSG00000074071",-0.230051555620521,0.00254482410972239,0.0282807249925523
"ENSG00000203727",-0.230133187827459,0.00253559739646781,0.0281934609156667
"ENSG00000124164",-0.230156831536521,0.00253293066769837,0.0281688986289896
"ENSG00000270177",-0.230222702930398,0.00252551456109981,0.0280914997557069
"ENSG00000144136",-0.230260097395848,0.00252131328273864,0.0280568617073026
"ENSG00000132326",-0.230328696285024,0.00251362264675976,0.0279850508802815
"ENSG00000130035",-0.230430213807492,0.00250228051351723,0.0278834604243898
"ENSG00000287642",-0.230480640671035,0.00249666379420528,0.0278353843249616
"ENSG00000277200",-0.230493563913682,0.00249522619975869,0.0278250047541128
"ENSG00000258419",-0.230533416947513,0.00249079763291317,0.0277806541355579
"ENSG00000277534",-0.230541768714645,0.00248987046774364,0.0277761719223612
"ENSG00000155506",-0.230565232386841,0.00248726733995973,0.027756370112508
"ENSG00000139973",-0.230602346389499,0.00248315484308665,0.0277155026592174
"ENSG00000123570",-0.230661074349936,0.00247665996032584,0.0276630781485107
"ENSG00000163914",-0.230708397645952,0.00247143756132675,0.0276197845059549
"ENSG00000272163",-0.230763785922228,0.0024653378295966,0.0275666336091376
"ENSG00000118922",-0.230778560842369,0.00246371302356344,0.0275534716195145
"ENSG00000287824",-0.230809434624311,0.00246032095109076,0.0275205366437531
"ENSG00000289130",-0.230892354218871,0.00245123160724,0.0274388137569987
"ENSG00000228998",-0.230935360538152,0.00244652941394561,0.0273961437867301
"ENSG00000249255",-0.230987742598238,0.00244081315351061,0.0273520401893039
"ENSG00000065000",-0.231027199158523,0.00243651540634453,0.0273138258958229
"ENSG00000170456",-0.231073566717395,0.0024314736614658,0.0272735641203827
"ENSG00000165194",-0.23108556006111,0.00243017111461657,0.027272511137484
"ENSG00000185900",-0.231269727405737,0.00241024878750218,0.0270983469817381
"ENSG00000135469",-0.231271832691693,0.00241002190688083,0.0270983469817381
"ENSG00000103042",-0.231292160616962,0.00240783222115042,0.0270860219737674
"ENSG00000240048",-0.231298397378823,0.00240716077081658,0.0270834191003904
"ENSG00000175161",-0.231347353798098,0.00240189601500901,0.0270291256806939
"ENSG00000144635",-0.23138063240935,0.00239832321091637,0.0269938558325963
"ENSG00000176422",-0.231407351952784,0.00239545808100889,0.0269665396264151
"ENSG00000287022",-0.231413459173771,0.00239480364137143,0.0269641045196786
"ENSG00000161914",-0.231421615715184,0.00239392985293909,0.0269591983292376
"ENSG00000092068",-0.231422229087881,0.0023938641556595,0.0269591983292376
"ENSG00000151917",-0.231443906904137,0.00239154333270912,0.0269421824763409
"ENSG00000185774",-0.231490106324406,0.00238660404072754,0.0268963851094187
"ENSG00000259709",-0.231618555888095,0.00237291978518229,0.0267519646930315
"ENSG00000066382",-0.231624137332709,0.0023723267882605,0.0267517213893514
"ENSG00000186205",-0.231766171623119,0.00235728162187461,0.0266049037477812
"ENSG00000196950",-0.231771822554222,0.00235668483449056,0.0266030468550783
"ENSG00000175352",-0.231809216424078,0.00235273917120824,0.0265682531289614
"ENSG00000187778",-0.231851876083721,0.00234824520196273,0.0265223715745264
"ENSG00000156711",-0.23189774953452,0.00234342136987671,0.0264776069006228
"ENSG00000110200",-0.231899286961181,0.00234325985731308,0.0264776069006228
"ENSG00000229060",-0.23190988103883,0.00234214718345737,0.0264776069006228
"ENSG00000075043",-0.231919693547669,0.00234111702387396,0.0264710097588277
"ENSG00000236259",-0.231967465261934,0.00233610761426078,0.0264192221631874
"ENSG00000233936",-0.23197704293446,0.00233510445736061,0.0264127308810515
"ENSG00000249487",-0.2320169650345,0.00233092726160644,0.0263861716139283
"ENSG00000255964",-0.232042371248331,0.0023282724486279,0.0263645261413717
"ENSG00000117598",-0.232050529407012,0.00232742054708794,0.0263597295086456
"ENSG00000157693",-0.232060190515892,0.00232641206846162,0.0263531574344564
"ENSG00000160445",-0.23211257307138,0.00232095099631466,0.026300977373815
"ENSG00000184992",-0.232204686861008,0.00231137601020607,0.0262021228904259
"ENSG00000259953",-0.232230612449199,0.00230868758671928,0.026176468098204
"ENSG00000236732",-0.232312519394084,0.00230021266388096,0.0260947996656018
"ENSG00000231312",-0.232331770725481,0.00229822482918753,0.0260770554733624
"ENSG00000285770",-0.232342985158133,0.00229706757942977,0.0260687307963167
"ENSG00000105509",-0.232463506562117,0.00228466397410822,0.0259471045621916
"ENSG00000204177",-0.232478270058852,0.00228314875867968,0.0259394696703308
"ENSG00000140287",-0.232499582433665,0.00228096302415734,0.0259242083764985
"ENSG00000224945",-0.232532359329931,0.00227760522908025,0.0258956098685599
"ENSG00000075240",-0.232545219463793,0.00227628901224303,0.0258854270084044
"ENSG00000255693",-0.232581238714971,0.00227260616675045,0.025848322662445
"ENSG00000284299",-0.232604993882311,0.00227018024319841,0.0258255033063591
"ENSG00000174943",-0.23261886920299,0.00226876435658245,0.0258141677873009
"ENSG00000224848",-0.232646783900517,0.00226591827120295,0.0257960921352043
"ENSG00000279771",-0.232650769248012,0.00226551220358652,0.0257960921352043
"ENSG00000137802",-0.232687250294889,0.00226179821388687,0.0257634849667691
"ENSG00000123352",-0.232723554589154,0.00225810770747401,0.0257357371757001
"ENSG00000114631",-0.232758020172517,0.00225460917488297,0.0257006236449338
"ENSG00000232006",-0.23276372613804,0.00225403044878699,0.025698786576537
"ENSG00000223899",-0.232794545333229,0.00225090695088138,0.0256726866910755
"ENSG00000154518",-0.232898545497765,0.00224039561383088,0.0255622743154631
"ENSG00000127824",-0.23291883706787,0.0022383499412346,0.0255484066734685
"ENSG00000163956",-0.233109033849479,0.00221925775764454,0.0253634167941459
"ENSG00000151150",-0.233177811328001,0.00221239028335956,0.0252912144016215
"ENSG00000261594",-0.233186007334026,0.00221157319540992,0.0252896805533831
"ENSG00000188735",-0.233251286187849,0.0022050751010012,0.0252260550976272
"ENSG00000242294",-0.233273643787975,0.00220285353414114,0.0252087054490856
"ENSG00000270806",-0.233362057009754,0.00219408823989927,0.0251177393296802
"ENSG00000173436",-0.233363339983813,0.00219396127927088,0.0251177393296802
"ENSG00000179292",-0.233407198888417,0.00218962509829757,0.0250784254270267
"ENSG00000102466",-0.233421709992239,0.00218819214957925,0.0250688938298037
"ENSG00000275437",-0.233438921622592,0.00218649363251726,0.0250540987003616
"ENSG00000184922",-0.233439897649494,0.00218639734991414,0.0250540987003616
"ENSG00000041515",-0.233483282973328,0.00218212138523973,0.0250133131929958
"ENSG00000178947",-0.233493759252628,0.00218109000488337,0.0250108073897041
"ENSG00000276627",-0.233578122631963,0.00217280063323447,0.024925040479363
"ENSG00000114805",-0.23361480866711,0.00216920487637387,0.024893071958149
"ENSG00000265443",-0.233631816533413,0.00216753969670641,0.0248786018452255
"ENSG00000183662",-0.233700427432361,0.00216083403297437,0.0248247843429858
"ENSG00000136698",-0.233742172559601,0.00215676331467996,0.0247872719773414
"ENSG00000289413",-0.233779016404755,0.00215317632789386,0.0247552930924528
"ENSG00000176396",-0.233876412743068,0.00214372025169831,0.0246603961066394
"ENSG00000135314",-0.2338831815836,0.0021430644787556,0.0246603961066394
"ENSG00000196312",-0.233897919209262,0.00214163731131436,0.0246502574691474
"ENSG00000287463",-0.233905956120322,0.00214085939399848,0.0246459129338276
"ENSG00000177383",-0.233929673864826,0.00213856517730268,0.0246241076280479
"ENSG00000105402",-0.233941971189668,0.00213737653709691,0.0246150264968361
"ENSG00000149256",-0.233990421721473,0.00213269922421142,0.0245657572627489
"ENSG00000253357",-0.233998186836042,0.00213195046170668,0.024564231802308
"ENSG00000287712",-0.234040198413315,0.00212790357489357,0.0245242879425562
"ENSG00000183458",-0.234051287001879,0.00212683659954805,0.0245165820720332
"ENSG00000273173",-0.234059871413637,0.00212601091708566,0.0245126320531637
"ENSG00000131697",-0.23414497435976,0.00211784112553443,0.024431192920317
"ENSG00000141013",-0.234167021588253,0.00211572927363066,0.0244114065272451
"ENSG00000274614",-0.234225990343265,0.00211009019768187,0.0243514818518983
"ENSG00000285840",-0.234250453589328,0.00210775483296199,0.0243330826186105
"ENSG00000214783",-0.234278795579466,0.00210505212445923,0.0243064405155194
"ENSG00000159904",-0.234291879337704,0.00210380551272036,0.0242966047053597
"ENSG00000138741",-0.234340195666456,0.00209920777705093,0.0242576607399668
"ENSG00000265148",-0.234344068218973,0.00209883966427762,0.0242576607399668
"ENSG00000197217",-0.234367414472957,0.00209662168491481,0.0242500441601949
"ENSG00000101180",-0.234415364968789,0.00209207289273108,0.0242065301955709
"ENSG00000163032",-0.234495956131394,0.0020844478694826,0.0241228393530344
"ENSG00000285868",-0.23459344935318,0.00207525745007122,0.0240255162729841
"ENSG00000139625",-0.234624951894962,0.0020722956754042,0.0239957413070699
"ENSG00000161298",-0.234641179740465,0.00207077148199599,0.0239871184054134
"ENSG00000258603",-0.234649357116412,0.00207000381171099,0.023982739945019
"ENSG00000249562",-0.234710836429642,0.00206424057670745,0.023929528948129
"ENSG00000161849",-0.234745042281426,0.00206104034851199,0.0239013882059208
"ENSG00000286846",-0.234758953698795,0.00205974011605746,0.0238908114780701
"ENSG00000160216",-0.234866741641241,0.00204969094871007,0.0237877012535192
"ENSG00000273024",-0.234876178872796,0.00204881323287488,0.0237864858713547
"ENSG00000286300",-0.234926248090571,0.00204416222639582,0.0237459267763881
"ENSG00000129749",-0.234985148264719,0.00203870318925938,0.0236914556419523
"ENSG00000145920",-0.235016316291301,0.00203581981356254,0.0236624163561649
"ENSG00000278505",-0.235048496676678,0.00203284667506937,0.0236367874117644
"ENSG00000264659",-0.235093672543432,0.0020286795487211,0.0235972508309377
"ENSG00000289632",-0.235129385362087,0.00202539081497692,0.0235634503434668
"ENSG00000184515",-0.235152921557679,0.00202322605733622,0.023542715914672
"ENSG00000139537",-0.235226747039081,0.00201644955175368,0.0234816218000244
"ENSG00000279526",-0.235235150892617,0.00201567946468708,0.0234816218000244
"ENSG00000188352",-0.235277731784436,0.00201178167418052,0.0234494491204102
"ENSG00000128159",-0.235307201340384,0.00200908809060881,0.0234242421516909
"ENSG00000180543",-0.235383968524638,0.00200208679134245,0.0233585648315411
"ENSG00000144152",-0.235410459401332,0.00199967593259306,0.0233414407933094
"ENSG00000178662",-0.235443195158804,0.00199670039275262,0.0233178233342633
"ENSG00000105270",-0.23544769571446,0.00199629162659989,0.0233174742583912
"ENSG00000232344",-0.235503484333148,0.0019912309015351,0.023262778018997
"ENSG00000225479",-0.235533018275042,0.00198855653040716,0.0232467904880491
"ENSG00000253973",-0.23556626760728,0.00198554963137744,0.0232184431908594
"ENSG00000232233",-0.235584285314016,0.00198392193080241,0.0232102001606509
"ENSG00000144035",-0.235589554831006,0.00198344611766135,0.0232102001606509
"ENSG00000259392",-0.235667998815414,0.00197637525037176,0.0231463441310904
"ENSG00000180535",-0.235704714098913,0.0019730736535216,0.0231208767959508
"ENSG00000144619",-0.235710958015758,0.00197251267300452,0.0231187049985508
"ENSG00000108684",-0.235724868607384,0.00197126340690764,0.0231128662820964
"ENSG00000254976",-0.235736059885172,0.00197025887627063,0.0231054901450456
"ENSG00000174151",-0.23579966620688,0.00196455840355944,0.0230474232536527
"ENSG00000072958",-0.235838110577748,0.00196112025346812,0.0230158628679333
"ENSG00000077279",-0.235970856177996,0.00194929061522597,0.0229032343687413
"ENSG00000075673",-0.236049267944791,0.00194233348101554,0.0228345695808253
"ENSG00000287756",-0.236171475610665,0.00193153556373277,0.022720646929352
"ENSG00000116675",-0.236187942183376,0.00193008480823917,0.0227079218960565
"ENSG00000232434",-0.236226097266592,0.00192672703839835,0.0226814247993856
"ENSG00000166167",-0.236240259025337,0.00192548211142382,0.0226711060006634
"ENSG00000175582",-0.236466927261346,0.00190565560549662,0.022446252360705
"ENSG00000229588",-0.23649679740854,0.0019030567877146,0.0224242249556016
"ENSG00000023228",-0.236526852816444,0.00190044510766942,0.0223977391241683
"ENSG00000073969",-0.236552750102541,0.00189819736663057,0.0223755331798338
"ENSG00000267529",-0.236569991918903,0.0018967022145018,0.0223621917795592
"ENSG00000250770",-0.236573325668576,0.00189641324667658,0.0223621917795592
"ENSG00000143067",-0.236609979256453,0.00189323877244907,0.0223384752706299
"ENSG00000175874",-0.236636851654421,0.00189091449599023,0.0223196090796361
"ENSG00000089693",-0.236730037516375,0.00188287466925452,0.0222417732523225
"ENSG00000171617",-0.236745189318366,0.00188157035739004,0.0222306327654468
"ENSG00000157680",-0.236795656131679,0.00187723195476909,0.0221878938783001
"ENSG00000161204",-0.2368515985325,0.00187243348396056,0.0221361157656146
"ENSG00000278982",-0.236899486324475,0.00186833477195973,0.0220997107832961
"ENSG00000100207",-0.236914520774841,0.00186704966035452,0.0220887551512607
"ENSG00000224247",-0.236939885394247,0.00186488337269372,0.0220716119786659
"ENSG00000100379",-0.236997161243331,0.00186000009348616,0.0220180507315854
"ENSG00000141556",-0.237035788968812,0.00185671331016605,0.0219833712891227
"ENSG00000258956",-0.237070261155276,0.00185378458247457,0.0219571436381476
"ENSG00000287981",-0.237214404706557,0.00184158377829299,0.0218252324381406
"ENSG00000232907",-0.237228964820396,0.00184035543514345,0.0218148757512458
"ENSG00000174917",-0.237265201998485,0.00183730157571409,0.0217870690126682
"ENSG00000285734",-0.237321188714925,0.00183259241081122,0.0217396043429001
"ENSG00000254244",-0.237456179733076,0.00182128318711775,0.0216221166026186
"ENSG00000114383",-0.237522432463455,0.00181575597670834,0.0215648177982513
"ENSG00000186462",-0.237534146936902,0.00181478027411298,0.0215573899227966
"ENSG00000167792",-0.237542138831045,0.00181411490047698,0.0215536462229644
"ENSG00000245384",-0.237613208304049,0.00180820770152631,0.021504219281688
"ENSG00000164715",-0.237623741015136,0.00180733372889276,0.0214979797083449
"ENSG00000146701",-0.237642512325427,0.00180577709590103,0.0214919252736672
"ENSG00000167861",-0.237672137300707,0.00180332289414003,0.0214726350249116
"ENSG00000246859",-0.237741313165707,0.00179760402964656,0.0214153585754099
"ENSG00000271824",-0.237838967626728,0.00178955891867362,0.0213443050563661
"ENSG00000105963",-0.237931810771201,0.00178194060817055,0.0212740548572742
"ENSG00000121769",-0.237964132730353,0.00177929534756554,0.0212465954347251
"ENSG00000168970",-0.23798041695035,0.00177796398673513,0.0212348176983556
"ENSG00000225670",-0.238004531755107,0.00177599408207383,0.0212154075673819
"ENSG00000061918",-0.238056925915117,0.00177172092776273,0.0211725811219862
"ENSG00000170681",-0.238106962551593,0.0017676487941063,0.0211370887124553
"ENSG00000233820",-0.238134840052552,0.00176538373884097,0.021117352152231
"ENSG00000115526",-0.238139790671776,0.00176498177615486,0.0211166482176661
"ENSG00000287790",-0.238144411191416,0.00176460669094696,0.0211162656402178
"ENSG00000067840",-0.23816093969626,0.00176326553207532,0.0211043200906347
"ENSG00000171303",-0.238268885485784,0.00175452938947629,0.0210079293280017
"ENSG00000152413",-0.238272342099697,0.00175425029561737,0.0210079293280017
"ENSG00000092096",-0.238280192654792,0.00175361657649475,0.0210051729435175
"ENSG00000220201",-0.238289048895614,0.00175290192594984,0.0210007000449011
"ENSG00000286117",-0.238311390865722,0.00175110022927447,0.020987285785875
"ENSG00000141252",-0.238314748108904,0.00175082964101644,0.020987285785875
"ENSG00000233579",-0.238331851410263,0.00174945173450792,0.0209797851809344
"ENSG00000257302",-0.238385826282385,0.00174510979204759,0.0209358746670131
"ENSG00000228391",-0.238399702900245,0.00174399509244079,0.0209306618504634
"ENSG00000166619",-0.238437541972802,0.00174095880049665,0.0208982969412455
"ENSG00000280273",-0.238459123691505,0.00173922919300387,0.0208816077749181
"ENSG00000103495",-0.238488897245685,0.00173684564350619,0.0208611296416754
"ENSG00000154144",-0.238553018360038,0.0017317224736928,0.0208036556550751
"ENSG00000287751",-0.238575843555711,0.00172990210494243,0.020787674557468
"ENSG00000196118",-0.238647754636459,0.0017241784047794,0.0207292119054001
"ENSG00000115598",-0.238654962711931,0.00172360563700465,0.0207263746236448
"ENSG00000116353",-0.238665537884371,0.00172276562694653,0.0207203220138356
"ENSG00000170782",-0.238765855224843,0.00171481572856957,0.0206368046928208
"ENSG00000289505",-0.238801434277839,0.00171200421960724,0.0206069993529254
"ENSG00000272084",-0.238807414353402,0.00171153207790107,0.0206053462837135
"ENSG00000158023",-0.238868552828054,0.00170671184914769,0.0205634333514068
"ENSG00000136213",-0.238895449984131,0.00170459516785004,0.0205459469271764
"ENSG00000131143",-0.238901129687481,0.00170414850766538,0.0205445868277685
"ENSG00000205035",-0.238965783272412,0.0016990715687983,0.0204873943240835
"ENSG00000159199",-0.239123911253348,0.00168671257292778,0.0203543212918171
"ENSG00000287032",-0.239163007623528,0.00168366953480495,0.0203295581420514
"ENSG00000152034",-0.239207825271075,0.00168018734282815,0.0202998976147731
"ENSG00000224271",-0.239259796269766,0.00167615757981143,0.0202627071482841
"ENSG00000183979",-0.239263328346943,0.00167588402722193,0.0202627071482841
"ENSG00000249421",-0.239268087082401,0.00167551553666596,0.0202627071482841
"ENSG00000135127",-0.239276578874072,0.00167485816208257,0.0202589368567629
"ENSG00000111664",-0.239283295532418,0.00167433837235248,0.0202566307820053
"ENSG00000197658",-0.239352866305419,0.00166896306396499,0.0201995403753513
"ENSG00000121297",-0.23938088575974,0.00166680262004531,0.0201774424062064
"ENSG00000100422",-0.239381658084746,0.00166674310594595,0.0201774424062064
"ENSG00000140983",-0.239457466165706,0.00166091087913106,0.0201179096920374
"ENSG00000236641",-0.239478842513195,0.00165926967566008,0.0201019867950441
"ENSG00000083454",-0.239484293784796,0.00165885138221026,0.0201008760517323
"ENSG00000114770",-0.239500566170891,0.00165760332197211,0.0200897083197029
"ENSG00000214552",-0.239523944964258,0.00165581171287038,0.0200759015084505
"ENSG00000272381",-0.239550262216339,0.00165379703080376,0.0200593780969229
"ENSG00000107954",-0.239561902953879,0.00165290660292437,0.0200525298581466
"ENSG00000188993",-0.239597244527553,0.0016502059190863,0.020031612048175
"ENSG00000180116",-0.239609763258136,0.00164925024544186,0.0200279118203382
"ENSG00000168000",-0.239626495475875,0.00164797370436364,0.0200163595147732
"ENSG00000215493",-0.239660482854119,0.00164538349911338,0.01999673816537
"ENSG00000104381",-0.239667320300685,0.00164486286062925,0.0199943590548226
"ENSG00000278456",-0.239738266682844,0.00163946949669288,0.0199406147637286
"ENSG00000236027",-0.239750033568126,0.00163857653560694,0.0199336932807657
"ENSG00000171914",-0.239769327710003,0.00163711330868998,0.0199233119379273
"ENSG00000149970",-0.239774391907479,0.00163672944814641,0.0199230374123264
"ENSG00000265688",-0.239785058519139,0.00163592119933985,0.0199171383367303
"ENSG00000258302",-0.239839445394705,0.0016318057603837,0.0198735663549978
"ENSG00000108352",-0.23984036688812,0.00163173611266546,0.0198735663549978
"ENSG00000250049",-0.239913912690786,0.00162618615649916,0.0198260698921522
"ENSG00000072832",-0.239943291517784,0.00162397397084041,0.0198030224017044
"ENSG00000287586",-0.23995369481874,0.00162319127474011,0.0197974006762991
"ENSG00000178585",-0.239959613019076,0.00162274617035674,0.0197958950066274
"ENSG00000159409",-0.240009527610196,0.00161899654974428,0.0197579860514499
"ENSG00000279789",-0.24006876284524,0.00161455701034656,0.0197233617794301
"ENSG00000279537",-0.240128555469529,0.00161008696016838,0.0196765670922563
"ENSG00000188848",-0.240145299389903,0.00160883722252048,0.0196651992100894
"ENSG00000262691",-0.240175977242697,0.00160654977546546,0.01964114012341
"ENSG00000124785",-0.240322010383701,0.0015957016584483,0.0195317945241731
"ENSG00000221819",-0.240412882589131,0.00158898496199157,0.0194682931758454
"ENSG00000090238",-0.240423562416469,0.00158819727314033,0.019463164671077
"ENSG00000287309",-0.240443074382758,0.00158675909129572,0.0194496105653122
"ENSG00000175497",-0.240518663947263,0.00158119877019218,0.0194019194466907
"ENSG00000111110",-0.240524690781238,0.00158075620617044,0.0194019194466907
"ENSG00000091622",-0.24055380495983,0.00157861987759043,0.0193884387923368
"ENSG00000240710",-0.240639714668821,0.00157233137518485,0.0193187387012131
"ENSG00000100505",-0.240660696651515,0.00157079899266579,0.0193037646175366
"ENSG00000125997",-0.240671457233875,0.00157001364105286,0.0192979667515393
"ENSG00000254270",-0.240697125847858,0.0015681416863925,0.0192788078200838
"ENSG00000110717",-0.240804407217455,0.00156033991959232,0.019205912002278
"ENSG00000186288",-0.240809427542638,0.001559975698162,0.0192052699275219
"ENSG00000287334",-0.240861413304803,0.00155620872246202,0.0191703982416339
"ENSG00000261377",-0.240875315973895,0.00155520271950898,0.0191618410749671
"ENSG00000248610",-0.240914108478818,0.00155239881512661,0.019134955473293
"ENSG00000155052",-0.240915048804172,0.00155233090614924,0.019134955473293
"ENSG00000162929",-0.240983684103155,0.00154738147567941,0.0190807544658813
"ENSG00000156990",-0.241029500437263,0.00154408558729865,0.0190477457175202
"ENSG00000117016",-0.241032899603175,0.00154384131708487,0.0190477457175202
"ENSG00000280234",-0.241038480275968,0.00154344035632069,0.0190474219549631
"ENSG00000257180",-0.241090592255516,0.00153970079421388,0.0190050833692537
"ENSG00000284513",-0.241143450717547,0.00153591611420043,0.0189697815236506
"ENSG00000197381",-0.241147421258282,0.00153563216557393,0.0189697815236506
"ENSG00000285550",-0.241170257522214,0.00153399998661907,0.0189575291519045
"ENSG00000111218",-0.24118063372296,0.00153325889053133,0.0189521761716931
"ENSG00000198026",-0.241193455952408,0.00153234354394922,0.018944666747451
"ENSG00000146090",-0.241320641030776,0.00152329109585451,0.0188516845371546
"ENSG00000155974",-0.241436312467089,0.00151510055129382,0.0187540925842371
"ENSG00000130479",-0.241459028243999,0.00151349680714891,0.0187392050122853
"ENSG00000204963",-0.241519290045765,0.00150924980256307,0.0186967129325566
"ENSG00000139645",-0.241530033059857,0.00150849382267044,0.018691110091087
"ENSG00000289294",-0.241565489278147,0.00150600124103953,0.0186639831612036
"ENSG00000253676",-0.241597052510925,0.00150378550148917,0.0186440320112106
"ENSG00000279878",-0.241603285143984,0.00150334832256593,0.0186423673511984
"ENSG00000108262",-0.241618832481253,0.00150225828305076,0.0186363603652643
"ENSG00000260648",-0.241651573821888,0.00149996511411304,0.0186182787716425
"ENSG00000214976",-0.241680371209459,0.00149795081764527,0.0185979191287393
"ENSG00000139116",-0.241795602578642,0.00148991539582584,0.0185056212150768
"ENSG00000285892",-0.241808219438799,0.00148903797992231,0.0184984564869476
"ENSG00000141505",-0.24181827944726,0.00148833871358261,0.0184935024810676
"ENSG00000147647",-0.241823372832177,0.00148798478920033,0.0184928384221618
"ENSG00000169641",-0.241874029430587,0.00148446899126776,0.0184640581242084
"ENSG00000176973",-0.241893678047667,0.00148310733097717,0.0184545809902263
"ENSG00000280359",-0.241927629572331,0.00148075715884479,0.0184327909757167
"ENSG00000226017",-0.242071857630217,0.00147081135076336,0.018323808455745
"ENSG00000137261",-0.242076160674935,0.00147051555696781,0.018323808455745
"ENSG00000101350",-0.24208361446282,0.00147000330780755,0.0183211590878307
"ENSG00000258028",-0.242099635744813,0.0014689028234041,0.0183148612973221
"ENSG00000279300",-0.242112973811871,0.00146798722008981,0.0183108645061223
"ENSG00000133318",-0.242140794484138,0.00146607912278342,0.0182907710384315
"ENSG00000166783",-0.242184519863338,0.00146308476885074,0.0182571145608577
"ENSG00000174948",-0.242350337902125,0.00145178008217321,0.0181381147741105
"ENSG00000249565",-0.242448422238182,0.00144513076869463,0.0180660426627143
"ENSG00000261810",-0.242523311996706,0.00144007259885245,0.0180137861836941
"ENSG00000099326",-0.242650060316544,0.0014315486568715,0.0179326746465499
"ENSG00000178951",-0.24265579988,0.00143116375900179,0.0179326746465499
"ENSG00000149269",-0.24267762644179,0.00142970092252906,0.0179204711967675
"ENSG00000196391",-0.242721916686264,0.00142673674646783,0.0178906043856186
"ENSG00000133019",-0.242771355871139,0.00142343460383721,0.0178528345748028
"ENSG00000205899",-0.242828348486606,0.00141963661741564,0.0178124599352147
"ENSG00000101438",-0.242832719576138,0.00141934571074334,0.0178124413584804
"ENSG00000157064",-0.242837418590394,0.00141903304062717,0.0178121495925675
"ENSG00000283071",-0.243018689793245,0.00140701927484929,0.017675769391983
"ENSG00000289611",-0.243054265644467,0.00140467241988645,0.0176498896303577
"ENSG00000198700",-0.243088703279753,0.00140240405793505,0.0176249857752818
"ENSG00000230398",-0.243116990323214,0.00140054333187534,0.0176051958367924
"ENSG00000272788",-0.243147481236957,0.00139854016160849,0.0175836068858085
"ENSG00000227107",-0.243197547933864,0.00139525659390543,0.0175494935244872
"ENSG00000215380",-0.243248059682275,0.0013919509786909,0.0175186566528738
"ENSG00000162572",-0.243293635373458,0.0013889745351498,0.0174874093844444
"ENSG00000273792",-0.243417205922849,0.00138093366786701,0.0173942246531329
"ENSG00000158560",-0.243506801829255,0.00137513019777622,0.0173353160368578
"ENSG00000279369",-0.243509531245609,0.00137495375342947,0.0173353160368578
"ENSG00000185986",-0.243524452364291,0.00137398953672452,0.0173315868104476
"ENSG00000179832",-0.243525949372689,0.00137389283275717,0.0173315868104476
"ENSG00000047662",-0.24358851865536,0.00136985653254277,0.0172971789985253
"ENSG00000136143",-0.243695392995347,0.00136298720497118,0.0172210397336782
"ENSG00000261007",-0.243804671336671,0.00135599593227088,0.0171467872725866
"ENSG00000008056",-0.24380937944661,0.00135569546064833,0.0171465107747927
"ENSG00000161203",-0.243838204067832,0.0013538571996838,0.0171303017058676
"ENSG00000134285",-0.243838354685956,0.00135384760015318,0.0171303017058676
"ENSG00000172336",-0.243856496017893,0.00135269183126964,0.0171225968868076
"ENSG00000104863",-0.243882937805965,0.00135100886277957,0.0171083311627378
"ENSG00000143198",-0.243911107664486,0.00134921801210949,0.017089169240022
"ENSG00000197102",-0.243952175463721,0.0013466110849168,0.0170631732777681
"ENSG00000157542",-0.243983942586328,0.00134459771151158,0.0170411700076747
"ENSG00000253547",-0.244053435113948,0.00134020292575852,0.0169994742091678
"ENSG00000127472",-0.244061841983482,0.00133967215729359,0.0169962447430379
"ENSG00000184465",-0.244064080711901,0.00133953084738095,0.0169962447430379
"ENSG00000231367",-0.244117772840688,0.00133614584742672,0.0169584986665354
"ENSG00000279412",-0.244136748215615,0.00133495142377003,0.0169503301886739
"ENSG00000279948",-0.244138855574618,0.00133481883423179,0.0169503301886739
"ENSG00000213363",-0.244222281784473,0.00132957953810848,0.016896065061604
"ENSG00000163590",-0.244310895196509,0.00132403507725241,0.0168290819484556
"ENSG00000167671",-0.244324917225542,0.00132315967161318,0.016821429214989
"ENSG00000226677",-0.244332972038944,0.00132265704302745,0.0168185134413391
"ENSG00000182177",-0.244370853966168,0.00132029551270911,0.0167954251827552
"ENSG00000196581",-0.244601675920559,0.00130598937766183,0.0166271845798138
"ENSG00000280332",-0.244631803964835,0.00130413256573225,0.0166069800590577
"ENSG00000178741",-0.244708905959098,0.00129939170791415,0.0165500337897079
"ENSG00000279480",-0.244765604437608,0.00129591548790214,0.0165125927096168
"ENSG00000240694",-0.244784629692922,0.00129475094469468,0.0165011704577116
"ENSG00000283413",-0.24480088987794,0.00129375641122299,0.0164953272368568
"ENSG00000274330",-0.244809947645754,0.0012932027074933,0.0164951020580244
"ENSG00000178028",-0.244814460181893,0.00129292693587298,0.016495003180217
"ENSG00000136280",-0.244875486198836,0.00128920277233045,0.016464556011684
"ENSG00000233038",-0.244915273336558,0.00128678001595925,0.0164438515992933
"ENSG00000289222",-0.244968251756834,0.00128356046834934,0.0164095233618803
"ENSG00000005379",-0.245014379657669,0.00128076323611105,0.0163805678726555
"ENSG00000036530",-0.245030059450366,0.00127981367182711,0.0163718255287731
"ENSG00000156076",-0.245031133507329,0.00127974865078357,0.0163718255287731
"ENSG00000257897",-0.245041473947775,0.00127912281786754,0.0163697930344854
"ENSG00000235437",-0.245088623399796,0.00127627274597755,0.0163401143911884
"ENSG00000198133",-0.245111148731181,0.00127491319519028,0.0163322074062075
"ENSG00000235026",-0.245131103026547,0.00127370993007297,0.0163208836011683
"ENSG00000090971",-0.245133682555319,0.00127355445761727,0.0163208836011683
"ENSG00000048052",-0.245157549017918,0.00127211680974658,0.0163072603497278
"ENSG00000267707",-0.245220535653787,0.00126832980067793,0.0162654905715613
"ENSG00000229110",-0.245232028215867,0.00126763993546129,0.0162600317190557
"ENSG00000110786",-0.245284997291999,0.00126446479052294,0.016222685234093
"ENSG00000176984",-0.24530541187935,0.00126324301520611,0.0162103895178993
"ENSG00000137252",-0.245328409224763,0.00126186796039945,0.0161971471270877
"ENSG00000146083",-0.245375129535358,0.00125907868084816,0.0161704378827461
"ENSG00000205485",-0.245405760896144,0.00125725300114237,0.0161503608228566
"ENSG00000186310",-0.245429167909214,0.00125585953753674,0.0161379878332227
"ENSG00000167550",-0.245439550384862,0.0012552419017462,0.0161346298247844
"ENSG00000263235",-0.245550459782281,0.00124866141173703,0.016056752595893
"ENSG00000214694",-0.245556606143641,0.00124829765991918,0.0160554297141204
"ENSG00000239997",-0.245563179520945,0.00124790874390075,0.0160537825532249
"ENSG00000214711",-0.245572564047761,0.00124735369744744,0.0160499970637058
"ENSG00000227573",-0.245611928162719,0.00124502797301616,0.0160267729703632
"ENSG00000240412",-0.245613114522387,0.00124495794173871,0.0160267729703632
"ENSG00000223669",-0.245636028184403,0.00124360604624474,0.0160159082201651
"ENSG00000104936",-0.245700872225455,0.00123978755469181,0.0159760228781309
"ENSG00000250816",-0.245711921501544,0.00123913796344701,0.0159709961931691
"ENSG00000214903",-0.245717873156196,0.0012387881924414,0.0159698325336434
"ENSG00000272008",-0.245778499149072,0.00123523042602617,0.015927303863263
"ENSG00000107518",-0.245818299652046,0.00123289986669903,0.0159044237144895
"ENSG00000138002",-0.245892469337035,0.00122856751913679,0.0158546780033036
"ENSG00000128656",-0.245909320378818,0.00122758517236276,0.0158453233741388
"ENSG00000060709",-0.245921559164792,0.00122687215196858,0.0158394419384842
"ENSG00000006283",-0.245943459425958,0.00122559720886805,0.0158263018511488
"ENSG00000134121",-0.245959360458111,0.00122467227619465,0.0158176769288821
"ENSG00000160007",-0.246007345145645,0.00122188497027582,0.0157883032984789
"ENSG00000197283",-0.246052622487524,0.00121926025263744,0.0157576969736074
"ENSG00000096070",-0.246068104360947,0.00121836395650444,0.0157494205711214
"ENSG00000171703",-0.246121047751395,0.00121530344674066,0.0157131586819763
"ENSG00000287830",-0.246143010440835,0.00121403591135556,0.0157000685287806
"ENSG00000230391",-0.246158318188343,0.00121315316924491,0.0156919501151763
"ENSG00000188807",-0.246176198613147,0.00121212281417829,0.0156819185360077
"ENSG00000289612",-0.246197687462102,0.00121088558446139,0.0156692057212136
"ENSG00000111305",-0.246236703255368,0.00120864218787895,0.0156500472987213
"ENSG00000239344",-0.246247140189749,0.00120804271261807,0.0156455767477623
"ENSG00000151090",-0.246265605413294,0.001206982776281,0.0156351395460825
"ENSG00000116299",-0.246381903265516,0.00120032661800661,0.0155521897639155
"ENSG00000138162",-0.246391167792328,0.00119979782255637,0.0155486117480332
"ENSG00000253693",-0.246461364179711,0.0011957981173975,0.0155033072123682
"ENSG00000178187",-0.246493751733508,0.00119395683252163,0.0154859598104765
"ENSG00000283674",-0.246558900440698,0.00119026088317374,0.0154510474149008
"ENSG00000156642",-0.246582668380946,0.00118891511491935,0.01544334990135
"ENSG00000240086",-0.2466687119433,0.00118405487161266,0.0153834648550832
"ENSG00000164099",-0.246714736260348,0.0011814626238326,0.015353026968149
"ENSG00000244242",-0.24678241906397,0.00117765993500573,0.015310076687789
"ENSG00000110042",-0.246786146019752,0.00117745086575295,0.015310076687789
"ENSG00000251408",-0.24680022943794,0.00117666114183055,0.0153035573357606
"ENSG00000285586",-0.246811182761147,0.00117604727249515,0.0153020408749348
"ENSG00000241697",-0.246843879478563,0.00117421655775087,0.0152846835512309
"ENSG00000261451",-0.246853007090728,0.00117370596177119,0.0152812692429122
"ENSG00000288958",-0.246860835693479,0.00117326819398704,0.0152788018897034
"ENSG00000197774",-0.246869933254196,0.00117275965516326,0.0152754116862153
"ENSG00000170786",-0.24687702255067,0.00117236351498014,0.0152734843704356
"ENSG00000178363",-0.24690105221232,0.00117102168181198,0.0152624647152555
"ENSG00000149527",-0.24691262902191,0.00117037572678517,0.0152572767907788
"ENSG00000257859",-0.246945984465762,0.00116851640627383,0.0152394943224659
"ENSG00000204685",-0.246985374144669,0.0011663242051805,0.0152141282076365
"ENSG00000183044",-0.247001280071459,0.00116544004158931,0.0152058176636787
"ENSG00000253975",-0.247070868151938,0.00116157905812214,0.0151683050186864
"ENSG00000106125",-0.2471461253861,0.00115741671869789,0.0151300030874136
"ENSG00000174871",-0.247214012892496,0.00115367370966266,0.0150863843470546
"ENSG00000004059",-0.24730695176785,0.00114856745969816,0.0150270909310509
"ENSG00000155034",-0.247333540249207,0.00114711044784066,0.0150112195198609
"ENSG00000134779",-0.247355747244,0.0011458948331013,0.015001691471684
"ENSG00000234593",-0.247365332735036,0.0011453704863541,0.0150012090257878
"ENSG00000177889",-0.247407928826323,0.00114304304693264,0.0149739125756539
"ENSG00000227395",-0.247434194170319,0.0011416100754508,0.0149583245653703
"ENSG00000286230",-0.247435784202546,0.00114152338011785,0.0149583245653703
"ENSG00000287279",-0.247457542845985,0.00114033761195815,0.0149480166113636
"ENSG00000228203",-0.247477644199357,0.00113924316297954,0.0149368515599517
"ENSG00000279958",-0.247545667819953,0.0011355466466639,0.0148947320593101
"ENSG00000102385",-0.247565111879587,0.00113449204535417,0.014884071293813
"ENSG00000114573",-0.247693329965849,0.00112756022609613,0.0148003877133551
"ENSG00000160094",-0.247694000784552,0.00112752406207015,0.0148003877133551
"ENSG00000189227",-0.247702367094186,0.00112707312121588,0.0148003877133551
"ENSG00000233006",-0.247760412877521,0.00112394902319349,0.0147772524425166
"ENSG00000057935",-0.247770282810984,0.00112341860071702,0.0147751646615944
"ENSG00000010256",-0.247807709932499,0.00112140930389305,0.0147533164170145
"ENSG00000167965",-0.247808670261876,0.0011213577914055,0.0147533164170145
"ENSG00000136535",-0.247857599201858,0.00111873608916604,0.0147244426586045
"ENSG00000204271",-0.247880315536145,0.00111752081639726,0.0147147413616502
"ENSG00000239926",-0.247884529305976,0.00111729552223642,0.0147147413616502
"ENSG00000137100",-0.247924790310622,0.00111514501775806,0.0146897442150904
"ENSG00000107872",-0.24797184646653,0.00111263636380062,0.0146629748123651
"ENSG00000167112",-0.248047192475334,0.00110863029079233,0.0146164401492124
"ENSG00000205704",-0.248048932703451,0.00110853792094175,0.0146164401492124
"ENSG00000179088",-0.24807483504348,0.00110716387988679,0.0146064938528944
"ENSG00000188185",-0.248116752336077,0.00110494359998338,0.0145803278124736
"ENSG00000054793",-0.248123727033657,0.00110457455960366,0.0145785838936838
"ENSG00000280294",-0.248162723641241,0.00110251327848762,0.0145576222294019
"ENSG00000117682",-0.248215577609521,0.00109972515206417,0.0145239237679479
"ENSG00000081760",-0.248251804190773,0.00109781787922475,0.0145049599740249
"ENSG00000258478",-0.248271485129502,0.00109678297987916,0.0144943980488905
"ENSG00000063854",-0.248300976820894,0.001095233867137,0.0144863686050031
"ENSG00000260711",-0.248370292563474,0.00109160080490595,0.0144612779211643
"ENSG00000232677",-0.24839027566164,0.00109055547915873,0.0144555559787519
"ENSG00000130294",-0.248408064378846,0.00108962571452159,0.0144463431655572
"ENSG00000140945",-0.248549343134146,0.00108226724223094,0.0143549687835907
"ENSG00000234446",-0.248569317859568,0.00108123054636183,0.0143443097101298
"ENSG00000175229",-0.248583665534134,0.00108048645839602,0.0143375288045547
"ENSG00000182670",-0.248586329294465,0.00108034836419723,0.0143375288045547
"ENSG00000136531",-0.248610058242121,0.00107911892599304,0.0143255597888946
"ENSG00000135074",-0.248657440535834,0.00107666780304983,0.0142991893118038
"ENSG00000182768",-0.248693455659919,0.00107480812769124,0.0142775720722274
"ENSG00000134490",-0.248720792188873,0.00107339854609132,0.0142619257600701
"ENSG00000181982",-0.248724924769655,0.0010731856010906,0.0142619257600701
"ENSG00000148842",-0.248810507135995,0.00106878438042914,0.0142128923744881
"ENSG00000173020",-0.248841600249881,0.00106718946576157,0.0141947500498876
"ENSG00000251205",-0.248897322887533,0.00106433664283326,0.0141629263451957
"ENSG00000253857",-0.248912761164239,0.00106354748966838,0.0141554858789254
"ENSG00000102606",-0.248919393799415,0.00106320861626964,0.0141540365735883
"ENSG00000186854",-0.249002716724661,0.0010589599211851,0.0141005256143262
"ENSG00000178773",-0.249025630553571,0.00105779426086178,0.0140880523675562
"ENSG00000067606",-0.249032524019911,0.00105744381031403,0.014086433303456
"ENSG00000086570",-0.249060863783871,0.00105600418943364,0.0140733481668479
"ENSG00000188042",-0.249065506495771,0.00105576851746186,0.0140732548491818
"ENSG00000151952",-0.249092774180536,0.00105438533636906,0.0140578620323868
"ENSG00000279202",-0.249174336757701,0.00105025790346198,0.0140119385238813
"ENSG00000249478",-0.249243884001321,0.00104675020804836,0.013974228807837
"ENSG00000285821",-0.249246657334665,0.00104661055477031,0.013974228807837
"ENSG00000282936",-0.249318485639124,0.00104299953280168,0.0139434234057366
"ENSG00000250433",-0.24933578981291,0.00104213131006827,0.0139367512705002
"ENSG00000233994",-0.24937323695746,0.00104025469884979,0.0139177033013069
"ENSG00000204396",-0.249378221709572,0.0010400051288232,0.0139173897908882
"ENSG00000004142",-0.249576700568925,0.00103011245540208,0.0137940036891353
"ENSG00000236554",-0.249580469958729,0.00102992541764251,0.0137940036891353
"ENSG00000087085",-0.249602385673961,0.00102883857299009,0.0137829432163915
"ENSG00000140470",-0.249778122716751,0.00102016137951127,0.0136756288261036
"ENSG00000130590",-0.249787312329384,0.00101970948534799,0.0136725491429754
"ENSG00000174514",-0.249800537470727,0.00101905946852091,0.0136668110548379
"ENSG00000105204",-0.249811474551586,0.00101852219720809,0.0136625828476406
"ENSG00000289628",-0.249915658615845,0.00101341728701752,0.0136059671710747
"ENSG00000013016",-0.249918166109247,0.00101329471221145,0.0136059671710747
"ENSG00000254556",-0.249935040962156,0.00101247016566667,0.013599184608422
"ENSG00000011332",-0.249935661306703,0.00101243986584847,0.013599184608422
"ENSG00000178301",-0.249941587753815,0.00101215043917369,0.013599184608422
"ENSG00000048740",-0.24995713264172,0.00101139164252357,0.0135935984379714
"ENSG00000128739",-0.249985342187795,0.00101001597521433,0.013584008561755
"ENSG00000279653",-0.249989351159983,0.00100982061295462,0.013584008561755
"ENSG00000286246",-0.250052817670258,0.00100673242474324,0.0135487295754205
"ENSG00000103174",-0.250080986003597,0.00100536457250592,0.0135421661742841
"ENSG00000163273",-0.250086317534504,0.00100510586572212,0.0135416452276712
"ENSG00000132639",-0.250181259142333,0.00100050914185953,0.0134885727550061
"ENSG00000167863",-0.250289923961303,0.000995271665192077,0.0134209025772527
"ENSG00000236668",-0.250293593963363,0.00099509521669008,0.0134209025772527
"ENSG00000167680",-0.250298609594162,0.000994854118679037,0.0134209025772527
"ENSG00000066697",-0.250356761771017,0.000992062692809876,0.013392302339612
"ENSG00000267632",-0.250446394923935,0.00098777418676953,0.013343190199856
"ENSG00000287726",-0.250453229222652,0.000987447898107942,0.0133417109640297
"ENSG00000163788",-0.250458588613626,0.000987192094883833,0.0133411836380173
"ENSG00000127838",-0.250475490209939,0.000986385781483892,0.0133332147014374
"ENSG00000067221",-0.250507803126344,0.000984845932123824,0.0133153247026864
"ENSG00000254449",-0.250532021187694,0.000983693283871081,0.0133026630328635
"ENSG00000262881",-0.250722821301014,0.000974655436935342,0.0131891368097513
"ENSG00000197070",-0.250794227034247,0.000971292721721518,0.0131465228206794
"ENSG00000157445",-0.250821088308025,0.000970030500338763,0.0131352160864354
"ENSG00000237337",-0.250899435057412,0.000966357550813869,0.0130912412738914
"ENSG00000253915",-0.250904290726818,0.000966130334284493,0.0130910447585215
"ENSG00000089220",-0.250921509748053,0.000965324981401173,0.0130830126966205
"ENSG00000184831",-0.25099149767128,0.000962057905759787,0.0130444793461292
"ENSG00000283828",-0.250997058868572,0.000961798741679771,0.0130444793461292
"ENSG00000279675",-0.251062687097887,0.000958745157562945,0.0130167685808634
"ENSG00000137817",-0.251093950827414,0.000957293634094766,0.0130027983704984
"ENSG00000205869",-0.251138751992917,0.000955217105972128,0.012980322713612
"ENSG00000130731",-0.251241753248595,0.000950458682021507,0.0129270782599628
"ENSG00000196700",-0.251258412260173,0.000949691120982519,0.0129207479978024
"ENSG00000179846",-0.251357385043236,0.000945142687652392,0.0128658902495523
"ENSG00000283417",-0.251360213304892,0.000945013005309188,0.0128658902495523
"ENSG00000240418",-0.251436400536591,0.000941525785162434,0.0128282627677744
"ENSG00000230133",-0.251533102935853,0.000937116565030604,0.0127795040722897
"ENSG00000204843",-0.251546907785653,0.000936488670944456,0.0127784637716204
"ENSG00000173064",-0.251676390302512,0.000930618115542752,0.0127049603600184
"ENSG00000267890",-0.251682001105908,0.000930364495074039,0.0127043160605362
"ENSG00000287081",-0.251831327122791,0.000923637911765407,0.0126292760812464
"ENSG00000286461",-0.251833989230735,0.000923518399875806,0.0126292760812464
"ENSG00000076344",-0.251864516119029,0.000922148949412102,0.0126173265768382
"ENSG00000082293",-0.25186827356611,0.000921980517530957,0.0126173265768382
"ENSG00000132872",-0.251911096448253,0.000920062927278282,0.0125943845187755
"ENSG00000243197",-0.252140951883894,0.00090983254254135,0.012479325606901
"ENSG00000186212",-0.252146514365677,0.00090958626788292,0.012478728771865
"ENSG00000253267",-0.252189302313748,0.000907693909755959,0.0124576459330363
"ENSG00000283445",-0.252193283445569,0.000907518022506805,0.0124576459330363
"ENSG00000187772",-0.252310631414197,0.000902347602845255,0.0123960001940867
"ENSG00000261308",-0.252347381848181,0.000900733929500326,0.012379358856
"ENSG00000130734",-0.252415501486645,0.000897749874931048,0.0123438602106248
"ENSG00000254066",-0.252435588092809,0.000896871694560941,0.0123372980710904
"ENSG00000198739",-0.252488962484014,0.00089454201493612,0.0123080021835968
"ENSG00000101152",-0.252604163506602,0.000889532668162172,0.0122500332354828
"ENSG00000100341",-0.252614830502447,0.000889070135507475,0.0122488370621924
"ENSG00000169427",-0.252629625878666,0.000888428957485684,0.0122457943470322
"ENSG00000226626",-0.252678778493772,0.000886301909656236,0.0122219504207671
"ENSG00000285781",-0.252734919290661,0.000883878176641769,0.0121920761903925
"ENSG00000214254",-0.252758149613645,0.000882877050108151,0.0121829114735103
"ENSG00000088727",-0.252854216162908,0.000878748048918992,0.0121340969088334
"ENSG00000168959",-0.252854892830238,0.000878719028356016,0.0121340969088334
"ENSG00000225365",-0.25294377400148,0.000874914782863621,0.0120919314022591
"ENSG00000176165",-0.252952157240551,0.000874556749912516,0.0120897845050799
"ENSG00000136059",-0.253131768937065,0.000866918125683048,0.0120057626298464
"ENSG00000033122",-0.253136636451411,0.000866711973212018,0.0120056092008464
"ENSG00000105723",-0.25318714452733,0.000864575476120804,0.0119841065545898
"ENSG00000178597",-0.25322097344793,0.000863147216462113,0.0119670043455608
"ENSG00000152056",-0.253242712446241,0.000862230538935928,0.0119572325601903
"ENSG00000273820",-0.25326057932353,0.000861477808651748,0.0119533378464115
"ENSG00000125966",-0.253323411053427,0.00085883550557724,0.0119206523128655
"ENSG00000152931",-0.253328800771835,0.000858609195482368,0.0119201994872021
"ENSG00000108509",-0.253328901904002,0.000858604949545017,0.0119201994872021
"ENSG00000255468",-0.253372856653245,0.000856761377001021,0.0119052883689661
"ENSG00000175077",-0.253393215341297,0.000855908715809453,0.0118961260175648
"ENSG00000110887",-0.253458791499262,0.00085316755834737,0.0118645096840211
"ENSG00000182324",-0.253512698752013,0.000850920219250671,0.0118374850753986
"ENSG00000073803",-0.2535246250656,0.000850423758809222,0.011833253405416
"ENSG00000073464",-0.253528349642258,0.000850268769234602,0.011833253405416
"ENSG00000172575",-0.253648560600806,0.000845280389297455,0.0117696688413852
"ENSG00000164970",-0.253682909289217,0.000843859975114047,0.0117552101196059
"ENSG00000177570",-0.25369227995075,0.000843472853173838,0.0117524775358231
"ENSG00000259419",-0.253708015988721,0.000842823131213101,0.0117460839645333
"ENSG00000283982",-0.253709456855648,0.00084276366255698,0.0117460839645333
"ENSG00000206140",-0.253723199608944,0.000842196654025193,0.0117426712449765
"ENSG00000103942",-0.25388054824558,0.000835729593346763,0.0116633323642082
"ENSG00000232406",-0.253891083773627,0.000835298215862586,0.0116623396998745
"ENSG00000235106",-0.25394948187779,0.000832910813347833,0.0116342857686516
"ENSG00000132359",-0.253992023404802,0.000831175602547388,0.0116126836057154
"ENSG00000037042",-0.254091643599517,0.000827125225867041,0.0115714710924812
"ENSG00000145248",-0.254130215255902,0.000825561851239571,0.0115526099528622
"ENSG00000237476",-0.25415685527072,0.000824483672904022,0.0115427714206563
"ENSG00000187189",-0.254214457172465,0.000822156825277134,0.0115180559196121
"ENSG00000247121",-0.25424681775534,0.000820852259209802,0.0115050174085193
"ENSG00000179698",-0.254263172554666,0.000820193665423388,0.0114984052266098
"ENSG00000286998",-0.254280129589774,0.000819511333148787,0.0114934209621283
"ENSG00000184612",-0.254322542853152,0.000817806955156947,0.0114754015613723
"ENSG00000230606",-0.254407590639948,0.00081439912397796,0.011438767260558
"ENSG00000165379",-0.254422264469717,0.000813812471924898,0.011434994240216
"ENSG00000166363",-0.254479327936775,0.00081153479614815,0.0114081995189908
"ENSG00000099365",-0.25455051052625,0.000808701775751249,0.0113735699467173
"ENSG00000169116",-0.2546116968189,0.000806273872885872,0.011344608878118
"ENSG00000198797",-0.254706792938273,0.000802513712965069,0.0112968673263317
"ENSG00000152214",-0.254726639832595,0.000801730991313633,0.0112884310522549
"ENSG00000198369",-0.254731559752026,0.000801537068195983,0.0112882831407445
"ENSG00000197043",-0.25477649873624,0.000799767752585573,0.0112685225652762
"ENSG00000205559",-0.254784852254049,0.000799439258151493,0.0112664734837819
"ENSG00000233723",-0.254884912602842,0.00079551411009314,0.0112162933314026
"ENSG00000151131",-0.254899762796431,0.000794933082431165,0.0112106694833051
"ENSG00000175426",-0.254947425332371,0.00079307087699011,0.0111921013651638
"ENSG00000138686",-0.255006840479712,0.000790755108145174,0.0111619799026804
"ENSG00000101204",-0.255010798807696,0.000790601049286719,0.0111619799026804
"ENSG00000204262",-0.255073143453133,0.000788178222972352,0.0111307114627376
"ENSG00000103489",-0.255073625428236,0.000788159519175251,0.0111307114627376
"ENSG00000218475",-0.255101463909212,0.000787079895956035,0.0111203042049399
"ENSG00000105197",-0.25511012197187,0.000786744399121607,0.0111181164866912
"ENSG00000226049",-0.255189803081202,0.000783662954864657,0.0110813270002332
"ENSG00000167194",-0.255216896505776,0.000782617724258643,0.0110737359298346
"ENSG00000229672",-0.255307662561958,0.000779125420289106,0.0110357870808453
"ENSG00000272153",-0.25537993975976,0.000776354750871523,0.0110041402090366
"ENSG00000133612",-0.255623349126596,0.000767090440542059,0.0108878722492437
"ENSG00000167700",-0.255832197816186,0.000759222725417602,0.0107936251820515
"ENSG00000139044",-0.255888440727534,0.000757116679147087,0.0107724963572929
"ENSG00000182405",-0.255926919300374,0.000755678926694521,0.0107630567394258
"ENSG00000099822",-0.256010469525614,0.000752565717804822,0.0107262400501575
"ENSG00000101349",-0.256029775368092,0.000751848033435785,0.0107184932522057
"ENSG00000254510",-0.256102607021142,0.000749146222067673,0.0106849258611664
"ENSG00000253553",-0.256151438427074,0.000747339746716091,0.0106616312869483
"ENSG00000244476",-0.256164714783883,0.000746849293094884,0.0106595762741724
"ENSG00000172476",-0.256229212004374,0.000744470856724579,0.0106330272467527
"ENSG00000082497",-0.256408663959946,0.000737889917168328,0.0105488262629983
"ENSG00000144227",-0.256460694205784,0.000735991879412682,0.0105265824370379
"ENSG00000105701",-0.256473355248577,0.000735530691150121,0.0105248781344206
"ENSG00000113763",-0.256523117957086,0.000733720622302433,0.0105014190648793
"ENSG00000119574",-0.256564966978805,0.000732201580948824,0.0104845542340424
"ENSG00000116396",-0.256568486973165,0.000732073943808655,0.0104845542340424
"ENSG00000148343",-0.256586856571339,0.000731408183265975,0.0104780691878308
"ENSG00000278766",-0.256590458288883,0.000731277713313453,0.0104780691878308
"ENSG00000230951",-0.256618102604674,0.000730277028411345,0.010466737176653
"ENSG00000278535",-0.256661929910676,0.000728693125438726,0.0104464686028421
"ENSG00000151229",-0.256677946548571,0.000728115079424625,0.0104406138043125
"ENSG00000227288",-0.25668789030821,0.000727756418112467,0.0104379028189964
"ENSG00000214216",-0.25682043581369,0.000722991143658613,0.0103719736469291
"ENSG00000127252",-0.256843659010612,0.000722159187050001,0.01036245395379
"ENSG00000279278",-0.256898058608793,0.000720213804542699,0.0103417728387251
"ENSG00000288030",-0.256918367256372,0.000719488785259554,0.0103343225693784
"ENSG00000197385",-0.256932063348102,0.000719000213869637,0.0103315781373787
"ENSG00000234942",-0.257043552595091,0.000715034482511546,0.0102817949046006
"ENSG00000083307",-0.257167166860076,0.000710661008959474,0.0102308587451232
"ENSG00000249717",-0.257195637268043,0.000709657221861123,0.0102187983299534
"ENSG00000172366",-0.257204210356278,0.000709355214562452,0.0102168400011775
"ENSG00000149575",-0.257302866419724,0.000705888328478437,0.0101716673584352
"ENSG00000116667",-0.257321176284024,0.000705246618279268,0.0101695637008855
"ENSG00000118369",-0.257340892188417,0.000704556230965859,0.0101643714670799
"ENSG00000173267",-0.257346474876094,0.000704360856365119,0.010163935414803
"ENSG00000185513",-0.257399078608062,0.000702522357580699,0.0101397832961882
"ENSG00000285596",-0.257469416443312,0.000700070957420763,0.0101091428914837
"ENSG00000006210",-0.257564864500832,0.000696757018269895,0.0100660126601884
"ENSG00000214113",-0.257611056291495,0.00069515844109251,0.0100458974727543
"ENSG00000170445",-0.257691418929812,0.000692385348410096,0.0100216754192265
"ENSG00000130748",-0.257730204512083,0.000691050613785026,0.0100047092389522
"ENSG00000103502",-0.257747994733917,0.000690439189131633,0.00999820928374523
"ENSG00000285850",-0.257764499020098,0.00068987240585665,0.00999470511912469
"ENSG00000196600",-0.257847518364707,0.000687027884500277,0.00995818278937471
"ENSG00000151502",-0.257855318209161,0.000686761191605869,0.00995666213808989
"ENSG00000187486",-0.25786645481346,0.000686380573234339,0.00995348868971116
"ENSG00000173114",-0.257910027132435,0.000684893258358182,0.00993660318066854
"ENSG00000284874",-0.25795726377495,0.000683284218168101,0.00992027457488503
"ENSG00000172292",-0.258006930545247,0.000681596155701856,0.00990511305938962
"ENSG00000172803",-0.258046536454167,0.000680252793603679,0.00989026173624966
"ENSG00000170153",-0.258097871624749,0.000678515225271829,0.00986988554919819
"ENSG00000157005",-0.25811711771288,0.000677864847361268,0.0098648650191539
"ENSG00000165731",-0.258184392982526,0.000675595941993372,0.00984115423764263
"ENSG00000225477",-0.258258213903018,0.000673114332168464,0.00980886702759668
"ENSG00000145217",-0.258296108556805,0.000671843706633719,0.00980041457242607
"ENSG00000225206",-0.25840947041599,0.000668055811980424,0.00974978109853527
"ENSG00000067445",-0.258437915189108,0.000667108446149482,0.00973826428126749
"ENSG00000141873",-0.258440330128088,0.000667028072566676,0.00973826428126749
"ENSG00000236008",-0.258497875034964,0.000665115510311833,0.00972070030079113
"ENSG00000235376",-0.258516555051879,0.000664495748564667,0.00971394925170163
"ENSG00000181211",-0.258518541681351,0.000664429867897062,0.00971394925170163
"ENSG00000127423",-0.258576159457318,0.000662521762003376,0.00969199888774323
"ENSG00000084444",-0.258627019136824,0.000660841658467507,0.00967892409060548
"ENSG00000272767",-0.258773011413214,0.000656040721206271,0.00961318336807589
"ENSG00000214338",-0.258804380329796,0.000655013362616092,0.00960270185537035
"ENSG00000180155",-0.258843518890821,0.000653733620618904,0.00959079426635753
"ENSG00000241111",-0.259141958233094,0.000644050846566157,0.00946453326195501
"ENSG00000186297",-0.259142908335086,0.000644020233003483,0.00946453326195501
"ENSG00000239627",-0.259192829859762,0.000642413579834577,0.00944803640927213
"ENSG00000158301",-0.259204017549539,0.00064205402710319,0.00944646737844579
"ENSG00000008277",-0.259234094689656,0.000641088320031729,0.00943677100407384
"ENSG00000256982",-0.259281259804942,0.000639576653436193,0.00941902502011894
"ENSG00000263624",-0.259302688622888,0.000638890934734554,0.00941117847948861
"ENSG00000233175",-0.259318474589158,0.000638386219950897,0.00940599509711708
"ENSG00000106018",-0.259355650618373,0.000637199065761835,0.0093930010307177
"ENSG00000254585",-0.25937179109215,0.000636684280640296,0.00938766108474518
"ENSG00000104964",-0.259372061221022,0.000636675668398588,0.00938766108474518
"ENSG00000257122",-0.259403391331122,0.000635677530843805,0.00937731015298446
"ENSG00000248485",-0.259497299535735,0.000632694370034589,0.0093400197432019
"ENSG00000178467",-0.259502289471672,0.000632536217554477,0.00933992537744067
"ENSG00000070087",-0.259627421798686,0.000628582133792332,0.00929268768727247
"ENSG00000236451",-0.259636727715303,0.000628288986402572,0.0092905856269005
"ENSG00000273267",-0.259663012724244,0.000627461658167848,0.00928281256977934
"ENSG00000121904",-0.259808955263021,0.000622886316616736,0.00921955639005782
"ENSG00000138030",-0.259856481775804,0.000621402999231606,0.00920202747466553
"ENSG00000280435",-0.259946879512231,0.000618590642826057,0.00917153814494247
"ENSG00000226711",-0.260022942843683,0.000616233340497339,0.00914527723838154
"ENSG00000163075",-0.260031935243246,0.000615955202468829,0.00914498352174945
"ENSG00000104093",-0.260033760226521,0.00061589876923779,0.00914498352174945
"ENSG00000007923",-0.260086549126941,0.000614268461184706,0.00912712172263437
"ENSG00000229010",-0.260099951521784,0.000613855181721966,0.00912318360393544
"ENSG00000279735",-0.26010789970739,0.000613610210701053,0.00912174560564869
"ENSG00000169021",-0.26020382874672,0.00061066068351919,0.00908228639596544
"ENSG00000215397",-0.260230262814664,0.000609850217033874,0.00907242488690663
"ENSG00000158792",-0.260273513188366,0.000608526302946802,0.00905710829227521
"ENSG00000158748",-0.260335206032331,0.000606642442781728,0.00903562499965118
"ENSG00000229256",-0.260454092861346,0.000603027261521297,0.00898830462171633
"ENSG00000167889",-0.260497016018964,0.000601726918283912,0.00897109531464755
"ENSG00000204071",-0.260511749992803,0.000601281153883137,0.00896662159791223
"ENSG00000288769",-0.260517229161237,0.00060111546380495,0.0089663233408657
"ENSG00000239519",-0.260591404754503,0.000598876533712799,0.00893725930912233
"ENSG00000204176",-0.260604495977665,0.000598482185253086,0.00893354053097645
"ENSG00000245598",-0.260744115720615,0.000594291277001747,0.00887528812225079
"ENSG00000287786",-0.260852504274952,0.000591056506222123,0.00883340981518561
"ENSG00000196972",-0.260864277244439,0.000590706130927586,0.00883031773665469
"ENSG00000215399",-0.260914812839212,0.000589204316701874,0.00881214835166468
"ENSG00000230190",-0.260921536249676,0.000589004776441616,0.00881130528957774
"ENSG00000283355",-0.260979246677686,0.000587294583959982,0.00879213278405087
"ENSG00000103037",-0.261006790783711,0.000586479957191279,0.00878207359741608
"ENSG00000163632",-0.26106451848715,0.00058477602063412,0.00876082166842898
"ENSG00000235944",-0.261094323367227,0.000583898065157776,0.00875406151572963
"ENSG00000153933",-0.261176238335572,0.000581491375189352,0.0087222289043757
"ENSG00000066248",-0.261242428716252,0.000579553368402421,0.00869527852388069
"ENSG00000171159",-0.261458785746753,0.000573260091117285,0.00860715273181805
"ENSG00000151743",-0.261593761490786,0.000569365994422743,0.00855494647479329
"ENSG00000280134",-0.261636932896362,0.000568125646430114,0.00853839433062148
"ENSG00000155097",-0.261721637744268,0.000565699253549957,0.00850816101184716
"ENSG00000163491",-0.261755738148362,0.000564725141335434,0.00849558643323099
"ENSG00000100167",-0.261795692111819,0.000563585785930696,0.00848051921988233
"ENSG00000183092",-0.261809547286411,0.000563191177674165,0.00847665391019291
"ENSG00000186648",-0.261926924064509,0.00055985839441689,0.00842855308855017
"ENSG00000103175",-0.262007742565082,0.000557574235090937,0.00839827428400309
"ENSG00000279712",-0.262068104898753,0.000555873839773069,0.00837676287830406
"ENSG00000145428",-0.262110898320596,0.000554671258287265,0.00836273589417723
"ENSG00000212864",-0.262155281783811,0.000553426530841787,0.00834601382360376
"ENSG00000233264",-0.262349483790637,0.000548010430290546,0.00826838782098587
"ENSG00000268049",-0.262350559671802,0.000547980561806454,0.00826838782098587
"ENSG00000010438",-0.262393675783854,0.000546784813678233,0.00825799376024863
"ENSG00000179774",-0.262405285657253,0.000546463246534827,0.00825516299576324
"ENSG00000142408",-0.262436445623752,0.000545601049112082,0.00824416178898944
"ENSG00000137727",-0.262593473103316,0.000541275173048248,0.00818080531681762
"ENSG00000162105",-0.262609249087085,0.000540842323036396,0.00817627116898845
"ENSG00000177542",-0.262652707387296,0.000539651597941743,0.00816027467904832
"ENSG00000154917",-0.262654793727178,0.000539594494717618,0.00816027467904832
"ENSG00000173660",-0.262720671992619,0.000537794270171054,0.00814018951387293
"ENSG00000101977",-0.262729485048039,0.000537553860940101,0.00813855223067591
"ENSG00000131711",-0.262791945530393,0.000535852858148369,0.00811879081779498
"ENSG00000164061",-0.262797276553218,0.00053570790744376,0.00811859331586278
"ENSG00000157193",-0.262803707518299,0.000535533097451135,0.0081179430910179
"ENSG00000145911",-0.263059627300337,0.000528619152358221,0.00803093979578731
"ENSG00000287192",-0.263088580082866,0.000527842174446289,0.00802309676071188
"ENSG00000125850",-0.263152302958945,0.000526135818707953,0.00800172162019484
"ENSG00000134504",-0.263165445306769,0.000525784530396496,0.00799972389090778
"ENSG00000248115",-0.263264237324458,0.000523150795859747,0.00796555976753891
"ENSG00000110514",-0.263374964252527,0.000520213368662244,0.0079281104737264
"ENSG00000162377",-0.263421041875574,0.00051899548990971,0.00791207788729333
"ENSG00000075035",-0.263442782067592,0.000518421789252747,0.00790529003909095
"ENSG00000174775",-0.263449561183522,0.000518243015399959,0.00790529003909095
"ENSG00000109819",-0.263531036075659,0.000516098869693089,0.00788549871807137
"ENSG00000235410",-0.263548125504178,0.00051565017420141,0.00788059953341236
"ENSG00000234423",-0.263592099966194,0.000514497248457243,0.00786493260284466
"ENSG00000285548",-0.263671267067187,0.000512427639711347,0.00784108569328571
"ENSG00000287358",-0.263680639823673,0.000512183124268989,0.00783929326038564
"ENSG00000205740",-0.263852477785563,0.000507719293183693,0.00777483856175595
"ENSG00000106852",-0.263909864967377,0.000506236571656301,0.0077559929215871
"ENSG00000115977",-0.263920130424645,0.000505971763624249,0.00775386609075965
"ENSG00000072518",-0.264068741594934,0.000502152494604405,0.00769917118284342
"ENSG00000225439",-0.264128978313652,0.000500612026714645,0.00767746488216449
"ENSG00000259213",-0.264141353426379,0.000500296092077838,0.00767453207648018
"ENSG00000124194",-0.264156563914441,0.000499908023144328,0.0076704909938655
"ENSG00000113262",-0.264188095460108,0.000499104436800621,0.00766007068789461
"ENSG00000198793",-0.264192693928762,0.000498987343887889,0.00766007068789461
"ENSG00000260417",-0.264217445975223,0.00049835750710318,0.00765815590940278
"ENSG00000163013",-0.26422230947902,0.000498233837512321,0.00765815590940278
"ENSG00000286989",-0.264261989406885,0.000497225911871741,0.00764458444172731
"ENSG00000240419",-0.264300590438821,0.000496247199975618,0.00763335108105459
"ENSG00000185883",-0.264343442551452,0.000495162788992507,0.00761857467143871
"ENSG00000237328",-0.264348099791892,0.000495045065381766,0.00761857467143871
"ENSG00000121753",-0.264400170388646,0.000493730608400581,0.00760224082146744
"ENSG00000187556",-0.264479589725213,0.0004917319766258,0.00757715392324944
"ENSG00000204990",-0.264500789956635,0.000491199726739237,0.00757084797957415
"ENSG00000184887",-0.264557231399618,0.000489785310580751,0.00755093866592729
"ENSG00000104723",-0.264703413528892,0.000486139482886165,0.00750224883017706
"ENSG00000224973",-0.264718946224186,0.000485753570376657,0.00749817349768271
"ENSG00000196361",-0.264811247583535,0.000483466161348329,0.00747035938589545
"ENSG00000186111",-0.264860580466356,0.000482247682074348,0.00745527539451988
"ENSG00000282164",-0.265010284367017,0.00047856748007305,0.00741003547120168
"ENSG00000251596",-0.265034723794749,0.000477969151388805,0.00740587448466078
"ENSG00000286931",-0.265206838586187,0.00047377496166963,0.00735384772786776
"ENSG00000012232",-0.265212970279944,0.000473626170669892,0.00735339279710087
"ENSG00000074317",-0.265215213964146,0.000473571736474415,0.00735339279710087
"ENSG00000231764",-0.265250878258595,0.000472707258514787,0.00734653927223083
"ENSG00000166963",-0.265345399388444,0.000470423183120902,0.00731843386804671
"ENSG00000154277",-0.26540165825976,0.000469068552177878,0.0072992047977839
"ENSG00000166352",-0.265528599012964,0.000466025243926259,0.00726016931013177
"ENSG00000152154",-0.265609960331651,0.000464084279208991,0.00723628144911025
"ENSG00000175573",-0.265638408359145,0.000463407385429469,0.0072275580661103
"ENSG00000205710",-0.265645823863423,0.000463231090606992,0.0072275580661103
"ENSG00000262001",-0.265661704993021,0.000462853744176001,0.00722441563062841
"ENSG00000234025",-0.26580630735951,0.000459430946112031,0.00717463033431079
"ENSG00000170604",-0.265828603235095,0.000458905280949752,0.00717006006874119
"ENSG00000181638",-0.265850317570309,0.000458393861287739,0.0071638882171388
"ENSG00000285841",-0.265906895042639,0.000457063813734474,0.00714491626936105
"ENSG00000109436",-0.265938809397308,0.000456315132567841,0.00713502503017155
"ENSG00000270885",-0.26597784468461,0.000455400942836855,0.00712435069292105
"ENSG00000224348",-0.265989882874065,0.000455119355481944,0.00712175581331828
"ENSG00000242278",-0.266017306739522,0.000454478480245783,0.00711353600921832
"ENSG00000214376",-0.266075575072551,0.000453119562385072,0.00709407029952351
"ENSG00000159842",-0.266211208575319,0.000449970896633171,0.00705608746513195
"ENSG00000245864",-0.266229120706285,0.00044955659125929,0.00705443927905704
"ENSG00000233355",-0.266248110807885,0.000449117737878685,0.00704935018107773
"ENSG00000180592",-0.266250365264973,0.000449065664629439,0.00704935018107773
"ENSG00000164506",-0.26628232534173,0.000448328054078168,0.00704054650680959
"ENSG00000128011",-0.266285203557351,0.000448261682416673,0.00704054650680959
"ENSG00000129951",-0.266475780159547,0.000443887153710334,0.0069797115452092
"ENSG00000254470",-0.266492735062849,0.000443499886924753,0.00697540430383261
"ENSG00000135973",-0.266539879857079,0.000442424695215034,0.00696561408091943
"ENSG00000145506",-0.266590069895154,0.000441282703373212,0.00694941215363381
"ENSG00000253974",-0.266655254466656,0.000439803605864967,0.00692789176333595
"ENSG00000188827",-0.266736942365719,0.000437956507682576,0.00690232914438322
"ENSG00000126500",-0.266745092475096,0.000437772614525478,0.00690119820398464
"ENSG00000137267",-0.266954204984766,0.000433078710138244,0.00683420413762772
"ENSG00000255595",-0.267033958740319,0.000431300793450448,0.00680963982352858
"ENSG00000256209",-0.267036227579301,0.000431250314114634,0.00680963982352858
"ENSG00000156564",-0.267050093980779,0.000430941919707517,0.00680746650576987
"ENSG00000162699",-0.267057497835965,0.000430777338532017,0.00680661374136443
"ENSG00000214988",-0.267081929546285,0.000430234655641923,0.00680153137601503
"ENSG00000146242",-0.267115900158971,0.000429481143586221,0.00679136369498212
"ENSG00000188386",-0.26719167677441,0.000427804718118211,0.00676659305367956
"ENSG00000197562",-0.267230959298984,0.000426938045729971,0.00675462084483428
"ENSG00000267524",-0.267270683193906,0.000426063287937469,0.00674251452631103
"ENSG00000259153",-0.267384086348961,0.000423575160092987,0.00670658853942958
"ENSG00000287650",-0.267494419866805,0.000421167292901158,0.00667705303305226
"ENSG00000289201",-0.267507485623196,0.000420882992310749,0.00667426510661499
"ENSG00000287566",-0.267541067823782,0.000420153084686461,0.00666612566226954
"ENSG00000182450",-0.267592763627863,0.000419031768048196,0.00665004928642552
"ENSG00000235478",-0.26760278926363,0.000418814626186625,0.00664831760485675
"ENSG00000125851",-0.267627377587123,0.000418282516799665,0.00664329786165641
"ENSG00000236052",-0.26767790768918,0.000417190971780341,0.00662767195850525
"ENSG00000107643",-0.267743586548528,0.000415776125355096,0.00660731111545392
"ENSG00000102225",-0.267813419821562,0.000414276657148563,0.00658817637921218
"ENSG00000243915",-0.267877773372503,0.000412899283189192,0.00657136630064536
"ENSG00000225556",-0.267897388862318,0.00041248029197047,0.00656698030900587
"ENSG00000197444",-0.267911780114256,0.000412173141949113,0.00656490265220399
"ENSG00000054356",-0.267928792507014,0.000411810322422928,0.00656422027536821
"ENSG00000228400",-0.267931163412338,0.000411759782127487,0.00656422027536821
"ENSG00000143164",-0.267935757106217,0.000411661875261367,0.00656422027536821
"ENSG00000104722",-0.267956276337019,0.000411224805376811,0.00655998429811055
"ENSG00000280104",-0.267979799501805,0.000410724278670485,0.00655369847199801
"ENSG00000205562",-0.268044346477438,0.000409353741101553,0.00653521832486485
"ENSG00000179141",-0.268075290598967,0.000408698201309418,0.00652813965776974
"ENSG00000068831",-0.26808522062597,0.000408488043394034,0.00652813965776974
"ENSG00000166913",-0.268118035378694,0.000407794267135623,0.00652140358204021
"ENSG00000186919",-0.268169514806012,0.000406708075966537,0.00650986783544461
"ENSG00000110076",-0.268258549763851,0.000404835800621757,0.00648495952979318
"ENSG00000164076",-0.268359893585357,0.000402714399313918,0.00645433723733744
"ENSG00000090539",-0.268382531984451,0.000402241924569023,0.006448444127553
"ENSG00000258168",-0.268407690232215,0.000401717461401989,0.00644171428987077
"ENSG00000250634",-0.268439411157451,0.000401057091271108,0.00643280104904588
"ENSG00000107282",-0.268444744935107,0.000400946150785817,0.00643269809800894
"ENSG00000152784",-0.268581517478224,0.000398111022599343,0.00639054375974283
"ENSG00000006015",-0.268641387116492,0.0003968758483582,0.00637237860979835
"ENSG00000204619",-0.26866328270528,0.00039642500593842,0.00636846269002195
"ENSG00000078018",-0.268730822746904,0.000395037304397404,0.00635114311960132
"ENSG00000184672",-0.26873714151903,0.000394907707031371,0.00635114311960132
"ENSG00000112541",-0.268766804870468,0.000394299840784167,0.00634425866698582
"ENSG00000089091",-0.268780370720371,0.000394022135985514,0.00634144830990911
"ENSG00000215835",-0.268841603820986,0.000392770893168077,0.00632627371084432
"ENSG00000279276",-0.268948397822805,0.000390597455233171,0.00630116114937623
"ENSG00000261325",-0.268970715425257,0.000390144663657968,0.0062955068642281
"ENSG00000006468",-0.268994690771496,0.000389658780487283,0.00628931549601609
"ENSG00000132434",-0.269098149410511,0.000387568512436787,0.00625886028061128
"ENSG00000105696",-0.269101968550664,0.000387491550020317,0.00625886028061128
"ENSG00000280660",-0.269130101041473,0.000386925066639864,0.00625175014473189
"ENSG00000255182",-0.26913525008599,0.000386821467170472,0.00625171753559336
"ENSG00000125462",-0.269162303449163,0.00038627757179918,0.0062472025302957
"ENSG00000279082",-0.269187106956591,0.000385779531180713,0.00624307018905685
"ENSG00000288663",-0.269205590005505,0.000385408788625944,0.00624035740257697
"ENSG00000250092",-0.269229161316122,0.000384936461829701,0.00623434989653872
"ENSG00000107147",-0.269282467610682,0.000383870275703026,0.00622035604209243
"ENSG00000240707",-0.269347627910705,0.000382570711243097,0.0062009301692771
"ENSG00000122756",-0.269360592810928,0.000382312624340265,0.00619837938682752
"ENSG00000132535",-0.269473350759779,0.000380074789184906,0.00616372142966953
"ENSG00000095066",-0.269511772168858,0.00037931503966502,0.00615464402877511
"ENSG00000110881",-0.269523126897954,0.000379090779344681,0.00615262735337263
"ENSG00000143850",-0.269605853408896,0.000377460601748569,0.00612940244696938
"ENSG00000196990",-0.26972529708194,0.000375118343375747,0.00610102624860385
"ENSG00000205890",-0.269764029119755,0.0003743617141664,0.00609032972155879
"ENSG00000279693",-0.269802334146708,0.000373614817324843,0.00608300272948152
"ENSG00000146021",-0.269804267059355,0.000373577164723593,0.00608300272948152
"ENSG00000137968",-0.269824854012452,0.000373176354645888,0.00608068985182064
"ENSG00000151789",-0.269874832705648,0.00037220496989797,0.00606968274175958
"ENSG00000100285",-0.269906691487928,0.000371586986425607,0.00606121110325406
"ENSG00000224771",-0.26994861976984,0.000370775127665897,0.00605117593664014
"ENSG00000157168",-0.270020341213137,0.000369390191634558,0.00603337313003112
"ENSG00000135596",-0.270063619806539,0.000368556805279403,0.0060229580520753
"ENSG00000257522",-0.270100244792578,0.000367852904155639,0.00601821304273542
"ENSG00000065559",-0.270131966370187,0.000367244249202585,0.00601268424392761
"ENSG00000230061",-0.270217446391479,0.000365608750823625,0.00598749998953943
"ENSG00000134115",-0.270238555074698,0.000365205916509153,0.00598249478989601
"ENSG00000141376",-0.270244466051575,0.000365093186218515,0.00598224042934832
"ENSG00000287343",-0.270291104872977,0.000364204851256871,0.00597245493358722
"ENSG00000119865",-0.270297458670756,0.000364083984876603,0.00597206416984159
"ENSG00000185737",-0.270326529398692,0.000363531455082782,0.00596618129909726
"ENSG00000170745",-0.270353272809144,0.000363023845475526,0.00596017808996175
"ENSG00000261221",-0.270356187891222,0.000362968554788045,0.00596017808996175
"ENSG00000253336",-0.270361433581697,0.000362869078845458,0.00596017808996175
"ENSG00000236285",-0.270374575947458,0.000362619966287227,0.00595916774504168
"ENSG00000243516",-0.270391505235674,0.000362299306441203,0.00595548838558157
"ENSG00000235711",-0.270416094949678,0.000361834017451104,0.00594942900614767
"ENSG00000132026",-0.270426672542303,0.000361634037580542,0.00594772987943796
"ENSG00000143153",-0.270493062342824,0.000360381209558477,0.00593029442809276
"ENSG00000090020",-0.27049888469221,0.000360271529275022,0.00593007515316982
"ENSG00000220515",-0.270508873125119,0.000360083441172191,0.00592856482169645
"ENSG00000138411",-0.270551347810689,0.000359284633481035,0.00592016425246502
"ENSG00000127220",-0.270555878667158,0.000359199520128401,0.00592016425246502
"ENSG00000281490",-0.270562403672132,0.000359076978992514,0.00591991256231324
"ENSG00000153233",-0.27063992094744,0.000357624147222213,0.00589912101759419
"ENSG00000159082",-0.270643683580871,0.000357553766621396,0.00589912101759419
"ENSG00000227487",-0.27079872094218,0.00035466490704065,0.00585973074870061
"ENSG00000128266",-0.270995353747993,0.000351032102558134,0.0058130037711147
"ENSG00000222012",-0.271136287904955,0.000348449587034729,0.00577409299527877
"ENSG00000284691",-0.271180228084448,0.000347648023837639,0.0057670215576991
"ENSG00000286717",-0.271234930138862,0.000346652529404608,0.00575475500809425
"ENSG00000214533",-0.27134408985479,0.00034467388142881,0.00572540063661396
"ENSG00000102312",-0.271400195503089,0.000343660979154695,0.00571165846640468
"ENSG00000185518",-0.271401540332684,0.000343636734198562,0.00571165846640468
"ENSG00000176410",-0.271451807726586,0.000342731636397607,0.00570545735202984
"ENSG00000223460",-0.271558712393415,0.00034081409033028,0.0056812194949314
"ENSG00000112812",-0.271571185183987,0.00034059101534608,0.00567903913531811
"ENSG00000248905",-0.271578115876929,0.000340467118906028,0.00567851175229068
"ENSG00000167371",-0.271618993385494,0.000339737222288098,0.00566941095675127
"ENSG00000227848",-0.271654595999618,0.000339102694925579,0.0056618926360553
"ENSG00000286412",-0.271704691230419,0.000338211733598505,0.00565161632706662
"ENSG00000159720",-0.271717162078079,0.000337990272848625,0.00564944957962949
"ENSG00000175931",-0.271724696476585,0.00033785654008586,0.00564874841158493
"ENSG00000118276",-0.27173743718786,0.000337630508836114,0.00564650327060048
"ENSG00000130159",-0.27184032411982,0.00033581033684114,0.00562217393105307
"ENSG00000114646",-0.272017450777692,0.000332698090515648,0.00557917473642916
"ENSG00000103253",-0.272036645621885,0.000332362434095815,0.0055750650433341
"ENSG00000250056",-0.272045998552088,0.000332198995078657,0.00557384268078541
"ENSG00000074054",-0.272146455416098,0.000330448241373344,0.00554597942925581
"ENSG00000256029",-0.272220590621079,0.000329161710918878,0.0055289105722684
"ENSG00000124313",-0.272266336388551,0.00032837016537077,0.00552013478764782
"ENSG00000091157",-0.272272323132385,0.000328266706616275,0.00551990333114536
"ENSG00000124507",-0.272344732613645,0.000327017767891799,0.00550115197269193
"ENSG00000106536",-0.272367421174174,0.000326627337038775,0.00549687401081817
"ENSG00000285582",-0.272369909611004,0.000326584541667188,0.00549687401081817
"ENSG00000145247",-0.272378730600504,0.000326432882888095,0.00549687401081817
"ENSG00000160051",-0.272458746700458,0.000325060151121856,0.00547945821436415
"ENSG00000138028",-0.27248746303795,0.000324568809350581,0.00547267474045812
"ENSG00000259422",-0.272566026048462,0.000323228099891858,0.0054552460597944
"ENSG00000187678",-0.272575586169829,0.00032306530360597,0.00545479589715386
"ENSG00000227958",-0.272682736877369,0.000321245863827135,0.00542705337452023
"ENSG00000248343",-0.272690203715721,0.000321119430383327,0.00542640698064565
"ENSG00000257680",-0.272700537840503,0.000320944522296427,0.00542494086245847
"ENSG00000129159",-0.272753156033893,0.000320055313671167,0.00541288382098882
"ENSG00000044524",-0.272764643974193,0.000319861480145932,0.005411092615201
"ENSG00000099364",-0.272835185971222,0.000318673625646336,0.00539396304091806
"ENSG00000065989",-0.272941195086353,0.000316896234946226,0.00536683045776845
"ENSG00000162373",-0.273035677987615,0.000315319852756034,0.00534601791129955
"ENSG00000223965",-0.273039525945937,0.000315255806657372,0.00534601791129955
"ENSG00000221866",-0.273084136267892,0.000314514185035727,0.00533529796136681
"ENSG00000172247",-0.273171023971406,0.000313074369808363,0.00531380281728789
"ENSG00000260838",-0.273244092634278,0.000311868286068265,0.00529625325545952
"ENSG00000124243",-0.273262597139879,0.000311563532412533,0.00529253823869636
"ENSG00000213713",-0.27329050273138,0.000311104473265372,0.0052876591280431
"ENSG00000114812",-0.273340703446181,0.000310280229215679,0.00527510674774855
"ENSG00000079841",-0.273381997602415,0.000309603741050026,0.00526506013793391
"ENSG00000128973",-0.273475868493257,0.000308071019788926,0.00524044301876441
"ENSG00000228149",-0.273506212099287,0.000307577078031777,0.00523783167968669
"ENSG00000156959",-0.273508137890106,0.000307545754280087,0.00523783167968669
"ENSG00000081138",-0.273527319672125,0.000307233916523784,0.00523633457727492
"ENSG00000286688",-0.273574596153126,0.000306466596211687,0.00522759983294125
"ENSG00000063245",-0.273617455560262,0.000305772504389211,0.0052186530810121
"ENSG00000270001",-0.273665883484744,0.000304989988046206,0.00520674169883931
"ENSG00000180720",-0.273702862852928,0.000304393713464449,0.00520063819337201
"ENSG00000265544",-0.273736640735831,0.000303850006863358,0.00519448467288847
"ENSG00000105705",-0.273775301622297,0.0003032288070301,0.00518530527920546
"ENSG00000236187",-0.273838309067551,0.000302218933842119,0.00517234762635689
"ENSG00000288563",-0.273888529218241,0.000301416249707752,0.00516148071007621
"ENSG00000169891",-0.273930603651392,0.000300745284771036,0.00515285852058703
"ENSG00000280053",-0.274037750536926,0.000299042858143938,0.00512654419543469
"ENSG00000229975",-0.274171871687096,0.000296924450502429,0.0050944851914473
"ENSG00000177614",-0.274248616588599,0.000295718559392399,0.005076625667851
"ENSG00000216639",-0.274323996304442,0.00029453854613459,0.00505777909690492
"ENSG00000152092",-0.274350043468558,0.000294131814337414,0.0050522044045721
"ENSG00000287118",-0.274448587375691,0.000292597743884857,0.00502866114204124
"ENSG00000236908",-0.274451194020021,0.000292557266276787,0.00502866114204124
"ENSG00000117069",-0.274472784832118,0.000292222190394461,0.00502501326785043
"ENSG00000197106",-0.274540184714625,0.00029117847698658,0.00501126627171759
"ENSG00000163053",-0.274566750594376,0.000290768045652808,0.00500603329444161
"ENSG00000258392",-0.274637083095008,0.00028968403068882,0.00499112933502596
"ENSG00000224078",-0.274647729916043,0.000289520261588307,0.00498970455872046
"ENSG00000112280",-0.274745852733342,0.000288014980473622,0.00496793552642057
"ENSG00000286318",-0.274827857825087,0.000286762535171338,0.00494910641182974
"ENSG00000249558",-0.274876968640831,0.000286014899625263,0.00494035952358607
"ENSG00000179912",-0.274882585224736,0.000285929511319208,0.00494027115233838
"ENSG00000251602",-0.275019298009526,0.000283858367435894,0.00490586334329533
"ENSG00000166206",-0.275049521260012,0.000283402381478205,0.00489935847350972
"ENSG00000111775",-0.275053935452506,0.000283335840371653,0.00489935847350972
"ENSG00000245025",-0.27508951109834,0.000282800089802884,0.00489169441451059
"ENSG00000104731",-0.275097155593242,0.000282685090568141,0.00489107990270611
"ENSG00000286233",-0.275139099368915,0.000282054885726661,0.00488154833722206
"ENSG00000233073",-0.275218589801138,0.000280864120326408,0.00486230701023022
"ENSG00000142235",-0.275272362471914,0.000280061255459943,0.00485113704081811
"ENSG00000077092",-0.275400780336068,0.000278152498359048,0.00482078776654723
"ENSG00000185105",-0.27544173787075,0.000277546265910959,0.00481299165658609
"ENSG00000261786",-0.275558589251345,0.000275823429272236,0.00478581255458993
"ENSG00000100360",-0.275575240428967,0.000275578737266904,0.00478291534302154
"ENSG00000239382",-0.275576051977431,0.000275566816572454,0.00478291534302154
"ENSG00000281189",-0.275847054370036,0.000271612782607065,0.00472207262507604
"ENSG00000277531",-0.275924937224321,0.000270486227658365,0.00470381587878112
"ENSG00000281406",-0.275944484014201,0.000270204170650709,0.00470023897075387
"ENSG00000179431",-0.275996001980263,0.000269462083185497,0.00468998146141635
"ENSG00000185361",-0.276012449549694,0.000269225564135698,0.00468719041560605
"ENSG00000286648",-0.276013450458157,0.000269211177116102,0.00468719041560605
"ENSG00000170629",-0.276034644771665,0.000268906698495526,0.00468428923074119
"ENSG00000280222",-0.276110789018821,0.000267815443374666,0.00466917565236977
"ENSG00000102178",-0.276284350216788,0.000265343422267114,0.00463008096966467
"ENSG00000287645",-0.276319581236134,0.000264844224451238,0.00462399232613532
"ENSG00000173320",-0.276449731416505,0.000263007646848902,0.00459453381143027
"ENSG00000279905",-0.276464343249388,0.000262802196546206,0.00459224826355471
"ENSG00000139910",-0.276580645171714,0.000261172237176938,0.00456765676749574
"ENSG00000100362",-0.276644866857849,0.000260276207373151,0.00455457461091078
"ENSG00000167103",-0.276705360473691,0.000259434805365099,0.0045437267106971
"ENSG00000213760",-0.276787928614108,0.000258290448837011,0.00452626064442625
"ENSG00000154822",-0.276857530759145,0.000257329440373613,0.00451198948101243
"ENSG00000240207",-0.276872093387455,0.000257128792506224,0.00451088896783909
"ENSG00000033627",-0.276914857866883,0.000256540411856625,0.0045032866820605
"ENSG00000119771",-0.276931780561777,0.000256307924464941,0.00450048927340094
"ENSG00000247077",-0.276934222086874,0.000256274398467479,0.00450048927340094
"ENSG00000057593",-0.276959441394801,0.000255928335889818,0.00449638980987809
"ENSG00000168135",-0.276988936792098,0.000255524147242349,0.00449057056478673
"ENSG00000151693",-0.277037613785282,0.00025485840167976,0.0044814301351369
"ENSG00000164591",-0.277166846100008,0.000253098729562844,0.00445375514028122
"ENSG00000179115",-0.277278339817797,0.000251589672367969,0.00443408785687695
"ENSG00000106610",-0.277516611624882,0.000248392675167354,0.00438150725150462
"ENSG00000119185",-0.277593835599962,0.000247364656905697,0.00436712864159616
"ENSG00000197885",-0.277646814585125,0.000246661680751068,0.00435721770383
"ENSG00000167210",-0.277660995061804,0.00024647383584394,0.00435514951282786
"ENSG00000196961",-0.277721915503086,0.000245668351157881,0.00434341080254542
"ENSG00000088367",-0.277769095200877,0.000245046227472919,0.0043349022775491
"ENSG00000176871",-0.277807734451194,0.000244537811553605,0.00432715212025736
"ENSG00000175711",-0.277876203327617,0.000243639304551674,0.00431373341752825
"ENSG00000144596",-0.277897950661283,0.000243354560345306,0.00430993181637166
"ENSG00000276740",-0.277951492168038,0.000242654843651662,0.00430001430973161
"ENSG00000273079",-0.278060649697597,0.000241234089194279,0.00427730071603938
"ENSG00000117013",-0.278134503519306,0.000240277225544695,0.00426156241179329
"ENSG00000230126",-0.278185172891608,0.000239622786193693,0.00425118038440606
"ENSG00000188191",-0.278266081592885,0.00023858121454238,0.00423392222254794
"ENSG00000135631",-0.278295014490247,0.000238209772176654,0.00422854981795211
"ENSG00000172348",-0.278308057148306,0.000238042505599679,0.00422679975898058
"ENSG00000117632",-0.27832358405351,0.000237843521996424,0.00422448534422739
"ENSG00000166780",-0.278376498856029,0.000237166558356645,0.00421489421527616
"ENSG00000139174",-0.2784063089528,0.000236785973364167,0.00420934602678345
"ENSG00000068615",-0.278420303942026,0.000236607495534969,0.00420860453907634
"ENSG00000176769",-0.278433749330487,0.000236436144581541,0.00420798903473868
"ENSG00000127527",-0.278434660061348,0.000236424542203185,0.00420798903473868
"ENSG00000132694",-0.278469247100952,0.000235984307595879,0.00420237795910902
"ENSG00000090316",-0.278645271620141,0.00023375560018686,0.00416509978514769
"ENSG00000233615",-0.278645798421496,0.000233748959649121,0.00416509978514769
"ENSG00000286944",-0.278727587295892,0.000232720104096111,0.00415025386452943
"ENSG00000008283",-0.278816056999525,0.000231611950193398,0.00413768530121988
"ENSG00000117152",-0.278841701392056,0.000231291652249855,0.00413316302150554
"ENSG00000231169",-0.27884565682231,0.00023124228569186,0.00413316302150554
"ENSG00000188690",-0.278946567547443,0.000229986157872184,0.00411369224410867
"ENSG00000185379",-0.27900554531844,0.000229254949216681,0.00410272363902048
"ENSG00000228209",-0.279148452793482,0.000227492134599967,0.00407710423174734
"ENSG00000236678",-0.279186422006518,0.000227025895310486,0.00407348046701422
"ENSG00000148408",-0.279195461832738,0.000226915022709166,0.00407310387242816
"ENSG00000172782",-0.279328939818452,0.000225283779242439,0.00404813574005742
"ENSG00000173137",-0.279401682454357,0.000224399385470725,0.0040334216645474
"ENSG00000232613",-0.279525439002922,0.000222902189903822,0.00400885224296927
"ENSG00000258829",-0.279556216147516,0.000222531296430108,0.00400452225365338
"ENSG00000135439",-0.279582058608712,0.000222220314034624,0.00400126594702952
"ENSG00000154975",-0.279633610311052,0.000221601159735206,0.00399179989938696
"ENSG00000236627",-0.279682868713681,0.000221011048536986,0.00398532199565199
"ENSG00000274080",-0.279815910185762,0.000219424522476432,0.00395903336595998
"ENSG00000222024",-0.279941149561422,0.000217940725143407,0.00393341465930376
"ENSG00000272989",-0.280024559550235,0.000216957694620601,0.0039180327145596
"ENSG00000228818",-0.280070476115378,0.000216418306094487,0.0039105250235699
"ENSG00000246922",-0.280266493976945,0.000214129659548664,0.00387030712694949
"ENSG00000182325",-0.280268630278799,0.000214104841251073,0.00387030712694949
"ENSG00000288902",-0.28028859557196,0.000213873025599978,0.00386794049001617
"ENSG00000127616",-0.280296949700352,0.000213776095718757,0.00386732393736484
"ENSG00000261462",-0.280323316605799,0.000213470438263632,0.00386492432417446
"ENSG00000287593",-0.280326740333945,0.000213430778658411,0.00386492432417446
"ENSG00000231831",-0.280346239364127,0.000213205037498321,0.00386492432417446
"ENSG00000143473",-0.280354801060545,0.000213105988565413,0.00386428843850023
"ENSG00000116106",-0.280382813111403,0.000212782220679634,0.00386069250869912
"ENSG00000139180",-0.280408471695681,0.000212486056296377,0.00385873173464273
"ENSG00000085433",-0.280482002090361,0.000211639454766948,0.00384789914451316
"ENSG00000286746",-0.280538377863831,0.00021099249235746,0.00383727007968308
"ENSG00000186094",-0.280558042467461,0.000210767256772571,0.00383430684327849
"ENSG00000197860",-0.28059111160992,0.000210388992000915,0.00382855710340164
"ENSG00000229931",-0.28067490667782,0.000209433320598853,0.00381454995055809
"ENSG00000282989",-0.280786293950893,0.000208169218131808,0.00379645993146716
"ENSG00000223935",-0.280858448262416,0.00020735415343006,0.00378452076473892
"ENSG00000267272",-0.280902161295083,0.000206861811137317,0.00377819546831238
"ENSG00000105613",-0.280924909056719,0.000206606032521496,0.00377534491256025
"ENSG00000219438",-0.280965564592431,0.000206149629791899,0.00376812379444985
"ENSG00000160323",-0.280982887137047,0.000205955450606898,0.00376681196200622
"ENSG00000253361",-0.281060863300163,0.000205083473542132,0.00375197898206807
"ENSG00000079313",-0.281068662939677,0.000204996442538418,0.00375150195051574
"ENSG00000289192",-0.281068865212179,0.000204994185971178,0.00375150195051574
"ENSG00000223733",-0.281137517883003,0.00020422962596883,0.00373969297846644
"ENSG00000160963",-0.281206327312633,0.000203465984506228,0.0037285750857095
"ENSG00000183828",-0.281312457426388,0.000202293371145321,0.00371196876379476
"ENSG00000162636",-0.281369918895822,0.000201661117621077,0.00370147086873593
"ENSG00000187672",-0.281452832175365,0.000200752057523447,0.00369028812073566
"ENSG00000235370",-0.281584521384407,0.00019931605736192,0.00366827375427094
"ENSG00000241061",-0.281596549310396,0.000199185377057522,0.00366696525445053
"ENSG00000151276",-0.281623551296802,0.000198892297972755,0.00366446237505045
"ENSG00000244249",-0.281624756419212,0.000198879226959955,0.00366446237505045
"ENSG00000173621",-0.281715117522287,0.000197901426490983,0.00364878531814292
"ENSG00000288069",-0.281756231189265,0.000197458017462386,0.00364223089557206
"ENSG00000233705",-0.281901761972028,0.000195895896307964,0.00361831243768827
"ENSG00000197921",-0.281977424033027,0.000195088297204747,0.00360447738311886
"ENSG00000105605",-0.282016118726098,0.00019467647839771,0.00359794870465726
"ENSG00000124302",-0.282048669696684,0.000194330672927801,0.00359371602604224
"ENSG00000229897",-0.282085857861946,0.000193936304288438,0.00358890534660006
"ENSG00000110400",-0.282094350664232,0.000193846345428435,0.00358890534660006
"ENSG00000160766",-0.282162597799884,0.000193124856439044,0.00358002294117004
"ENSG00000229206",-0.282209039878063,0.000192635315021621,0.00357202405172963
"ENSG00000161682",-0.282483009755788,0.000189770863784124,0.0035295430766788
"ENSG00000230327",-0.28252081349752,0.000189378741839983,0.0035243801898397
"ENSG00000169696",-0.282522634942284,0.000189359867847448,0.0035243801898397
"ENSG00000286693",-0.282701627560815,0.000187513650684345,0.00350166967806267
"ENSG00000183889",-0.282711963721974,0.000187407552243463,0.00350146035072001
"ENSG00000161267",-0.282747288023487,0.000187045377957293,0.00349681675000111
"ENSG00000282375",-0.282790315687458,0.000186605103123511,0.00348964584218577
"ENSG00000241956",-0.282842276108558,0.000186074711874432,0.00348184313396171
"ENSG00000103657",-0.282858111646127,0.000185913348448763,0.00347988172656041
"ENSG00000134590",-0.282899496194447,0.000185492257016907,0.00347305611982006
"ENSG00000233384",-0.283051271888348,0.000183955518494807,0.0034474294854581
"ENSG00000228723",-0.283125191310571,0.000183211382301353,0.00343557626823719
"ENSG00000258730",-0.283173884249854,0.000182722730652029,0.00342745740178252
"ENSG00000279146",-0.283190425159809,0.000182557012992615,0.00342539292915167
"ENSG00000286174",-0.283208275245824,0.000182378336246272,0.00342308396643506
"ENSG00000124574",-0.283226690952366,0.000182194168488815,0.00342067050197547
"ENSG00000140398",-0.283319461472633,0.000181269041530874,0.00340641889831332
"ENSG00000279387",-0.283450499757509,0.00017996975585175,0.00338406924966089
"ENSG00000251365",-0.283525781025483,0.000179227248432588,0.00337216807628712
"ENSG00000161082",-0.283599369325337,0.000178504198690349,0.00335959094929628
"ENSG00000103145",-0.283706185207636,0.000177459502760684,0.00334504368695362
"ENSG00000146938",-0.283720578606728,0.00017731916678603,0.00334342242667876
"ENSG00000286342",-0.283724846199901,0.000177277577535171,0.00334342242667876
"ENSG00000137216",-0.283737338512353,0.000177155887640849,0.00334239176853722
"ENSG00000074706",-0.283746925780385,0.000177062549112972,0.00334179070110104
"ENSG00000120053",-0.283948962785997,0.000175106209382246,0.00331184282428426
"ENSG00000250644",-0.284049859023492,0.000174136783094668,0.00329756128577791
"ENSG00000287160",-0.284059620103563,0.00017404326300548,0.00329680473327462
"ENSG00000285735",-0.28409042259943,0.000173748453710221,0.00329223363150918
"ENSG00000260903",-0.284237478129745,0.00017234739592878,0.0032676981315591
"ENSG00000236782",-0.284267805655221,0.000172059766158926,0.00326324999953311
"ENSG00000133985",-0.284378982336254,0.000171009175606882,0.00324676401995464
"ENSG00000198934",-0.284407289463119,0.000170742637339955,0.00324326693594141
"ENSG00000231185",-0.28444519001143,0.000170386374270838,0.00323975792447884
"ENSG00000167528",-0.284460540242509,0.00017024228019261,0.00323975792447884
"ENSG00000162062",-0.284531378537233,0.000169578784815112,0.00322913265243233
"ENSG00000166105",-0.284641023248126,0.000168556566731734,0.0032146406392742
"ENSG00000218732",-0.284654304583494,0.000168433135581216,0.00321328236088356
"ENSG00000188582",-0.28470234725587,0.000167987350482311,0.00320577162731267
"ENSG00000256343",-0.284863546131427,0.00016649961945924,0.00318033909993775
"ENSG00000240219",-0.284906025102521,0.000166109624060038,0.00317387479141602
"ENSG00000099625",-0.284935775760463,0.000165836993383698,0.00317014214723238
"ENSG00000237194",-0.28494065089032,0.000165792358208605,0.00317014214723238
"ENSG00000008086",-0.285034912680284,0.000164931525415702,0.0031552831209773
"ENSG00000226454",-0.285086127028757,0.000164465566420559,0.00314734726983423
"ENSG00000257943",-0.28522914550567,0.000163170845391598,0.00312354168235786
"ENSG00000229756",-0.285352383235172,0.00016206282533247,0.00310760717331689
"ENSG00000245526",-0.285357588087689,0.000162016183715077,0.00310760717331689
"ENSG00000011021",-0.285378961650691,0.000161824782588491,0.0031074397565136
"ENSG00000214244",-0.285388398738063,0.000161740340205464,0.00310678760849097
"ENSG00000125170",-0.285495719690788,0.000160782926191331,0.00309129159934997
"ENSG00000075151",-0.285515404383066,0.000160607892959782,0.003088891301349
"ENSG00000105429",-0.285520356790469,0.000160563884905445,0.003088891301349
"ENSG00000105393",-0.285655574908255,0.000159366646580311,0.00307077673673721
"ENSG00000124191",-0.285692867901162,0.000159037917397588,0.0030654023139108
"ENSG00000172995",-0.285727695010261,0.00015873149555045,0.00306045462473586
"ENSG00000172260",-0.285735665048287,0.000158661449656448,0.00306006275702177
"ENSG00000072858",-0.285870283755369,0.00015748267957856,0.00303923299842674
"ENSG00000153558",-0.285893333481141,0.000157281668695904,0.00303630584009432
"ENSG00000279770",-0.285941450416532,0.000156862823882932,0.00302917026452814
"ENSG00000132879",-0.285992671714969,0.000156418099737549,0.00302153029825729
"ENSG00000103353",-0.286011683325957,0.00015625333265836,0.00301929516644461
"ENSG00000213190",-0.286054243610579,0.000155885064005058,0.00301312511907263
"ENSG00000102900",-0.286080605285491,0.000155657366019696,0.00301061500135643
"ENSG00000143126",-0.286142092750433,0.000155127475426361,0.00300130944597295
"ENSG00000185933",-0.286148681921516,0.000155070790773187,0.00300115620985692
"ENSG00000271698",-0.28618696152352,0.000154741864858819,0.00299667505691352
"ENSG00000118733",-0.286222954695127,0.000154433179353962,0.00299258047549125
"ENSG00000145362",-0.286281397096965,0.000153933187439684,0.0029838312087521
"ENSG00000112146",-0.286389582001255,0.00015301161631088,0.00296783703568762
"ENSG00000287474",-0.28653155063205,0.000151810066659129,0.00294731821529004
"ENSG00000136950",-0.286568808053964,0.000151496200271739,0.00294215277675099
"ENSG00000151729",-0.286609383097498,0.000151155074063693,0.00293711700088438
"ENSG00000130643",-0.286613057816513,0.000151124215045424,0.00293711700088438
"ENSG00000224493",-0.286706867663491,0.000150338419795984,0.00292520635723176
"ENSG00000159753",-0.286718378402579,0.000150242263451587,0.00292425991836321
"ENSG00000068971",-0.286806647191132,0.000149506804315874,0.00291257178500682
"ENSG00000101460",-0.286831531629902,0.000149300073926697,0.00290960220067911
"ENSG00000143801",-0.286908224204112,0.000148664617786391,0.00289813596358747
"ENSG00000261757",-0.28692058177133,0.000148562462349002,0.00289706216185266
"ENSG00000286411",-0.287001203397375,0.000147897599035253,0.00288592575619074
"ENSG00000151778",-0.287042427415035,0.000147558710182622,0.00288022621613678
"ENSG00000165914",-0.28725004273542,0.000145862960063929,0.00285618517791105
"ENSG00000130204",-0.287268620380562,0.000145712112262889,0.00285413947711879
"ENSG00000154122",-0.287270980321568,0.000145692960306426,0.00285413947711879
"ENSG00000169282",-0.28732329696365,0.000145268990582816,0.00284908692046807
"ENSG00000183023",-0.287439048890003,0.000144335034937444,0.00283347859336207
"ENSG00000198822",-0.287545299835422,0.000143482674292578,0.00282034420525788
"ENSG00000100077",-0.287595078492766,0.00014308496068099,0.00281432432730931
"ENSG00000259234",-0.287671849558269,0.000142473603873401,0.0028032753468164
"ENSG00000179611",-0.287681328166893,0.000142398291467846,0.0028032753468164
"ENSG00000224713",-0.287721686630125,0.000142078038498129,0.00280078501003487
"ENSG00000138944",-0.28773969815617,0.000141935330275294,0.00279886830069295
"ENSG00000143369",-0.28778263944162,0.000141595639064644,0.00279396024706459
"ENSG00000100095",-0.287854919030527,0.000141025577342307,0.00278498369655884
"ENSG00000106789",-0.287878628617654,0.000140839049331579,0.00278349340143311
"ENSG00000166436",-0.287896692347248,0.000140697092979544,0.00278158107623933
"ENSG00000087448",-0.287930378301474,0.00014043272386704,0.0027772466444965
"ENSG00000243232",-0.288083562053809,0.000139236367699787,0.00275624413435693
"ENSG00000280927",-0.28814619728417,0.000138749936043365,0.0027474987335434
"ENSG00000224668",-0.288196717231204,0.000138358749172772,0.00274063432864149
"ENSG00000108395",-0.288245546670826,0.000137981630928582,0.00273492479673708
"ENSG00000116981",-0.288256236368804,0.000137899200661594,0.00273417152239598
"ENSG00000104884",-0.288416773279193,0.000136666786552356,0.0027141080063176
"ENSG00000254101",-0.288434499851761,0.000136531334926694,0.00271316902703535
"ENSG00000183208",-0.288605383556854,0.000135231996913506,0.00269082380150172
"ENSG00000224404",-0.288645453345302,0.000134928996226875,0.0026856630477965
"ENSG00000155846",-0.28866184489792,0.000134805228972605,0.0026856630477965
"ENSG00000213717",-0.288664283582272,0.000134786824325114,0.0026856630477965
"ENSG00000270207",-0.28878420010224,0.000133884708002261,0.00267092397707978
"ENSG00000181754",-0.288863787032616,0.000133289101686822,0.00266249414937156
"ENSG00000168067",-0.288868433208923,0.000133254407550205,0.00266249414937156
"ENSG00000168032",-0.288926231677135,0.000132823516546021,0.00265491734404297
"ENSG00000125848",-0.288981290205359,0.000132414262245533,0.00264845737914822
"ENSG00000214595",-0.289020993153252,0.00013211987817452,0.00264342840779345
"ENSG00000184307",-0.289036097413401,0.000132008045701489,0.00264204980964308
"ENSG00000267573",-0.289087870627922,0.000131625385415628,0.00263610566873394
"ENSG00000286849",-0.289154476576865,0.000131134618512373,0.00262884331000831
"ENSG00000119042",-0.289178687241997,0.000130956652983123,0.00262613106914087
"ENSG00000175985",-0.289255631066318,0.000130392557687495,0.00261652415073988
"ENSG00000188322",-0.289281701815212,0.000130201941461018,0.00261355129982939
"ENSG00000227294",-0.289332304032929,0.000129832705963555,0.00260784074928885
"ENSG00000081189",-0.289376032662005,0.000129514413732169,0.00260229679357905
"ENSG00000182389",-0.289378069862612,0.000129499603123825,0.00260229679357905
"ENSG00000254656",-0.28940730496048,0.000129287235813767,0.00260112900978178
"ENSG00000164077",-0.28960518107153,0.000127858368289613,0.00257659312967123
"ENSG00000272157",-0.289623803577567,0.000127724656899691,0.00257558528316992
"ENSG00000257501",-0.2896695527958,0.000127396727428478,0.00256981455026492
"ENSG00000085644",-0.289709492813774,0.00012711108130825,0.00256573446639387
"ENSG00000142197",-0.289895450729335,0.000125788992325098,0.00254071471731403
"ENSG00000131188",-0.28995944213043,0.000125337016661213,0.00253324839192043
"ENSG00000229042",-0.290011949984156,0.000124967283649284,0.00252743559149245
"ENSG00000164742",-0.290093738291991,0.00012439340181276,0.00251914034918212
"ENSG00000254712",-0.290224008044621,0.00012348442252853,0.00250155539831989
"ENSG00000228594",-0.290227142870083,0.000123462625404544,0.00250155539831989
"ENSG00000065057",-0.290269145149313,0.000123170920920522,0.0024976708919712
"ENSG00000160877",-0.290285366702931,0.000123058435202758,0.00249621237182548
"ENSG00000149179",-0.29030081181312,0.000122951422802692,0.0024950226965075
"ENSG00000247708",-0.290332871605988,0.000122729572013508,0.00249200553612648
"ENSG00000175602",-0.290404746563609,0.000122233562327962,0.00248521386188045
"ENSG00000273762",-0.29074671352768,0.000119899193551396,0.00244340263838646
"ENSG00000174145",-0.290781270658073,0.000119665628171011,0.00244025891986638
"ENSG00000233363",-0.290921514672376,0.000118722101139109,0.00242262367125509
"ENSG00000102468",-0.290950604016127,0.00011852726776605,0.00242025287571127
"ENSG00000224086",-0.291104814420214,0.000117499384689325,0.00240165464341408
"ENSG00000100346",-0.291117381319217,0.000117415988680653,0.00240074737786117
"ENSG00000150175",-0.29122417504254,0.00011670951702751,0.00238780267724968
"ENSG00000154118",-0.291247713662896,0.000116554337412015,0.00238550719710177
"ENSG00000261879",-0.291263161851328,0.000116452599229193,0.0023842178200138
"ENSG00000064270",-0.291349542560021,0.00011588524378318,0.00237497217562172
"ENSG00000090674",-0.291702476965246,0.000113593875661163,0.00233111753374145
"ENSG00000100478",-0.292017932244526,0.000111581745071377,0.00229825532753441
"ENSG00000177596",-0.292025712099917,0.000111532544883543,0.00229825532753441
"ENSG00000272449",-0.292035003951056,0.000111473809335983,0.00229825532753441
"ENSG00000223893",-0.292044561486896,0.000111413424514151,0.00229786454366585
"ENSG00000145242",-0.292195481856945,0.00011046394933575,0.00227980995906084
"ENSG00000271795",-0.292195911707399,0.000110461255882628,0.00227980995906084
"ENSG00000187860",-0.292374788668498,0.000109345722159299,0.00226204138641071
"ENSG00000128581",-0.292433376426202,0.000108982646132784,0.00225528849145798
"ENSG00000154146",-0.29248486552255,0.000108664492350467,0.00225025196438229
"ENSG00000165943",-0.292492419446503,0.000108617889378862,0.00225025196438229
"ENSG00000131116",-0.29249966970547,0.000108573177406022,0.00225025196438229
"ENSG00000253226",-0.292566018490497,0.000108164806453901,0.00224288909986485
"ENSG00000171208",-0.292624582279711,0.000107805545210901,0.00223770134045857
"ENSG00000143786",-0.292634672298212,0.000107743760493917,0.00223717341290068
"ENSG00000287623",-0.292642182380433,0.000107697795125204,0.00223697371015375
"ENSG00000108528",-0.292756560048555,0.000107000010214593,0.00222623685890701
"ENSG00000214548",-0.292829859025206,0.000106555059613025,0.00221954012128191
"ENSG00000187094",-0.292846621472735,0.000106453549027261,0.0022186174132522
"ENSG00000162374",-0.292864400333856,0.000106345982036885,0.00221787770873535
"ENSG00000227599",-0.292982752323275,0.000105632506294584,0.00220374473470979
"ENSG00000116329",-0.292999285420734,0.000105533194894169,0.00220241944610605
"ENSG00000198673",-0.293056787047592,0.000105188472287116,0.00219596992484337
"ENSG00000226137",-0.293170634822833,0.000104509058443419,0.0021847505070794
"ENSG00000198598",-0.293224393025969,0.000104189672013617,0.00217881385470814
"ENSG00000141098",-0.293276246185728,0.000103882468875561,0.00217386693793864
"ENSG00000225783",-0.293388832707575,0.000103218366236945,0.00216364820561531
"ENSG00000250305",-0.293493954816173,0.000102601879759555,0.00215219157734222
"ENSG00000205085",-0.293559250241022,0.000102220691826856,0.00214492678410911
"ENSG00000124788",-0.293613193678975,0.000101906775272667,0.00214052920729727
"ENSG00000183036",-0.293618220555294,0.00010187756802135,0.00214052920729727
"ENSG00000242768",-0.293717707966704,0.000101301132887792,0.00212981051979155
"ENSG00000114626",-0.293838208957279,0.000100607029653096,0.0021190140427687
"ENSG00000142530",-0.293972039475014,9.98413619464686e-05,0.002105048571303
"ENSG00000279764",-0.294002380608958,9.96685347292321e-05,0.00210212484625629
"ENSG00000171224",-0.294055712446841,9.93654274929054e-05,0.00209860874043355
"ENSG00000174453",-0.294200199690915,9.85485731427954e-05,0.00208350167828932
"ENSG00000130758",-0.294470300026762,9.70383925887751e-05,0.00205439657154578
"ENSG00000130244",-0.294595308113749,9.63468042317258e-05,0.00204115928386827
"ENSG00000074527",-0.294635619715922,9.61247716385045e-05,0.00203715666174935
"ENSG00000279255",-0.294713753583577,9.56957802104375e-05,0.00202876372623878
"ENSG00000103647",-0.294873208525947,9.48258510177867e-05,0.00201448469970268
"ENSG00000171532",-0.294915130251937,9.45983727461294e-05,0.00201034608159109
"ENSG00000278875",-0.294925231263768,9.4543638408449e-05,0.0020098769195888
"ENSG00000223930",-0.294976472657122,9.42664329667109e-05,0.00200536928811035
"ENSG00000007171",-0.294982330752797,9.42347903642592e-05,0.00200536928811035
"ENSG00000133816",-0.295002022362272,9.41284986533529e-05,0.00200382024251883
"ENSG00000123545",-0.295069865494158,9.37631523875181e-05,0.00199673337388838
"ENSG00000048991",-0.29509516947351,9.36272264785814e-05,0.00199521953822639
"ENSG00000164794",-0.29510572462353,9.35705816861675e-05,0.0019947031102506
"ENSG00000133895",-0.295106161104606,9.35682399772132e-05,0.0019947031102506
"ENSG00000226287",-0.295137562691122,9.33999151653892e-05,0.00199250023170273
"ENSG00000154065",-0.295286034492134,9.26078788626082e-05,0.00197966630660658
"ENSG00000171004",-0.295308936315918,9.24862680896782e-05,0.00197844104390377
"ENSG00000274114",-0.295356997955976,9.22315422117685e-05,0.0019736780368154
"ENSG00000138759",-0.295543566258639,9.1248942156649e-05,0.00195469018311479
"ENSG00000104059",-0.295596460585009,9.09721513718127e-05,0.00195011845490311
"ENSG00000278864",-0.295635284883432,9.07694880029241e-05,0.0019464520451749
"ENSG00000250422",-0.295756100450265,9.0141529606063e-05,0.0019343341346149
"ENSG00000266573",-0.295807833830262,8.98738825164009e-05,0.00192993657557201
"ENSG00000279410",-0.295859840202358,8.96055730471731e-05,0.0019255186409271
"ENSG00000171587",-0.296036725819239,8.86985929058208e-05,0.00190802733372801
"ENSG00000166922",-0.2960955209755,8.83990291685092e-05,0.0019029135540912
"ENSG00000231566",-0.296301945954784,8.73547692438142e-05,0.00188306897314932
"ENSG00000286084",-0.296480531550054,8.64606725967566e-05,0.0018644483652049
"ENSG00000253230",-0.296536125903789,8.61840906837234e-05,0.0018597874042914
"ENSG00000204856",-0.296562705685931,8.60521491983025e-05,0.00185768904146878
"ENSG00000118160",-0.296821778442946,8.47759864519216e-05,0.00183519286324202
"ENSG00000061938",-0.296848374693198,8.46459843168374e-05,0.00183302338451634
"ENSG00000157077",-0.296895268377926,8.44172232397791e-05,0.00182871298383279
"ENSG00000135298",-0.296969917473368,8.40542572322854e-05,0.00182213286618661
"ENSG00000186479",-0.2972179075659,8.28589212099011e-05,0.00179875465500605
"ENSG00000082458",-0.297354762567624,8.22061031729285e-05,0.00178710434958485
"ENSG00000156687",-0.297440362683539,8.18002305881904e-05,0.00178079709632812
"ENSG00000086504",-0.2975193249682,8.14274962538379e-05,0.00177330991841691
"ENSG00000233508",-0.297543248354681,8.13148824613386e-05,0.00177163488930247
"ENSG00000143013",-0.297650584741337,8.08114145957964e-05,0.00176176326598785
"ENSG00000145864",-0.297677807443428,8.06841898610788e-05,0.0017596129627251
"ENSG00000215190",-0.297681003977741,8.06692632393863e-05,0.0017596129627251
"ENSG00000289234",-0.297762263042043,8.02906813201482e-05,0.00175289453393657
"ENSG00000170027",-0.297800694678643,8.01122105562451e-05,0.00175086146536703
"ENSG00000169851",-0.297809460874147,8.00715537420264e-05,0.00175059456607434
"ENSG00000279674",-0.297842263207644,7.99195909358574e-05,0.00174789314305487
"ENSG00000160014",-0.297915006327585,7.95835585096576e-05,0.00174302153911686
"ENSG00000260792",-0.297956724129897,7.9391443337791e-05,0.00173943289027448
"ENSG00000172375",-0.297972051627796,7.93209676900901e-05,0.00173850770495688
"ENSG00000282692",-0.298069337041651,7.88750153221322e-05,0.0017305825108682
"ENSG00000214517",-0.298072960146605,7.8858452612443e-05,0.0017305825108682
"ENSG00000228791",-0.298118408778993,7.86509647442122e-05,0.00172751426631613
"ENSG00000242103",-0.298208854460595,7.82395714823794e-05,0.00172032018124743
"ENSG00000169933",-0.29821354225092,7.82183040643471e-05,0.00172032018124743
"ENSG00000160539",-0.29830898394525,7.7786483160304e-05,0.00171219288970592
"ENSG00000287677",-0.2983351268732,7.7668591162823e-05,0.00171020957943642
"ENSG00000223572",-0.298490682130417,7.6970566429096e-05,0.00169666065197431
"ENSG00000099910",-0.298624397301224,7.63752474585667e-05,0.00168655838880159
"ENSG00000169330",-0.298735826809955,7.58824461351673e-05,0.00167687944881247
"ENSG00000140854",-0.298805229810532,7.55770162489561e-05,0.0016719309446534
"ENSG00000177432",-0.298971908158117,7.48481946246546e-05,0.0016587890853366
"ENSG00000177511",-0.298997602824497,7.47364292343262e-05,0.0016569087899126
"ENSG00000263724",-0.299002849324868,7.4713627503081e-05,0.0016569087899126
"ENSG00000261115",-0.299029381552194,7.45984160348089e-05,0.00165563826774117
"ENSG00000196482",-0.29906478092796,7.44449598081074e-05,0.00165286965866048
"ENSG00000279620",-0.299069531400687,7.442438904725e-05,0.00165286965866048
"ENSG00000040731",-0.299107212696199,7.4261408023524e-05,0.0016515237162053
"ENSG00000142686",-0.299161473733676,7.40273030356762e-05,0.00164712087419655
"ENSG00000164512",-0.299187886919171,7.3913595881788e-05,0.00164518565820932
"ENSG00000187186",-0.299237334657698,7.37011663262614e-05,0.00164105086120964
"ENSG00000135454",-0.299280059809335,7.35180782349097e-05,0.00163756663296753
"ENSG00000114948",-0.29937750823612,7.31020808031585e-05,0.00163007045686579
"ENSG00000141485",-0.299437534728947,7.28469329805449e-05,0.00162555897148465
"ENSG00000284707",-0.299567101430873,7.22990411286224e-05,0.00161626305383943
"ENSG00000067842",-0.29956855075631,7.22929343457361e-05,0.00161626305383943
"ENSG00000080947",-0.299611692518701,7.21113762847811e-05,0.00161323974629973
"ENSG00000267909",-0.299686850603023,7.17961010415181e-05,0.00160738628221966
"ENSG00000179603",-0.299937493835531,7.07540102964523e-05,0.00158691137379186
"ENSG00000111262",-0.299957671422476,7.06707383124024e-05,0.00158677851831393
"ENSG00000130368",-0.300001089596033,7.04918649449021e-05,0.00158333990371133
"ENSG00000029534",-0.300154501449069,6.98632353084286e-05,0.00157114499950822
"ENSG00000139364",-0.3001628755716,6.98290727344198e-05,0.00157114499950822
"ENSG00000226746",-0.300193060813191,6.97060607437049e-05,0.00156912575069882
"ENSG00000111490",-0.300303630275831,6.9257197043738e-05,0.00155959199958281
"ENSG00000278291",-0.300471711663575,6.85800481353903e-05,0.00154774128435807
"ENSG00000167964",-0.300490230755114,6.85058212006642e-05,0.0015472469000045
"ENSG00000203782",-0.300542145917405,6.82981398429855e-05,0.00154364330462604
"ENSG00000099999",-0.300685514679761,6.77276697869024e-05,0.0015318749391272
"ENSG00000186642",-0.300696622603159,6.76836579331003e-05,0.00153144229552747
"ENSG00000184156",-0.300831759057405,6.71503632137968e-05,0.00152217383190789
"ENSG00000166501",-0.300844133168387,6.71017281700537e-05,0.00152163181963809
"ENSG00000167535",-0.300976926180825,6.65818754741933e-05,0.00151207193512316
"ENSG00000235278",-0.301034296689625,6.63584541592183e-05,0.00150755433841821
"ENSG00000157388",-0.301367852408366,6.50733339966053e-05,0.00148109218472155
"ENSG00000218186",-0.301369996595705,6.50651489215767e-05,0.00148109218472155
"ENSG00000078328",-0.301383861574319,6.50122450003623e-05,0.00148079704156266
"ENSG00000231752",-0.301387200441378,6.49995110777169e-05,0.00148079704156266
"ENSG00000074211",-0.301506943398616,6.45443733150039e-05,0.00147286574390011
"ENSG00000085831",-0.301526383242657,6.4470765964266e-05,0.00147173175834747
"ENSG00000142675",-0.301563386087213,6.4330875299638e-05,0.0014690832613881
"ENSG00000132938",-0.301635677710131,6.40583951721633e-05,0.00146340381309414
"ENSG00000170035",-0.301757439858489,6.36018976477955e-05,0.00145405467638779
"ENSG00000088899",-0.301773109262417,6.35433737298902e-05,0.00145325655623648
"ENSG00000279486",-0.302284549386253,6.16606887234691e-05,0.00141387683561743
"ENSG00000067836",-0.302440592457639,6.10967738391998e-05,0.00140303725714915
"ENSG00000171798",-0.302508867024341,6.08515653252275e-05,0.0013979278597894
"ENSG00000204052",-0.302561002810139,6.06649414585343e-05,0.0013941609996729
"ENSG00000174996",-0.302775836461999,5.9901579961018e-05,0.00137816180826949
"ENSG00000167394",-0.302965572791373,5.9234900722642e-05,0.00136435356664457
"ENSG00000279324",-0.302983734449717,5.91714523263909e-05,0.0013634024193094
"ENSG00000158286",-0.303047846790914,5.89479831875698e-05,0.0013592711417369
"ENSG00000144285",-0.303072333866666,5.88628405715942e-05,0.00135781658925719
"ENSG00000162989",-0.30314816792683,5.85998938556196e-05,0.00135327274575994
"ENSG00000166159",-0.303161037005336,5.8555381222681e-05,0.00135275239563389
"ENSG00000124120",-0.303515249081725,5.73425879752576e-05,0.00132772469313365
"ENSG00000101489",-0.303533244377923,5.72816073260036e-05,0.00132681190864568
"ENSG00000253137",-0.303578536579052,5.7128394958915e-05,0.00132425986416251
"ENSG00000087152",-0.30360583796893,5.70362269785277e-05,0.0013226215347274
"ENSG00000124493",-0.303610316793292,5.70211200489997e-05,0.0013226215347274
"ENSG00000196542",-0.303770270983578,5.64840554582327e-05,0.00131228943341694
"ENSG00000215218",-0.303920889566716,5.59826801826541e-05,0.00130287812998466
"ENSG00000236714",-0.304096682760403,5.54027884739782e-05,0.00129106747968289
"ENSG00000142185",-0.304109370074093,5.53611555688855e-05,0.00129058596906496
"ENSG00000166342",-0.304125077299154,5.53096536362872e-05,0.00128987393838259
"ENSG00000075945",-0.304132748691688,5.52845164973433e-05,0.00128977645311315
"ENSG00000189108",-0.304222446807358,5.49913940837617e-05,0.00128391136475381
"ENSG00000118473",-0.304301666029566,5.47337293884361e-05,0.00127838050910129
"ENSG00000179091",-0.304447565220466,5.42621481543839e-05,0.00126977553080358
"ENSG00000103316",-0.304474010246319,5.41770809350754e-05,0.00126826712402749
"ENSG00000156453",-0.304491431775743,5.41211085430961e-05,0.0012674389285298
"ENSG00000226757",-0.304592839856123,5.37963780915832e-05,0.0012617546849346
"ENSG00000254531",-0.304682628941467,5.35103820728312e-05,0.00125696295965279
"ENSG00000165495",-0.304785685065968,5.31838877377073e-05,0.00124977059447478
"ENSG00000273032",-0.304806279956165,5.3118865290531e-05,0.00124871942148222
"ENSG00000105426",-0.304825035675879,5.30597144492547e-05,0.00124780552772829
"ENSG00000167549",-0.304854888012413,5.29656952099968e-05,0.00124607062156118
"ENSG00000280365",-0.30493060120503,5.27279393395319e-05,0.00124095154826468
"ENSG00000277399",-0.304940856347639,5.26958131393244e-05,0.00124095154826468
"ENSG00000237984",-0.304996203430832,5.25227448565944e-05,0.00123801601281281
"ENSG00000154237",-0.305000916009879,5.25080334820976e-05,0.00123801601281281
"ENSG00000228021",-0.305115560600595,5.21513344969134e-05,0.00123114757586423
"ENSG00000198910",-0.305167197099727,5.19914198931396e-05,0.00122784341746101
"ENSG00000184905",-0.305477365516108,5.10404996773685e-05,0.00120863274803539
"ENSG00000100320",-0.305557411314373,5.07977590982082e-05,0.00120427476345922
"ENSG00000150594",-0.305845213256482,4.9933921951755e-05,0.00118608000486253
"ENSG00000166368",-0.305876492287916,4.98408738842775e-05,0.00118432692754208
"ENSG00000165973",-0.305962032615375,4.9587241759634e-05,0.00117875519770371
"ENSG00000107165",-0.306595252246777,4.7747071373067e-05,0.00114073981389132
"ENSG00000100294",-0.306664168603851,4.75507150565533e-05,0.00113825795699748
"ENSG00000033100",-0.306717543142206,4.73991620803223e-05,0.00113507160742076
"ENSG00000173898",-0.306739675729757,4.73364514843618e-05,0.00113401112111855
"ENSG00000152556",-0.306794835974544,4.71804992331893e-05,0.00113115568555022
"ENSG00000260196",-0.306842969308156,4.70448084415908e-05,0.00112834204627017
"ENSG00000126934",-0.306864884619665,4.69831494101869e-05,0.00112730251356746
"ENSG00000225619",-0.306872778465045,4.69609585753858e-05,0.00112720952986098
"ENSG00000287172",-0.306921401344667,4.68244890651822e-05,0.00112481122366416
"ENSG00000160439",-0.306996862901715,4.6613429377924e-05,0.00112061597563865
"ENSG00000205356",-0.307057201895248,4.64453097787243e-05,0.00111744728108749
"ENSG00000231187",-0.307072637698537,4.64023933701057e-05,0.00111685134828697
"ENSG00000090372",-0.307167941111909,4.61382439971216e-05,0.001110928047167
"ENSG00000232591",-0.307197224270106,4.60573650430576e-05,0.00110941466700976
"ENSG00000112981",-0.307245613633201,4.59240074162887e-05,0.00110706898254135
"ENSG00000164645",-0.307263759089772,4.58740934505838e-05,0.00110629906243054
"ENSG00000248487",-0.307381845024754,4.55505096732995e-05,0.00110022000287816
"ENSG00000158089",-0.307414096834208,4.5462505642203e-05,0.00109852549950677
"ENSG00000108306",-0.307473263942691,4.53014743892805e-05,0.00109592529080734
"ENSG00000135519",-0.307503920608477,4.52182491316027e-05,0.00109477259030502
"ENSG00000167815",-0.307542375121322,4.51140578198644e-05,0.0010931100686873
"ENSG00000279462",-0.30763206592866,4.48719195671897e-05,0.00108809984942598
"ENSG00000138100",-0.307649376650586,4.48253266657602e-05,0.00108739846445311
"ENSG00000178171",-0.307662811286608,4.47891978376186e-05,0.0010869504699205
"ENSG00000214193",-0.307729958550502,4.46090332755717e-05,0.00108343265347742
"ENSG00000225465",-0.307797795149711,4.44277109925295e-05,0.00107945481457727
"ENSG00000251463",-0.307806984322223,4.44032023482797e-05,0.00107928542074349
"ENSG00000145029",-0.307856592103278,4.42711116813734e-05,0.00107649991992036
"ENSG00000053438",-0.307983509782581,4.3934847198423e-05,0.0010691681439224
"ENSG00000095203",-0.308069350730914,4.37087768971009e-05,0.00106577375806465
"ENSG00000163975",-0.308083940345118,4.3670462648792e-05,0.00106526157481461
"ENSG00000153820",-0.308217334065947,4.33216141361769e-05,0.00105843009940328
"ENSG00000187902",-0.308248254331645,4.32411269352656e-05,0.00105688320734868
"ENSG00000162951",-0.308261353282304,4.32070720345146e-05,0.00105647041767667
"ENSG00000224479",-0.308358608250949,4.29550141309756e-05,0.00105197906473409
"ENSG00000226180",-0.308602108255773,4.23299795728465e-05,0.00103873854179875
"ENSG00000128654",-0.308610678048449,4.23081385127512e-05,0.00103861670388064
"ENSG00000166924",-0.308614773961705,4.2297703369451e-05,0.00103861670388064
"ENSG00000171132",-0.30890098490597,4.15744876331586e-05,0.00102469373924514
"ENSG00000177182",-0.30891871348881,4.15300745491983e-05,0.001024009177907
"ENSG00000124523",-0.309058224376378,4.11821298939757e-05,0.00101705979221302
"ENSG00000149926",-0.309187446108096,4.08622937433623e-05,0.00100997148841024
"ENSG00000227248",-0.309335097259984,4.04997026773435e-05,0.00100262015348931
"ENSG00000228810",-0.309359913987411,4.04390573566967e-05,0.00100152166839459
"ENSG00000253726",-0.309507669743458,4.00797467682668e-05,0.000993822697464227
"ENSG00000231980",-0.309539635460363,4.00024089957492e-05,0.000992304820328249
"ENSG00000267337",-0.309597033716123,3.98638919454122e-05,0.000989267486245343
"ENSG00000177679",-0.309838334797834,3.92864885831928e-05,0.000977545939723913
"ENSG00000150394",-0.309891104558559,3.91612697411957e-05,0.000974976207504915
"ENSG00000108557",-0.309931703366055,3.90651873026349e-05,0.000972977696217467
"ENSG00000176884",-0.310027246986371,3.88399449006226e-05,0.000968151303752094
"ENSG00000246465",-0.310370024777495,3.80418648441649e-05,0.000949796563882063
"ENSG00000151376",-0.310371584272375,3.80382694234119e-05,0.000949796563882063
"ENSG00000226627",-0.310404376282623,3.79627413217895e-05,0.00094859072347065
"ENSG00000112320",-0.310468131941243,3.78162998988976e-05,0.000945699455903191
"ENSG00000215887",-0.310496253679103,3.77518756578763e-05,0.000944856216140033
"ENSG00000279668",-0.310616227992207,3.74781839579816e-05,0.00093953456354787
"ENSG00000114554",-0.310622828723436,3.74631803315703e-05,0.00093953456354787
"ENSG00000277701",-0.310632073107832,3.74421771141387e-05,0.000939397206813107
"ENSG00000281708",-0.310681958493891,3.73290286985197e-05,0.000937322620245489
"ENSG00000139915",-0.310808742096396,3.70429082334825e-05,0.000930897813116148
"ENSG00000237750",-0.310811713896681,3.70362264008115e-05,0.000930897813116148
"ENSG00000138629",-0.31095651306251,3.6712028407567e-05,0.00092447016215847
"ENSG00000125675",-0.311065367362145,3.64700693168803e-05,0.000919882764769705
"ENSG00000159363",-0.311111305966944,3.63684088407027e-05,0.000918071104877854
"ENSG00000011347",-0.311145967774583,3.62918800669859e-05,0.000916515168995725
"ENSG00000129990",-0.311188250034475,3.61987314783354e-05,0.000914538066544612
"ENSG00000229154",-0.311210237197071,3.61503823113071e-05,0.000913691634072726
"ENSG00000255571",-0.311243121840935,3.60781832729476e-05,0.000912241459059279
"ENSG00000128285",-0.311249611003621,3.60639521961559e-05,0.000912241459059279
"ENSG00000236892",-0.311258013406572,3.60455331299341e-05,0.000912165415686127
"ENSG00000163536",-0.311337966161525,3.58707094958313e-05,0.000908488454819524
"ENSG00000158806",-0.311394566650263,3.57474303039873e-05,0.000905738925742525
"ENSG00000099624",-0.31158588404748,3.53336746944364e-05,0.000896362603212859
"ENSG00000149930",-0.312183877730843,3.40692833286676e-05,0.000868583253181242
"ENSG00000233930",-0.312326623884769,3.37738231243184e-05,0.000862122011764019
"ENSG00000178498",-0.312463787034574,3.34921923958219e-05,0.000855998126581587
"ENSG00000157782",-0.312465247848764,3.34892049057977e-05,0.000855998126581587
"ENSG00000275427",-0.312568131318835,3.32794292282043e-05,0.000851975537612566
"ENSG00000179240",-0.312585526054656,3.32440844702017e-05,0.000851424858357925
"ENSG00000110931",-0.312596389000212,3.32220297326317e-05,0.000851214237246081
"ENSG00000184788",-0.312662373850334,3.30883581737821e-05,0.000848142405434088
"ENSG00000229191",-0.312729947978595,3.29519919273886e-05,0.0008453511426341
"ENSG00000146216",-0.312787830059117,3.28356053317103e-05,0.000842716636586646
"ENSG00000103415",-0.312833468295282,3.27441110668758e-05,0.000840719053608597
"ENSG00000215041",-0.312833690556734,3.27436660711601e-05,0.000840719053608597
"ENSG00000178752",-0.312835860639702,3.27393215880239e-05,0.000840719053608597
"ENSG00000120088",-0.312922184980317,3.25669406665517e-05,0.000837917975076195
"ENSG00000244694",-0.313090242029992,3.22337960848113e-05,0.000830735655880917
"ENSG00000124140",-0.313121453737085,3.21722785344669e-05,0.000829845226372686
"ENSG00000198794",-0.313271175251797,3.18787147374968e-05,0.000823308275201217
"ENSG00000104853",-0.313528586074902,3.13798885258699e-05,0.000811446999763083
"ENSG00000105649",-0.313534524502038,3.13684678908167e-05,0.000811446999763083
"ENSG00000105642",-0.313628878765007,3.11875324358826e-05,0.000807490743051729
"ENSG00000105516",-0.31392495086193,3.06261384772427e-05,0.000795969200356177
"ENSG00000204352",-0.313974787596536,3.05325819928333e-05,0.000794208464144941
"ENSG00000224051",-0.314252577773972,3.00160097961386e-05,0.000781432024912672
"ENSG00000225383",-0.31443001386906,2.96903738147941e-05,0.000774264561888851
"ENSG00000184611",-0.314619585364832,2.9346144711875e-05,0.000766587067125482
"ENSG00000214309",-0.314666141685863,2.92621833258119e-05,0.000765043250044082
"ENSG00000180044",-0.315225771039512,2.82704749190537e-05,0.000743220037769431
"ENSG00000099817",-0.315276690540431,2.81818306165228e-05,0.000741206232249265
"ENSG00000183117",-0.315299777423034,2.81417256635975e-05,0.000740467876973257
"ENSG00000109738",-0.315343880458284,2.80652623139378e-05,0.000738771815162098
"ENSG00000185090",-0.315436857147026,2.79047054161101e-05,0.000734859730478852
"ENSG00000224819",-0.31553824918837,2.77306030834104e-05,0.000730900315274266
"ENSG00000173227",-0.315554514235093,2.77027694835413e-05,0.000730479539458039
"ENSG00000250377",-0.315563444912725,2.7687498036714e-05,0.000730389789614885
"ENSG00000271913",-0.315669471280374,2.75067981367421e-05,0.000726843226180334
"ENSG00000286610",-0.31569095244386,2.74703235911704e-05,0.000726689399761738
"ENSG00000131089",-0.315722641679086,2.74165991579247e-05,0.00072573211981734
"ENSG00000287340",-0.315858482319934,2.71874211737889e-05,0.000721127911638321
"ENSG00000187730",-0.316186001368404,2.66422618133842e-05,0.000708281365461302
"ENSG00000067715",-0.316450205658383,2.62100149277657e-05,0.000697392632388419
"ENSG00000130520",-0.316785142922367,2.56715437025534e-05,0.000684218646173477
"ENSG00000279099",-0.316790184851515,2.56635181413054e-05,0.000684218646173477
"ENSG00000167770",-0.316795653137385,2.56548165941161e-05,0.000684218646173477
"ENSG00000130559",-0.316967329261943,2.53830425519595e-05,0.000678026897056334
"ENSG00000143434",-0.316995850543588,2.53381553053823e-05,0.000677415912299934
"ENSG00000008710",-0.317019221833572,2.53014289860087e-05,0.000676728007611872
"ENSG00000213107",-0.317042638182313,2.52646821881443e-05,0.000676333014609462
"ENSG00000032389",-0.31709943626461,2.51757590122158e-05,0.000674539361187554
"ENSG00000241678",-0.317134219869281,2.51214474925527e-05,0.000673670747050832
"ENSG00000224825",-0.317145240927717,2.51042621396962e-05,0.000673670747050832
"ENSG00000072657",-0.317171161330988,2.506388761826e-05,0.000673300698200871
"ENSG00000204564",-0.317294232443679,2.48730216527148e-05,0.000669077128366413
"ENSG00000243319",-0.317530542586608,2.45103729784126e-05,0.000661660537882947
"ENSG00000197530",-0.317625964479703,2.43653533093277e-05,0.000659428893610055
"ENSG00000118402",-0.317830505665385,2.40572180237107e-05,0.000651375902354268
"ENSG00000133424",-0.317893049025895,2.39637342128945e-05,0.000649130307393653
"ENSG00000203872",-0.317980525532118,2.3833557146258e-05,0.000646172881501895
"ENSG00000171873",-0.318319966347426,2.33347090843969e-05,0.00063404473990734
"ENSG00000170091",-0.3183929079957,2.32288058044362e-05,0.000631445947185609
"ENSG00000186862",-0.318393868102471,2.32274148616138e-05,0.000631445947185609
"ENSG00000183248",-0.318404801862812,2.32115802507028e-05,0.000631445947185609
"ENSG00000050748",-0.318424867237261,2.3182547432156e-05,0.000631303849187879
"ENSG00000203987",-0.318439751536708,2.31610332965513e-05,0.000630997181586079
"ENSG00000077080",-0.31855795015475,2.29908532870255e-05,0.000627193738783997
"ENSG00000171130",-0.318623109128535,2.28975436145855e-05,0.000624925243554789
"ENSG00000139970",-0.318805126340078,2.26387779911325e-05,0.000618686035828712
"ENSG00000289417",-0.318810436521779,2.26312703121538e-05,0.000618686035828712
"ENSG00000187391",-0.318956096583583,2.24262454409694e-05,0.000614241588526489
"ENSG00000198963",-0.319034715328573,2.23163142724825e-05,0.000611502780759421
"ENSG00000146267",-0.319162752580006,2.21383693117217e-05,0.000607167469215955
"ENSG00000279319",-0.319215854309886,2.20649623777323e-05,0.0006054240056064
"ENSG00000279189",-0.319227324801071,2.2049135946388e-05,0.000605259599770071
"ENSG00000241563",-0.319471309691071,2.17150227641419e-05,0.000597153423144035
"ENSG00000236107",-0.31951092253651,2.16612296168403e-05,0.000595940418211364
"ENSG00000196090",-0.319593725542233,2.15491911709121e-05,0.000593388555446361
"ENSG00000105409",-0.319633663231195,2.14953482262353e-05,0.000592170864474228
"ENSG00000280000",-0.319702015962355,2.14034912323021e-05,0.000590168666846236
"ENSG00000114923",-0.319775243985519,2.13054934255376e-05,0.000588257194877204
"ENSG00000272121",-0.320027133421923,2.09716234890439e-05,0.000580473799143971
"ENSG00000144712",-0.320046660940399,2.09459477367648e-05,0.00058015184856501
"ENSG00000019485",-0.32005001107615,2.09415457933127e-05,0.00058015184856501
"ENSG00000165061",-0.320125578665916,2.08424846028057e-05,0.00057780624882661
"ENSG00000171502",-0.32023977840898,2.06936192571646e-05,0.000574218523967128
"ENSG00000055118",-0.320246139036311,2.06853574110413e-05,0.000574218523967128
"ENSG00000106976",-0.32063360341312,2.01879064611344e-05,0.000562956282394226
"ENSG00000112640",-0.320635450794717,2.01855619468251e-05,0.000562956282394226
"ENSG00000259690",-0.320645399005016,2.01729410770906e-05,0.000562956282394226
"ENSG00000110074",-0.320682337373561,2.01261440704974e-05,0.000562072568732627
"ENSG00000196405",-0.320708340237889,2.00932626510088e-05,0.000561589353584779
"ENSG00000283183",-0.320767651486309,2.00184513458041e-05,0.000559752644082765
"ENSG00000214050",-0.320780366147701,2.0002448158505e-05,0.000559559395212288
"ENSG00000188124",-0.320788461479555,1.99922653373735e-05,0.000559528866722744
"ENSG00000174403",-0.320792974052326,1.99865912611865e-05,0.000559528866722744
"ENSG00000134775",-0.320819734705822,1.99529738255202e-05,0.000559192086119225
"ENSG00000172932",-0.320932878408986,1.98114285795605e-05,0.000555731340246341
"ENSG00000272168",-0.321249654072364,1.94201588392608e-05,0.000545750801645417
"ENSG00000165868",-0.321286201349279,1.93754891942918e-05,0.000544744224291228
"ENSG00000157895",-0.321362999830111,1.92819386019172e-05,0.000542609798498579
"ENSG00000143499",-0.321423217403117,1.92088840862817e-05,0.000541296502841631
"ENSG00000287319",-0.321670250003509,1.8911915289408e-05,0.000534641669532074
"ENSG00000152932",-0.321799562095832,1.87581967671449e-05,0.000530783660614789
"ENSG00000112186",-0.321928225099697,1.86064209354415e-05,0.000526731172976455
"ENSG00000115194",-0.321969645779724,1.85578066915511e-05,0.000525596711930428
"ENSG00000174939",-0.32199455220515,1.85286324987244e-05,0.000525012043508975
"ENSG00000167702",-0.322174066638527,1.83196349389893e-05,0.000519808027978405
"ENSG00000022355",-0.322183232353408,1.83090238078068e-05,0.000519746568831949
"ENSG00000289363",-0.322244114324525,1.82386879980539e-05,0.000517988839018103
"ENSG00000112232",-0.322281728104582,1.81953610614124e-05,0.000517401090675662
"ENSG00000286635",-0.322352411613273,1.81142041792216e-05,0.000515881805648319
"ENSG00000128564",-0.322456982561056,1.79947652102165e-05,0.000513430612006288
"ENSG00000272031",-0.322616415656715,1.78140937945025e-05,0.000508983560115535
"ENSG00000129355",-0.322672334668791,1.77511324373647e-05,0.000507655991972664
"ENSG00000182901",-0.322713117556617,1.77053459823344e-05,0.00050658196798549
"ENSG00000106123",-0.32275729585563,1.76558733713288e-05,0.00050563660808053
"ENSG00000289328",-0.322774088892006,1.76371021234144e-05,0.000505334177413136
"ENSG00000073910",-0.322784239500106,1.76257649177498e-05,0.000505244562691194
"ENSG00000280650",-0.322799350056534,1.76089006952626e-05,0.000504996358056495
"ENSG00000103269",-0.32291026280417,1.74855814193848e-05,0.000501927529325847
"ENSG00000070601",-0.3232056555121,1.71611125302778e-05,0.000493905242977285
"ENSG00000072195",-0.323507005240845,1.68359645803878e-05,0.000485772435131453
"ENSG00000118898",-0.323539112288507,1.68016670244e-05,0.000485010222959511
"ENSG00000142549",-0.323597020404395,1.67399748873385e-05,0.000483683105383267
"ENSG00000170382",-0.323601116906955,1.67356188098115e-05,0.000483683105383267
"ENSG00000008300",-0.323687292036612,1.66442309466309e-05,0.000481368679219666
"ENSG00000158828",-0.323926174543874,1.63933563065324e-05,0.000474559134773861
"ENSG00000063176",-0.324143800510779,1.61679181530719e-05,0.000469357714534272
"ENSG00000176182",-0.324201838243501,1.61082934914518e-05,0.000468289473140249
"ENSG00000137218",-0.324571444108126,1.57334272691318e-05,0.000459126622973658
"ENSG00000173581",-0.324643651491023,1.56611611208536e-05,0.000457668803429162
"ENSG00000184933",-0.324744560431501,1.55606952210849e-05,0.000455815053158709
"ENSG00000116771",-0.324915965694824,1.53914366579537e-05,0.000451286602037686
"ENSG00000108106",-0.324943893480477,1.53640239817589e-05,0.000450697565268528
"ENSG00000249896",-0.324998668846832,1.53103928123907e-05,0.000449338490818203
"ENSG00000131584",-0.32500229977499,1.5306843988522e-05,0.000449338490818203
"ENSG00000040933",-0.325225401828727,1.50902716972316e-05,0.000443512741802495
"ENSG00000204991",-0.325316544468156,1.50026323419167e-05,0.000441569586251039
"ENSG00000145675",-0.325662637181667,1.46742033715249e-05,0.000432730796500782
"ENSG00000260338",-0.325707784868816,1.4631864327799e-05,0.000431689097885934
"ENSG00000070159",-0.325720697856624,1.46197759055528e-05,0.000431539322940692
"ENSG00000237187",-0.325873411481405,1.44775278363424e-05,0.00042754557253352
"ENSG00000144645",-0.325945966115342,1.44104046853323e-05,0.000426176812087502
"ENSG00000277758",-0.326007324654608,1.43538691224522e-05,0.000424913189645116
"ENSG00000185742",-0.326083137982348,1.42843044553662e-05,0.00042305737892255
"ENSG00000119946",-0.32627687258608,1.41079823917634e-05,0.000419450081313376
"ENSG00000072954",-0.326307260261926,1.40805132462242e-05,0.000418835721230364
"ENSG00000240771",-0.326393366736249,1.40029510167594e-05,0.000417335407929996
"ENSG00000121905",-0.32652420983696,1.38858639401177e-05,0.000414447919655968
"ENSG00000289095",-0.326641480433008,1.3781709382639e-05,0.000412138737728442
"ENSG00000184207",-0.326664906523805,1.37609920496258e-05,0.000411719248761387
"ENSG00000171735",-0.326677069650127,1.37502469587088e-05,0.000411597859351545
"ENSG00000107105",-0.32694803597473,1.3512917548363e-05,0.000405677559803149
"ENSG00000189212",-0.327078734715464,1.33998326803548e-05,0.000403172827246679
"ENSG00000237159",-0.327692005683513,1.28810548880527e-05,0.000390133682101532
"ENSG00000268401",-0.327704725350359,1.28704988253462e-05,0.000390005898427919
"ENSG00000160145",-0.32771275630799,1.28638381395712e-05,0.000389996085941758
"ENSG00000105364",-0.327804127609937,1.27882860750232e-05,0.000388087908383247
"ENSG00000120645",-0.327837322118162,1.27609426256129e-05,0.000387640401258994
"ENSG00000119682",-0.32810577833451,1.25418286191375e-05,0.000381278284961828
"ENSG00000101079",-0.328110996532812,1.25376049843204e-05,0.000381278284961828
"ENSG00000097021",-0.328122112355386,1.25286122678685e-05,0.000381278284961828
"ENSG00000144057",-0.328208990953007,1.24585371903505e-05,0.000379407989251848
"ENSG00000162426",-0.328226977384511,1.24440759675815e-05,0.000379325513298087
"ENSG00000236279",-0.328360612303401,1.23371285353108e-05,0.000377561530868806
"ENSG00000244405",-0.328531377760499,1.22017304150379e-05,0.000374348602523974
"ENSG00000110427",-0.328632243466505,1.21224165316496e-05,0.00037260577203465
"ENSG00000205937",-0.329048461372221,1.18002593989404e-05,0.000364027651352575
"ENSG00000261426",-0.329073666281979,1.17810128937197e-05,0.000363616177297435
"ENSG00000144711",-0.329088619990353,1.17696082581349e-05,0.000363446447886932
"ENSG00000283031",-0.329350539910033,1.15715371038881e-05,0.000357688939990803
"ENSG00000007402",-0.329465061096149,1.14859274241245e-05,0.000355311513280083
"ENSG00000180219",-0.329506612414229,1.14550143611556e-05,0.000354621430504506
"ENSG00000168546",-0.329823643919444,1.12217293128163e-05,0.00034862701101866
"ENSG00000263571",-0.329858679878043,1.11962259914557e-05,0.000348186221535195
"ENSG00000179915",-0.330009892035471,1.10867835792658e-05,0.00034513151674372
"ENSG00000279543",-0.330051613362259,1.10567656730441e-05,0.000344371248270155
"ENSG00000117245",-0.330242738813598,1.09202339024512e-05,0.000340291076097448
"ENSG00000101222",-0.330271075786451,1.09001274934671e-05,0.000339836599016179
"ENSG00000101463",-0.330343449231171,1.08489339996375e-05,0.000338583566974487
"ENSG00000224184",-0.330361901736603,1.08359180276635e-05,0.000338348929018024
"ENSG00000288568",-0.330406243708999,1.0804700610766e-05,0.000337545428623848
"ENSG00000166111",-0.330423637407556,1.07924784375216e-05,0.0003373348364443
"ENSG00000225706",-0.330476989700294,1.07550704955995e-05,0.000336336411880678
"ENSG00000158014",-0.330546984236166,1.07061798864768e-05,0.000334977699508555
"ENSG00000006695",-0.330613448912072,1.06599495751391e-05,0.000334022321971796
"ENSG00000108797",-0.33096472416389,1.04187367844976e-05,0.000327315332651925
"ENSG00000283662",-0.331002203931156,1.03933074543169e-05,0.000326850134884251
"ENSG00000130477",-0.331035915428572,1.0370485011108e-05,0.000326466050907229
"ENSG00000144460",-0.331246488520152,1.02289983486071e-05,0.000323169134685153
"ENSG00000142920",-0.331277324247925,1.02084334379725e-05,0.000322685068056796
"ENSG00000239911",-0.33129226364135,1.01984841603567e-05,0.000322536232869985
"ENSG00000215196",-0.331399737193633,1.01271793692682e-05,0.000320775670150407
"ENSG00000174516",-0.331439155553628,1.01011451890649e-05,0.000320280721028237
"ENSG00000198729",-0.331505839061566,1.00572476788067e-05,0.00031936518485158
"ENSG00000237986",-0.331708709647569,9.9248062962191e-06,0.000315665260307239
"ENSG00000256008",-0.331754796216902,9.89495025866363e-06,0.000315041292663836
"ENSG00000151025",-0.331760109607198,9.8915135817341e-06,0.000315041292663836
"ENSG00000040341",-0.331818316337495,9.85393963643181e-06,0.000314675211062158
"ENSG00000266401",-0.332088248963565,9.68145032438959e-06,0.000309846686824874
"ENSG00000109339",-0.332307808103301,9.54326203823745e-06,0.000306380030715329
"ENSG00000162188",-0.332340350711735,9.52293964200186e-06,0.000306046891554759
"ENSG00000110675",-0.332389905676203,9.49207194859652e-06,0.000305214250786011
"ENSG00000182870",-0.332464856528982,9.44556512205801e-06,0.000304195635725766
"ENSG00000130540",-0.332483287909848,9.43416158592672e-06,0.000303987455834698
"ENSG00000279711",-0.332517011550994,9.41333042782345e-06,0.000303475121974838
"ENSG00000232903",-0.332520173446389,9.4113795533677e-06,0.000303475121974838
"ENSG00000116852",-0.33261421160303,9.35353313051145e-06,0.00030202195329706
"ENSG00000176349",-0.333211214277152,8.99407261509897e-06,0.000291178961085561
"ENSG00000112796",-0.333274767059958,8.9565868918645e-06,0.000290117991406794
"ENSG00000167971",-0.333413291075632,8.87539246029337e-06,0.000287790913370019
"ENSG00000131067",-0.333522000617795,8.81216212466698e-06,0.000286344089651798
"ENSG00000254377",-0.333693050338014,8.71353489789263e-06,0.000283738514156563
"ENSG00000159164",-0.333831208803986,8.63463688252549e-06,0.000281616371117196
"ENSG00000254579",-0.333976317468569,8.5524985586553e-06,0.000279085350633023
"ENSG00000163618",-0.333987318481288,8.54630174057608e-06,0.000279031084520963
"ENSG00000249695",-0.334056861882994,8.50722657396211e-06,0.000277902734749429
"ENSG00000117425",-0.334076408452983,8.49627421441823e-06,0.000277692352762695
"ENSG00000088808",-0.334309036991506,8.36694854152953e-06,0.000273901851616965
"ENSG00000269896",-0.334611260718541,8.20171583370488e-06,0.000269352400890893
"ENSG00000101638",-0.335153622597695,7.91291649746747e-06,0.000260842277943298
"ENSG00000171462",-0.335166506925029,7.90617438351869e-06,0.000260759697888143
"ENSG00000154096",-0.335206061047779,7.88551047566023e-06,0.000260217617541036
"ENSG00000166862",-0.335675856199655,7.64396017092992e-06,0.000253196923982622
"ENSG00000168453",-0.336036824091076,7.46314532183849e-06,0.000247741000910047
"ENSG00000125744",-0.336262750289885,7.35204537331302e-06,0.000244580692137933
"ENSG00000277586",-0.336719533239264,7.13219073280017e-06,0.000238167957926996
"ENSG00000283415",-0.336768500088502,7.10899580300843e-06,0.000237651296958365
"ENSG00000257528",-0.336853407621938,7.0689456334147e-06,0.000236826995134934
"ENSG00000063015",-0.337061896139585,6.97150866371908e-06,0.000234187866126024
"ENSG00000206579",-0.337234939504736,6.89160510561936e-06,0.000231887556612143
"ENSG00000008735",-0.337251719699944,6.88390311616543e-06,0.000231887556612143
"ENSG00000139405",-0.337299077997188,6.86220998115284e-06,0.000231539392039512
"ENSG00000174672",-0.337654204569781,6.70159189217437e-06,0.000226866210897678
"ENSG00000006116",-0.337733267808449,6.66632114972474e-06,0.000225796405524854
"ENSG00000102109",-0.337753674434863,6.65724620417306e-06,0.000225613194047151
"ENSG00000080845",-0.337799206731278,6.63703992762263e-06,0.000225052333501712
"ENSG00000164830",-0.337904154797554,6.59068740834318e-06,0.000223727118510244
"ENSG00000205090",-0.338306881617747,6.41564744479613e-06,0.000218629350134293
"ENSG00000107864",-0.33832439676889,6.40813563713165e-06,0.000218615465438819
"ENSG00000280798",-0.338459508651626,6.35046919269119e-06,0.00021688861043007
"ENSG00000072201",-0.338552870185372,6.31090985475893e-06,0.000215777020056269
"ENSG00000133026",-0.338617574876377,6.28363026389807e-06,0.000214994755174054
"ENSG00000172350",-0.338621787742001,6.28185799625678e-06,0.000214994755174054
"ENSG00000176148",-0.338885455856712,6.17187642264058e-06,0.000211611121200553
"ENSG00000236333",-0.338917023621487,6.15883190847061e-06,0.000211361949970241
"ENSG00000184368",-0.338924773307413,6.15563356233988e-06,0.000211361949970241
"ENSG00000144550",-0.338953749941254,6.14368866502905e-06,0.000211115117364907
"ENSG00000135638",-0.339117709451764,6.07651341871914e-06,0.000209040213438598
"ENSG00000109670",-0.339356910024928,5.97975963499673e-06,0.000205941984877582
"ENSG00000126214",-0.33982395041199,5.79504313758504e-06,0.000200028118261096
"ENSG00000050438",-0.340027316237902,5.71631408642186e-06,0.000197532192102609
"ENSG00000134986",-0.340054374859519,5.70591567661836e-06,0.000197283637304382
"ENSG00000263278",-0.340060089448301,5.70372190229161e-06,0.000197283637304382
"ENSG00000204851",-0.340299362669669,5.6125819980367e-06,0.000194384212992218
"ENSG00000270111",-0.340382996230482,5.58105283216503e-06,0.000193401078548854
"ENSG00000183715",-0.340511591047352,5.5329012332928e-06,0.000191840492113674
"ENSG00000204442",-0.34059449499654,5.50206754649544e-06,0.000191094382100178
"ENSG00000131437",-0.34082874474616,5.4158238483757e-06,0.00018873808772618
"ENSG00000167771",-0.340874820560279,5.39901176189551e-06,0.000188258798795523
"ENSG00000163888",-0.340916228177634,5.38394525570703e-06,0.000187839867810223
"ENSG00000248522",-0.340968087986785,5.36513189385542e-06,0.000187502372104167
"ENSG00000080823",-0.341067308042473,5.32931118171198e-06,0.000186568331835769
"ENSG00000285940",-0.341440321890638,5.19666429487158e-06,0.000182443529585611
"ENSG00000259319",-0.341446165387907,5.19461143744458e-06,0.000182443529585611
"ENSG00000110697",-0.341572364670903,5.15046414297952e-06,0.000181028078364096
"ENSG00000139767",-0.341855505515614,5.05270717061027e-06,0.000178304936988554
"ENSG00000285847",-0.342023182772651,4.99564793117695e-06,0.000176493775129939
"ENSG00000198853",-0.342135866627917,4.95764665083776e-06,0.000175251812452131
"ENSG00000075391",-0.342285743771009,4.90752733888293e-06,0.000173679621934566
"ENSG00000099960",-0.342324243901385,4.89473063832654e-06,0.000173326411050155
"ENSG00000124702",-0.3423265708479,4.89395822197128e-06,0.000173326411050155
"ENSG00000237190",-0.342340642762808,4.88928959630152e-06,0.000173326411050155
"ENSG00000176454",-0.342805747743412,4.73733941138325e-06,0.000169017285063287
"ENSG00000089847",-0.342982397926056,4.6808109076331e-06,0.000167097347157408
"ENSG00000183454",-0.34305476993899,4.65783708034319e-06,0.000166567068723208
"ENSG00000007264",-0.343153762806598,4.62658599270045e-06,0.000165642006012075
"ENSG00000176788",-0.343416879198353,4.54448740851857e-06,0.000162892214950418
"ENSG00000169744",-0.343932935798079,4.38746498737891e-06,0.000157723215644421
"ENSG00000260835",-0.34405532845007,4.35098725128174e-06,0.000156503307652182
"ENSG00000167733",-0.344134973862742,4.32740470520508e-06,0.000155781400198256
"ENSG00000101846",-0.344544747947508,4.20797918191756e-06,0.000152159736058716
"ENSG00000228740",-0.345160854152877,4.03429369763045e-06,0.000147199534628663
"ENSG00000149679",-0.345524864638494,3.93489892263303e-06,0.000143891514732339
"ENSG00000233321",-0.345793518079833,3.86303839170486e-06,0.000141600258951211
"ENSG00000140323",-0.345808185697096,3.85915114423902e-06,0.000141542072718144
"ENSG00000133265",-0.346142359254825,3.77158779314584e-06,0.000138909993501716
"ENSG00000281732",-0.346152519643521,3.76895526634666e-06,0.000138896157432358
"ENSG00000149091",-0.346242206601292,3.74579322716237e-06,0.000138125283626412
"ENSG00000139988",-0.346271229785438,3.73832687078994e-06,0.000137932607275717
"ENSG00000070610",-0.346371518862984,3.71263570022846e-06,0.000137066857549407
"ENSG00000099904",-0.34655995189745,3.66481757425433e-06,0.000135626898851418
"ENSG00000112137",-0.34661804580662,3.65019364288064e-06,0.000135248354941268
"ENSG00000165752",-0.346647180614273,3.64288045289339e-06,0.000135058695537874
"ENSG00000100321",-0.346654528320535,3.64103828878764e-06,0.000135058695537874
"ENSG00000205363",-0.346900935076547,3.5797709698057e-06,0.000132959218205022
"ENSG00000163995",-0.346913933836755,3.57656627219444e-06,0.000132920407400927
"ENSG00000103723",-0.347101352311433,3.53066227335862e-06,0.00013153213011597
"ENSG00000005810",-0.347403655391198,3.45779752390734e-06,0.000129130273550578
"ENSG00000160460",-0.347822442987218,3.35921397802353e-06,0.00012583047173675
"ENSG00000151640",-0.347924713127488,3.33554838082816e-06,0.000125172554603469
"ENSG00000285844",-0.348276096394069,3.25543897301077e-06,0.000122614893607696
"ENSG00000144834",-0.348564667122647,3.19102067939872e-06,0.000120409673018342
"ENSG00000152217",-0.348687139272649,3.16404879391065e-06,0.000119465165013765
"ENSG00000161981",-0.34888020988906,3.12196871616463e-06,0.000118093695554785
"ENSG00000128596",-0.348887632610002,3.12036158842236e-06,0.000118093695554785
"ENSG00000253298",-0.349039130028633,3.0877314960149e-06,0.000117014376348979
"ENSG00000131797",-0.349445688398937,3.00176100191413e-06,0.000114178231830534
"ENSG00000072315",-0.34949837936837,2.99078704529087e-06,0.00011383116754198
"ENSG00000163449",-0.350224520762429,2.84338500768297e-06,0.000108691482554559
"ENSG00000058335",-0.350246578100167,2.83901746848341e-06,0.000108591977054284
"ENSG00000143502",-0.350398475277475,2.80911331336725e-06,0.000107514968754897
"ENSG00000102981",-0.350535548501014,2.78238488206895e-06,0.000106558242179248
"ENSG00000003249",-0.350662462468569,2.75785320769128e-06,0.000105750353778288
"ENSG00000133083",-0.350791760788394,2.73307225071782e-06,0.000104930878726249
"ENSG00000213923",-0.350880711610697,2.7161472908644e-06,0.000104541944258261
"ENSG00000177181",-0.351049196016008,2.68436205298097e-06,0.000103447951276557
"ENSG00000103266",-0.351092931691023,2.6761691647046e-06,0.000103311511798006
"ENSG00000178233",-0.351126228218422,2.66994776461991e-06,0.000103150825628228
"ENSG00000164112",-0.351232800140689,2.65012732047846e-06,0.000102578261516683
"ENSG00000184305",-0.35133509444254,2.63123412372522e-06,0.000101911059100406
"ENSG00000145063",-0.35142293114944,2.61511346026849e-06,0.00010154229829575
"ENSG00000224822",-0.351510840868907,2.59907348087434e-06,0.000100983193375587
"ENSG00000111799",-0.351752170464754,2.55552020311291e-06,9.94165204680032e-05
"ENSG00000163793",-0.351801299198719,2.54673929419167e-06,9.92003310897037e-05
"ENSG00000152954",-0.351878875900608,2.53293221823848e-06,9.87875668182945e-05
"ENSG00000161381",-0.352091301213449,2.49548833062243e-06,9.76986856360223e-05
"ENSG00000055813",-0.352174060192494,2.48104355306319e-06,9.72572769305081e-05
"ENSG00000260721",-0.35218434607172,2.47925381974814e-06,9.72572769305081e-05
"ENSG00000160326",-0.352403586419878,2.44139701224679e-06,9.60699090292305e-05
"ENSG00000110171",-0.352594907411964,2.40881104847944e-06,9.49090058691541e-05
"ENSG00000253771",-0.352694056875763,2.39208702899758e-06,9.46225679565393e-05
"ENSG00000164620",-0.35297851260215,2.34471742771001e-06,9.2978923563779e-05
"ENSG00000082701",-0.352993929982817,2.34217568248138e-06,9.29380143150445e-05
"ENSG00000175182",-0.353203799759794,2.30783574681481e-06,9.17528702855106e-05
"ENSG00000261678",-0.353731651594805,2.22357111368158e-06,8.87467319198568e-05
"ENSG00000074590",-0.353776061788446,2.21661674095691e-06,8.85265806005528e-05
"ENSG00000069966",-0.353854622792373,2.20436521828547e-06,8.81082190958825e-05
"ENSG00000086717",-0.354136620639766,2.16091657186552e-06,8.67524132412859e-05
"ENSG00000231638",-0.354296044651641,2.136715322049e-06,8.59490246929304e-05
"ENSG00000196353",-0.354384803937483,2.12335329996564e-06,8.55793421696694e-05
"ENSG00000225953",-0.354606640530911,2.0903044216988e-06,8.45241099402305e-05
"ENSG00000196277",-0.354619855038606,2.08835127558593e-06,8.45006514823542e-05
"ENSG00000158321",-0.355127033358246,2.0146878227582e-06,8.17888834853764e-05
"ENSG00000075399",-0.355687271491576,1.93619466526505e-06,7.91768534744667e-05
"ENSG00000279459",-0.35583486140031,1.91600601898605e-06,7.85600762374932e-05
"ENSG00000132932",-0.355841821553027,1.91505891393786e-06,7.85600762374932e-05
"ENSG00000169758",-0.355919357883968,1.90453822790008e-06,7.82462621481192e-05
"ENSG00000106683",-0.356076977543683,1.88332064825739e-06,7.74779986472946e-05
"ENSG00000145087",-0.356162569123701,1.87189343335063e-06,7.70594043224958e-05
"ENSG00000139182",-0.356166151819088,1.87141655503009e-06,7.70594043224958e-05
"ENSG00000168539",-0.356275191603941,1.85695791378202e-06,7.65982693336465e-05
"ENSG00000168502",-0.356446450878724,1.83446350108178e-06,7.5771960879582e-05
"ENSG00000261647",-0.356502685011729,1.82713406694675e-06,7.55199053164346e-05
"ENSG00000203335",-0.356512939654188,1.82580050885756e-06,7.55199053164346e-05
"ENSG00000073670",-0.356811896707349,1.78732771047926e-06,7.42235469728312e-05
"ENSG00000267673",-0.356849340421523,1.78256383725656e-06,7.40756980419432e-05
"ENSG00000185760",-0.35715256388266,1.74442841807588e-06,7.26380937497036e-05
"ENSG00000067191",-0.357388749368115,1.71526376305409e-06,7.16661188278348e-05
"ENSG00000283529",-0.357469743046671,1.7053698723584e-06,7.13496148364551e-05
"ENSG00000188859",-0.357510453857108,1.70041733876358e-06,7.11908059162353e-05
"ENSG00000205488",-0.357688184376953,1.67895613432332e-06,7.0484090266572e-05
"ENSG00000070882",-0.358052914735059,1.63571964408621e-06,6.87627935625968e-05
"ENSG00000144583",-0.358070219385265,1.63369486929358e-06,6.87246186164075e-05
"ENSG00000182621",-0.358274005255972,1.61002927765737e-06,6.78682478521544e-05
"ENSG00000104435",-0.358551914119447,1.57828166113373e-06,6.66669640033041e-05
"ENSG00000259583",-0.358773073793026,1.55344398269043e-06,6.57532025245528e-05
"ENSG00000141698",-0.358940908308889,1.53484406185452e-06,6.51900917479466e-05
"ENSG00000186487",-0.359175950267842,1.50915232405366e-06,6.42763118557498e-05
"ENSG00000058404",-0.35933037403877,1.49249631829669e-06,6.36550196904028e-05
"ENSG00000105143",-0.359752496982689,1.44785560967116e-06,6.2008925289911e-05
"ENSG00000163624",-0.360172562843163,1.40469729117126e-06,6.05396989410671e-05
"ENSG00000136828",-0.360291178717242,1.39273421551561e-06,6.01082991302191e-05
"ENSG00000167378",-0.360309038476407,1.39094139065631e-06,6.00730504888083e-05
"ENSG00000179456",-0.360584589492824,1.36355781930717e-06,5.89317432805058e-05
"ENSG00000280257",-0.360929861742803,1.32997034283327e-06,5.78866299712382e-05
"ENSG00000006740",-0.361063648100582,1.31716903174772e-06,5.7370028938345e-05
"ENSG00000185274",-0.361526472703682,1.27378364560964e-06,5.5756572322475e-05
"ENSG00000170790",-0.361683712326166,1.25935649143858e-06,5.51642960207087e-05
"ENSG00000133460",-0.362116084994493,1.22048384671395e-06,5.3690820487608e-05
"ENSG00000144406",-0.362514959381693,1.18563949582746e-06,5.23826253633921e-05
"ENSG00000158445",-0.362540361146287,1.18345291158373e-06,5.23235818897334e-05
"ENSG00000197872",-0.363051942998448,1.14022581175307e-06,5.06435386473839e-05
"ENSG00000084731",-0.363149370185141,1.13216602003738e-06,5.04547614317022e-05
"ENSG00000146950",-0.363325965139286,1.11769525385143e-06,4.99183140080063e-05
"ENSG00000267121",-0.363631314271131,1.09308917044098e-06,4.90239087693351e-05
"ENSG00000186187",-0.364110978635873,1.05547640577239e-06,4.75536163373764e-05
"ENSG00000117154",-0.364440382165484,1.03036473112441e-06,4.65585660883413e-05
"ENSG00000241360",-0.364460191908551,1.02887286945056e-06,4.65253136498644e-05
"ENSG00000186081",-0.364525281449179,1.02398550217238e-06,4.63383556953654e-05
"ENSG00000144331",-0.364529256695026,1.02368773219982e-06,4.63383556953654e-05
"ENSG00000272143",-0.365350818824652,9.638886017402e-07,4.40070920663938e-05
"ENSG00000072071",-0.365490792904028,9.54038463111417e-07,4.36545302406908e-05
"ENSG00000181790",-0.365536835112491,9.50819462255825e-07,4.35922500240662e-05
"ENSG00000112293",-0.365808743511395,9.32019493686565e-07,4.29021748088601e-05
"ENSG00000250017",-0.365901188069756,9.25708981524921e-07,4.2707521408523e-05
"ENSG00000177301",-0.365918317917804,9.24544138091472e-07,4.26857797709689e-05
"ENSG00000128594",-0.366479501615911,8.87147359550841e-07,4.11257220152272e-05
"ENSG00000174469",-0.366907416270485,8.59606113944467e-07,3.99385625409001e-05
"ENSG00000174938",-0.367111709079448,8.4674711052591e-07,3.94192164676298e-05
"ENSG00000155093",-0.367554613597444,8.19496452573137e-07,3.8312663178489e-05
"ENSG00000065609",-0.367569189529453,8.18614020570494e-07,3.83123812030346e-05
"ENSG00000151948",-0.367618657057286,8.15625995878822e-07,3.82306826278494e-05
"ENSG00000263878",-0.367723307628478,8.09338976630576e-07,3.79938657343647e-05
"ENSG00000167281",-0.367771149442202,8.06480248624899e-07,3.78885652071533e-05
"ENSG00000187323",-0.367837023509424,8.02559793188759e-07,3.77331855706715e-05
"ENSG00000008853",-0.368242676220286,7.7881558969056e-07,3.67422948130736e-05
"ENSG00000171811",-0.369171687265959,7.26938035502391e-07,3.48432044057314e-05
"ENSG00000248383",-0.369185174135399,7.26209776230943e-07,3.48354282684e-05
"ENSG00000076826",-0.369220536101989,7.24303619092582e-07,3.47710935518205e-05
"ENSG00000099814",-0.369405066496496,7.1443391591974e-07,3.43240600479036e-05
"ENSG00000254896",-0.36994645823083,6.8621287237872e-07,3.32537677304535e-05
"ENSG00000197177",-0.370300774920618,6.6832319893176e-07,3.25148481858152e-05
"ENSG00000287679",-0.370338484920787,6.66445638646202e-07,3.24491537854761e-05
"ENSG00000177380",-0.370356875502758,6.6553180992976e-07,3.2430316476894e-05
"ENSG00000088538",-0.370360545614662,6.65349585213934e-07,3.2430316476894e-05
"ENSG00000122778",-0.370419758571411,6.62416180254574e-07,3.23296918299663e-05
"ENSG00000104490",-0.370630611893753,6.52070495082658e-07,3.18500210709262e-05
"ENSG00000182256",-0.370953943796817,6.36505152433985e-07,3.11639404147949e-05
"ENSG00000135749",-0.371029190045055,6.32934006042918e-07,3.10384784604824e-05
"ENSG00000230707",-0.371395512313714,6.15820176404201e-07,3.03686193402405e-05
"ENSG00000148948",-0.371417702720373,6.14797811764644e-07,3.03425152584148e-05
"ENSG00000162631",-0.371635368946807,6.04854983718909e-07,2.98757585216666e-05
"ENSG00000133958",-0.37190609602676,5.92702598747633e-07,2.93225793708395e-05
"ENSG00000101210",-0.372347466745939,5.73388974288001e-07,2.85045646474804e-05
"ENSG00000166313",-0.37240735003981,5.70815374189374e-07,2.84455557806565e-05
"ENSG00000181215",-0.372691297881301,5.58761658166962e-07,2.79808197642209e-05
"ENSG00000133216",-0.372780729215296,5.55015884770156e-07,2.78747477948958e-05
"ENSG00000184792",-0.37318066203385,5.38556516143299e-07,2.71902561357861e-05
"ENSG00000249715",-0.37411661401394,5.01840439474094e-07,2.55672748402265e-05
"ENSG00000150967",-0.374537431287463,4.8612345967748e-07,2.48694781399758e-05
"ENSG00000170049",-0.374852067944985,4.74680729427364e-07,2.43447923432314e-05
"ENSG00000073150",-0.374929786708463,4.71894153551741e-07,2.42625344913854e-05
"ENSG00000185800",-0.375151205477157,4.64040736955851e-07,2.39253379063539e-05
"ENSG00000167807",-0.375236851082239,4.61036642449243e-07,2.38237104306433e-05
"ENSG00000186472",-0.375255972779694,4.60368475308079e-07,2.38091743229919e-05
"ENSG00000278975",-0.375308293678313,4.58544960546247e-07,2.37348116500069e-05
"ENSG00000182568",-0.375443246891973,4.5387331817146e-07,2.35325859254796e-05
"ENSG00000058091",-0.375525837668911,4.51036772116391e-07,2.34052336451359e-05
"ENSG00000148798",-0.377052458146031,4.01559039323725e-07,2.11951539589531e-05
"ENSG00000171044",-0.377250034159502,3.95548435589562e-07,2.08980152887855e-05
"ENSG00000182348",-0.377431412667175,3.90106405728982e-07,2.06615392721037e-05
"ENSG00000177875",-0.377837233490148,3.78188396103852e-07,2.01168769661326e-05
"ENSG00000132744",-0.377996865582564,3.73596469717009e-07,1.98898106680481e-05
"ENSG00000156475",-0.378152637461299,3.69167020149935e-07,1.96880546690707e-05
"ENSG00000127445",-0.378235004986755,3.66845205123716e-07,1.95811980087892e-05
"ENSG00000171533",-0.379247447594616,3.39422921501457e-07,1.82122443599701e-05
"ENSG00000173611",-0.379261564955574,3.39054779900058e-07,1.82100424426031e-05
"ENSG00000279497",-0.380292188372622,3.13186741310891e-07,1.70271773915526e-05
"ENSG00000105255",-0.380317512800428,3.12575523017414e-07,1.70089725805338e-05
"ENSG00000221946",-0.380584296168379,3.06205523695052e-07,1.67363345917303e-05
"ENSG00000147481",-0.38059520163888,3.05947793925838e-07,1.67363345917303e-05
"ENSG00000103056",-0.38101432894672,2.96198319737689e-07,1.6276097669586e-05
"ENSG00000141837",-0.381171638389874,2.92616394243371e-07,1.61369026588835e-05
"ENSG00000023171",-0.381184624378991,2.92322563504258e-07,1.61351568146242e-05
"ENSG00000116793",-0.381386172937073,2.87798213143639e-07,1.59713735164221e-05
"ENSG00000055163",-0.381452730798817,2.8631890113561e-07,1.59036195410559e-05
"ENSG00000148334",-0.381464671086881,2.86054287795703e-07,1.59032746956628e-05
"ENSG00000164082",-0.382113298311161,2.72026275094266e-07,1.51644792340593e-05
"ENSG00000258986",-0.382140554801351,2.71451449878076e-07,1.51491541978085e-05
"ENSG00000196876",-0.383268639271027,2.48654596266993e-07,1.40654397726616e-05
"ENSG00000169783",-0.383305540523701,2.4794074972936e-07,1.40502738691682e-05
"ENSG00000040608",-0.383907103971526,2.36576680298767e-07,1.35314825393191e-05
"ENSG00000163704",-0.384017742908029,2.34541643361982e-07,1.34275636270417e-05
"ENSG00000130558",-0.384174778961738,2.31681956499664e-07,1.3276195838748e-05
"ENSG00000140474",-0.384368813981734,2.28194595980979e-07,1.31252413224798e-05
"ENSG00000197535",-0.385202148728206,2.13780457230517e-07,1.24121740186744e-05
"ENSG00000164068",-0.385318318095278,2.11841700148205e-07,1.23228597296041e-05
"ENSG00000007376",-0.385409349814721,2.10334244932938e-07,1.22467462347708e-05
"ENSG00000176490",-0.385554827944025,2.07946480403369e-07,1.21537114814292e-05
"ENSG00000170579",-0.385681302767327,2.058917354281e-07,1.20680009192257e-05
"ENSG00000172020",-0.385752344107843,2.04746121489991e-07,1.20138939469162e-05
"ENSG00000110148",-0.385996439537729,2.00856177820588e-07,1.18065831975074e-05
"ENSG00000108309",-0.386197558585152,1.97704396297598e-07,1.16547120361488e-05
"ENSG00000160716",-0.38630972586322,1.95967231664915e-07,1.15633818845499e-05
"ENSG00000289107",-0.386333647598512,1.95598645521477e-07,1.15527092514144e-05
"ENSG00000006432",-0.386597965407471,1.91569988117885e-07,1.13256324195265e-05
"ENSG00000019505",-0.38704524704182,1.84933062836481e-07,1.09648558951911e-05
"ENSG00000034053",-0.387133710164649,1.83646768173769e-07,1.08990903572676e-05
"ENSG00000122733",-0.387385405667459,1.80033712454537e-07,1.07364290690911e-05
"ENSG00000249738",-0.388005786808615,1.71416687416848e-07,1.03024107523267e-05
"ENSG00000114279",-0.388136653849721,1.69650126519584e-07,1.02177608841301e-05
"ENSG00000157778",-0.388381582730867,1.66390621414401e-07,1.00691685391621e-05
"ENSG00000169169",-0.388505265686992,1.64767539041099e-07,1.00103192722067e-05
"ENSG00000116254",-0.388609425774791,1.6341243175391e-07,9.93780108682077e-06
"ENSG00000089169",-0.388974223303556,1.58750166288764e-07,9.68297347282031e-06
"ENSG00000242173",-0.389348677003029,1.54097189299192e-07,9.4271942527132e-06
"ENSG00000168993",-0.39036091604159,1.42164097098433e-07,8.78448513235537e-06
"ENSG00000011485",-0.39036652923542,1.42100462314077e-07,8.78448513235537e-06
"ENSG00000102003",-0.390405636944652,1.41657869224861e-07,8.77097383435391e-06
"ENSG00000188573",-0.391432818187041,1.30494973102521e-07,8.22024833635776e-06
"ENSG00000010818",-0.391464327784929,1.30166242359002e-07,8.20794182350657e-06
"ENSG00000160469",-0.3925608961116,1.19208037509311e-07,7.60263156525704e-06
"ENSG00000172915",-0.392610850980511,1.18730511534596e-07,7.58003174469418e-06
"ENSG00000079156",-0.392651934899767,1.18339159333265e-07,7.56289223468998e-06
"ENSG00000263874",-0.392661609738885,1.18247180023163e-07,7.56289223468998e-06
"ENSG00000165643",-0.392800023184949,1.16938756868707e-07,7.49674880492471e-06
"ENSG00000165238",-0.392830541305154,1.16652142591053e-07,7.48617253766816e-06
"ENSG00000164885",-0.392832416482156,1.16634553644299e-07,7.48617253766816e-06
"ENSG00000116141",-0.393125846708333,1.13913322774506e-07,7.34872278494149e-06
"ENSG00000166165",-0.393169656665308,1.13512295985053e-07,7.33715244866809e-06
"ENSG00000204929",-0.393179589437104,1.1342156201246e-07,7.33715244866809e-06
"ENSG00000147571",-0.393429283640265,1.11163369473251e-07,7.21670718445333e-06
"ENSG00000006071",-0.393830916653687,1.07621258396577e-07,7.05371962381144e-06
"ENSG00000145545",-0.393878691088061,1.07207198527325e-07,7.03407230934511e-06
"ENSG00000236901",-0.394361654656145,1.03106258198398e-07,6.78670754498629e-06
"ENSG00000171450",-0.394556976109558,1.01490843973533e-07,6.70188036642394e-06
"ENSG00000075340",-0.395254957854829,9.5914226007596e-08,6.40232660022938e-06
"ENSG00000167114",-0.395518165689596,9.38886057129398e-08,6.28400642474289e-06
"ENSG00000184524",-0.395689494922395,9.25921937291103e-08,6.2075097721834e-06
"ENSG00000136928",-0.396399918829237,8.73974889917842e-08,5.92377870320525e-06
"ENSG00000141576",-0.396872385637436,8.40988397125145e-08,5.71278034356181e-06
"ENSG00000188211",-0.397199516615237,8.18852429604699e-08,5.58089190781745e-06
"ENSG00000196465",-0.397677712278042,7.87497676431256e-08,5.37910732500391e-06
"ENSG00000256925",-0.397825996693256,7.78011159006712e-08,5.33087417698456e-06
"ENSG00000185133",-0.399972924662292,6.52364545316466e-08,4.54175606074169e-06
"ENSG00000198208",-0.399981451196475,6.51906735785981e-08,4.54175606074169e-06
"ENSG00000169750",-0.400012264836552,6.50254849493518e-08,4.5373338386881e-06
"ENSG00000198010",-0.401020804270459,5.98352857674229e-08,4.24251477796115e-06
"ENSG00000145198",-0.401507705562557,5.74742674968684e-08,4.1011383276511e-06
"ENSG00000146826",-0.401691669917152,5.66057121228924e-08,4.05086272894336e-06
"ENSG00000011083",-0.401990854646541,5.52200200010664e-08,3.96553198476737e-06
"ENSG00000160753",-0.402480623673129,5.3021667877556e-08,3.8345070832624e-06
"ENSG00000162975",-0.403599746676727,4.83094342956013e-08,3.53947121939105e-06
"ENSG00000151474",-0.403857676298081,4.72818800798334e-08,3.47245349359578e-06
"ENSG00000203772",-0.403876336755733,4.72083596143423e-08,3.47119627730595e-06
"ENSG00000139998",-0.404088636092287,4.63796141624649e-08,3.4184275137901e-06
"ENSG00000163462",-0.404109717153296,4.62980878359354e-08,3.41746230566659e-06
"ENSG00000135119",-0.405456591277091,4.13653023056146e-08,3.09706346118826e-06
"ENSG00000213023",-0.405692096521138,4.05563578018575e-08,3.04761963926437e-06
"ENSG00000021645",-0.407155356567939,3.58605777348111e-08,2.73821761304121e-06
"ENSG00000115041",-0.407520334100066,3.47734229016191e-08,2.66512520430541e-06
"ENSG00000248455",-0.410064794571579,2.80280698893459e-08,2.18626049844094e-06
"ENSG00000183307",-0.411361335942321,2.50940204527535e-08,1.97998255736444e-06
"ENSG00000002746",-0.412188206384844,2.33795952117229e-08,1.86141501644279e-06
"ENSG00000134780",-0.412565457184521,2.26353714935258e-08,1.81389492603848e-06
"ENSG00000119866",-0.413440098713332,2.09965512907481e-08,1.69581594834357e-06
"ENSG00000166006",-0.414459122024212,1.92310239775737e-08,1.57807218623439e-06
"ENSG00000188730",-0.415643807914439,1.73578354139679e-08,1.44166075940249e-06
"ENSG00000182674",-0.416721353831712,1.58075288992853e-08,1.32904174669073e-06
"ENSG00000270112",-0.416802134279891,1.5696838519625e-08,1.3215406701119e-06
"ENSG00000229240",-0.417646775634817,1.45832511697876e-08,1.23624188704326e-06
"ENSG00000164600",-0.418897905556776,1.30723741436391e-08,1.13154176412957e-06
"ENSG00000272944",-0.42196595654705,9.97816187719991e-09,8.85210095536793e-07
"ENSG00000165716",-0.424101952482887,8.25444202732544e-09,7.50386085863688e-07
"ENSG00000100678",-0.424159431193419,8.21227436524453e-09,7.47657120613328e-07
"ENSG00000128482",-0.42550286563766,7.28379078121128e-09,6.75110873251306e-07
"ENSG00000196220",-0.425640487066601,7.19460328589039e-09,6.67850172891159e-07
"ENSG00000140798",-0.426951230342857,6.39625801661245e-09,6.05617389806764e-07
"ENSG00000174521",-0.42713263399113,6.29273346186345e-09,5.97803606628142e-07
"ENSG00000127561",-0.428423371430531,5.60138063797424e-09,5.3895070457587e-07
"ENSG00000106089",-0.428842518582551,5.39306865807966e-09,5.20236704534255e-07
"ENSG00000164588",-0.430322436437985,4.71566189727185e-09,4.62871923135086e-07
"ENSG00000158008",-0.431099571554994,4.39358721028911e-09,4.38959304009794e-07
"ENSG00000165209",-0.431983000229927,4.05321189491528e-09,4.11635103730472e-07
"ENSG00000186732",-0.433470579896529,3.53673738244387e-09,3.65209673599204e-07
"ENSG00000242258",-0.43421950296956,3.30135290448515e-09,3.43206863435193e-07
"ENSG00000156097",-0.435353150906798,2.97356373520247e-09,3.1229523296809e-07
"ENSG00000103034",-0.442942654281047,1.46183777622794e-09,1.63576989273041e-07
"ENSG00000157087",-0.443939017812558,1.32999128716307e-09,1.50404552204457e-07
"ENSG00000167654",-0.445132638307445,1.18712576021461e-09,1.35297162567867e-07
"ENSG00000132563",-0.463910644518743,1.87276990019923e-10,2.61949433495139e-08
"ENSG00000160097",-0.470452857497773,9.58153891800611e-11,1.48162369640645e-08
"ENSG00000123643",-0.482159815016595,2.78618628104888e-11,4.83022671777105e-09
