"Gene","R","P","FDR"
"ENSG00000002746.15",-0.240584262162892,0.00162827637449673,0.0215008921045491
"ENSG00000003249.15",-0.314734562407693,3.07829932581089e-05,0.00142178250497407
"ENSG00000004139.14",-0.344497506654338,4.50928139567017e-06,0.000394997501014515
"ENSG00000004399.13",-0.285172528407255,0.000171230351837691,0.00472909646013552
"ENSG00000005108.17",-0.267245432442253,0.000443890530043593,0.00900114769438693
"ENSG00000005469.12",-0.305171227058857,5.47306039265484e-05,0.00212587390144665
"ENSG00000006210.7",-0.257055365022768,0.000741399794461036,0.0125224594273229
"ENSG00000006468.14",-0.303915893309041,5.89387552330829e-05,0.00224134910057785
"ENSG00000006634.8",-0.248882895015754,0.00110253513406987,0.0164654321051011
"ENSG00000006652.15",-0.285829783207679,0.000165148917749526,0.00462035017355861
"ENSG00000007080.11",-0.247657455456126,0.00116883954091281,0.0171037044111798
"ENSG00000007372.25",-0.33936389239082,6.37156132025426e-06,0.000500840805088308
"ENSG00000008382.16",-0.286415449070891,0.000159900141523038,0.00454356073278492
"ENSG00000008838.21",-0.284219051696649,0.000180424511249833,0.00490195065163585
"ENSG00000008853.18",-0.337807730237902,7.06697696773025e-06,0.000540730168407384
"ENSG00000009844.16",-0.230371932278109,0.00258470460782881,0.0289831625473239
"ENSG00000010256.11",-0.219608007487556,0.00412003769419091,0.0390964951608262
"ENSG00000011376.12",-0.268760563960203,0.000410576680640723,0.00859133395248458
"ENSG00000011451.21",-0.223282119236274,0.0035222067159949,0.0353654613464105
"ENSG00000012048.23",-0.243092984844339,0.00144921764217623,0.0198459548209244
"ENSG00000012963.15",-0.248304480119261,0.00113338944575077,0.0167489773649835
"ENSG00000013810.21",-0.263133752898186,0.000547305247705354,0.0102606606697115
"ENSG00000022976.16",-0.230101989024496,0.00261578260789334,0.0291186352271317
"ENSG00000023171.20",-0.236440377051144,0.00196868523188683,0.0243134464645026
"ENSG00000025770.19",-0.263696231310325,0.000531952019910104,0.0100694315661523
"ENSG00000025772.8",-0.317711764247558,2.56297299676602e-05,0.00124952556050278
"ENSG00000026559.14",-0.350726332639547,2.93994657092799e-06,0.000308609350170594
"ENSG00000031003.11",-0.311194232117454,3.8179732776396e-05,0.00166075299951847
"ENSG00000031823.14",-0.264070217518842,0.000521964995717748,0.00995456215181529
"ENSG00000035141.8",-0.274266609087194,0.000308032740889272,0.00702715645083826
"ENSG00000035664.11",-0.219922601811796,0.00406548981119252,0.0388306440592208
"ENSG00000037897.17",-0.336474422792003,7.71944688811286e-06,0.000566651277813865
"ENSG00000038358.15",-0.224130399962548,0.00339581332933414,0.0344779560372003
"ENSG00000040608.14",-0.289290163390323,0.000136318083410176,0.00406032745087492
"ENSG00000041982.16",-0.233234902396547,0.00227509464256099,0.0265476477744496
"ENSG00000042429.12",-0.226152026554473,0.00311093012899733,0.0325347707150758
"ENSG00000047056.17",-0.336362465896515,7.77675724688456e-06,0.000566651277813865
"ENSG00000048828.17",-0.223229697756886,0.00353015490415712,0.0353797131282603
"ENSG00000049246.15",-0.339955092664558,6.12478596427539e-06,0.000492366891931923
"ENSG00000049323.16",-0.268677584882957,0.0004123395433775,0.00860695268727907
"ENSG00000049449.10",-0.292036912027995,0.00011685543802869,0.00362894705653155
"ENSG00000049759.20",-0.350797385092018,2.92548185793719e-06,0.000308365210112773
"ENSG00000050165.19",-0.24620766750571,0.00125198827543155,0.0179583614685419
"ENSG00000051341.15",-0.31193548636546,3.65047837549436e-05,0.00161338087583457
"ENSG00000051382.9",-0.279765409225887,0.000229787784031042,0.00577950403736689
"ENSG00000053747.17",-0.227631919315541,0.00291627342223012,0.031263525551678
"ENSG00000054523.20",-0.230720408883705,0.00254508005304624,0.0287062554844986
"ENSG00000054938.17",-0.319705707368772,2.26455039669946e-05,0.00114366548165718
"ENSG00000055163.20",-0.311998448678908,3.63657453704408e-05,0.00161221471142288
"ENSG00000057252.13",-0.258713242754294,0.00068298001003558,0.0119157874448335
"ENSG00000057593.14",-0.213792196275893,0.00525429410866672,0.046436610274539
"ENSG00000058335.16",-0.213863037580698,0.00523894420499134,0.046354893639636
"ENSG00000058804.12",-0.407675834228239,3.76912977121011e-08,1.91494407156101e-05
"ENSG00000060140.9",-0.26277734247501,0.000557244350312776,0.0104085869345555
"ENSG00000061337.15",-0.211804357873053,0.00570176780713622,0.0490325008817472
"ENSG00000062822.16",-0.335751109163173,8.0968866704001e-06,0.000571347811356038
"ENSG00000063015.21",-0.246431603660382,0.00123880125929209,0.0178318033777913
"ENSG00000063180.9",-0.275340531231882,0.000291037456997179,0.0067703521246331
"ENSG00000063322.15",-0.236515932156632,0.00196193893984193,0.0242762469015122
"ENSG00000064490.14",-0.371039947869483,6.82942279048403e-07,0.000123799726334836
"ENSG00000064726.10",-0.254752631114984,0.00083019001265957,0.0134926166203879
"ENSG00000064961.19",-0.251461091784119,0.000974149678995851,0.0151353665416095
"ENSG00000065328.17",-0.250520539886929,0.00101930545372988,0.0156078459560579
"ENSG00000065491.8",-0.24762168148351,0.00117082888551617,0.0171158521247599
"ENSG00000065559.15",-0.233121212998148,0.00228671701748189,0.0266099278035238
"ENSG00000065621.15",-0.265492460919814,0.000485545578146403,0.00959122420035231
"ENSG00000065802.12",-0.327996000507787,1.34073531908731e-05,0.000812856785460021
"ENSG00000065989.16",-0.212563973229844,0.00552690308274129,0.0481480565586069
"ENSG00000066136.21",-0.299141097653412,7.78815353160581e-05,0.00271017074196414
"ENSG00000066382.17",-0.283209217554738,0.00019066227856073,0.00509294833047133
"ENSG00000066468.24",-0.386625106881326,2.0786167404266e-07,5.96659730104741e-05
"ENSG00000067191.16",-0.301577111732897,6.7600221896809e-05,0.00245410635118439
"ENSG00000067836.13",-0.211825125334952,0.00569692211210195,0.0490211304519486
"ENSG00000068489.13",-0.286728853923934,0.000157155692971721,0.00447558976296035
"ENSG00000068745.15",-0.221678636564652,0.00377276943031612,0.0371040115518082
"ENSG00000069966.19",-0.258206902221082,0.000700356140204892,0.0120617945963558
"ENSG00000070413.20",-0.246106942065139,0.00125796150922347,0.0180135266171385
"ENSG00000070501.12",-0.225218239507974,0.00323971944760947,0.0334139639170213
"ENSG00000070808.17",-0.349501824755339,3.20017060106568e-06,0.000325175735115485
"ENSG00000070882.13",-0.272793856227907,0.000332839766150758,0.00744188386579705
"ENSG00000071246.11",-0.25679231713001,0.000751080886644511,0.0126439415264616
"ENSG00000071539.14",-0.260004003622136,0.000640465608787079,0.0113536272575144
"ENSG00000071575.12",-0.230870234470123,0.00252821357482723,0.0285694881856478
"ENSG00000071655.18",-0.247312712357209,0.0011881397276624,0.0172865483973699
"ENSG00000072071.17",-0.304136843273608,5.81767196982595e-05,0.00222080516173032
"ENSG00000072415.10",-0.365309872654747,1.04146314631401e-06,0.000157468285505857
"ENSG00000072518.22",-0.264919314111513,0.000499930017482724,0.00975471351025832
"ENSG00000072657.10",-0.216279893586341,0.00473872519587927,0.043161647956587
"ENSG00000073111.14",-0.263643813003783,0.000533365826020411,0.0100811697011879
"ENSG00000073584.20",-0.276456094340554,0.000274308026623578,0.00644015415925947
"ENSG00000074047.22",-0.283166646311562,0.000191105529332444,0.00509942622020176
"ENSG00000074071.15",-0.21230738981104,0.00558542509282813,0.0484254449259771
"ENSG00000074706.14",-0.254421638029985,0.000843727313274959,0.0136430330611864
"ENSG00000075043.20",-0.334701040401859,8.676066181309e-06,0.000590879649339926
"ENSG00000075218.19",-0.225541165609862,0.0031946463788463,0.0331104047171899
"ENSG00000075275.18",-0.337410211205428,7.2558260808781e-06,0.000552015767332866
"ENSG00000075568.17",-0.276566746019847,0.000272698276728405,0.0064142169664182
"ENSG00000075624.17",-0.212141826200695,0.00562348063347545,0.0486123091728468
"ENSG00000075702.19",-0.263478684484066,0.000537842320526015,0.0101356145907436
"ENSG00000076356.7",-0.244440127573116,0.00136066886135067,0.0189816284410763
"ENSG00000076382.17",-0.214532476317778,0.00509586037825024,0.0453098149067871
"ENSG00000076641.4",-0.326739033563409,1.45307014694573e-05,0.000856072245195559
"ENSG00000077044.11",-0.249744524970825,0.0010579986104261,0.0159807835741692
"ENSG00000078018.21",-0.265852598558467,0.000476703800912761,0.00946810528114688
"ENSG00000078369.18",-0.295236259132202,9.74675515763705e-05,0.00320242044492632
"ENSG00000078902.16",-0.21929737055223,0.00417454427292064,0.0393637521028222
"ENSG00000079215.15",-0.220758367748549,0.00392371662717983,0.0380435776642172
"ENSG00000079616.14",-0.219129562635289,0.00420425796522603,0.039599838743284
"ENSG00000079739.17",-0.224421602928605,0.00335337702986448,0.0342396454357708
"ENSG00000079931.15",-0.290655600231177,0.000126293074568142,0.0038425028890324
"ENSG00000080845.19",-0.312690049129334,3.48709387618041e-05,0.00155955362212343
"ENSG00000081320.11",-0.218939094430375,0.00423821435918579,0.0398016115957104
"ENSG00000081913.14",-0.246556761059046,0.0012314865582791,0.0177949107167031
"ENSG00000081985.14",-0.214106415784216,0.00518651439837185,0.0460031512785754
"ENSG00000082014.17",-0.295285741438271,9.71928192302193e-05,0.003202320605584
"ENSG00000082684.16",-0.27851135711556,0.000245802047900987,0.00604563170146625
"ENSG00000082781.12",-0.240520296743107,0.00163309487862212,0.0215285465498898
"ENSG00000083099.11",-0.232070986060702,0.0023966569776326,0.027498770190967
"ENSG00000083635.8",-0.269594310505308,0.000393247127474049,0.00832471398268606
"ENSG00000083720.13",-0.31663826042084,2.73861606078925e-05,0.0013126238451364
"ENSG00000083857.15",-0.220694316814321,0.00393442218928439,0.0380747149997682
"ENSG00000084731.15",-0.239697697665978,0.00169623077955284,0.0220435615733525
"ENSG00000085644.14",-0.229809815486607,0.00264980109915042,0.0293942783064271
"ENSG00000085831.16",-0.214965750099481,0.00500512967542557,0.0447065081381279
"ENSG00000085840.13",-0.239302996522867,0.00172730777029405,0.0222735021770456
"ENSG00000085978.22",-0.211507980737827,0.00577132436115671,0.0493466687130474
"ENSG00000085999.13",-0.36242577419804,1.28396343614884e-06,0.000180201785461265
"ENSG00000086205.18",-0.21577730106516,0.00483907129025427,0.0437402139248317
"ENSG00000086475.15",-0.243394768137281,0.00142893574751663,0.019727855866394
"ENSG00000086589.12",-0.296153572703987,9.24907375532422e-05,0.00308338872187009
"ENSG00000087095.13",-0.219965254223874,0.00405814448057387,0.0387844410233326
"ENSG00000087250.9",-0.250483457708827,0.00102112448493703,0.015626280295696
"ENSG00000087258.16",-0.348893341575478,3.33748392709864e-06,0.000334187604469035
"ENSG00000087448.11",-0.433557944979638,3.90450624929556e-09,4.09668895061147e-06
"ENSG00000087510.7",-0.282598389394359,0.000197114850983564,0.00521073867350307
"ENSG00000087995.16",-0.25227533816353,0.000936548231714524,0.0146497135038449
"ENSG00000088247.19",-0.35579922352624,2.06106884164754e-06,0.000246984797362305
"ENSG00000088256.9",-0.234109075203757,0.0021875047249645,0.0258943068631283
"ENSG00000088325.16",-0.229034850461565,0.0027419819234885,0.0300494248500338
"ENSG00000089248.7",-0.233185334886246,0.00228015527951372,0.0265700846630674
"ENSG00000089280.19",-0.281943243965601,0.00020426119834122,0.00536670738363938
"ENSG00000089486.17",-0.345752621178811,4.13993899586501e-06,0.000374041444602568
"ENSG00000089693.11",-0.291161824448687,0.000122754636966288,0.00374800005150796
"ENSG00000089723.10",-0.357564945467174,1.81875879609704e-06,0.000232895244076116
"ENSG00000090020.11",-0.220611377994486,0.0039483237543745,0.0381366039286599
"ENSG00000090266.13",-0.231731543768615,0.00243320261818348,0.0278638772725924
"ENSG00000090316.16",-0.235540891931946,0.00205063690368282,0.0249245594565812
"ENSG00000090372.15",-0.345925780430381,4.09129767262895e-06,0.00037312355520777
"ENSG00000091490.11",-0.216147559952254,0.00476496387608709,0.0432765024469933
"ENSG00000091622.16",-0.324378313987922,1.68848926831948e-05,0.000944772970993827
"ENSG00000091651.9",-0.224771756710198,0.00330298399901183,0.0339149969793442
"ENSG00000091656.19",-0.280204737793219,0.00022441098185634,0.00570218940827185
"ENSG00000091664.9",-0.314069196769663,3.20610523723424e-05,0.00146483257808384
"ENSG00000092621.13",-0.297491498775316,8.56568179629798e-05,0.00289850167618159
"ENSG00000092847.13",-0.302882353828744,6.26293695483162e-05,0.00235351164886964
"ENSG00000092853.14",-0.27986523742441,0.000228555603465376,0.0057713697761739
"ENSG00000093009.11",-0.228544265368231,0.00280182689681214,0.030527579432785
"ENSG00000094804.12",-0.316467254632605,2.76762152375718e-05,0.00131658969228471
"ENSG00000099783.12",-0.224253753389935,0.00337777853537444,0.0343635194770192
"ENSG00000099817.12",-0.232211180025058,0.00238170900485402,0.027389114463697
"ENSG00000099901.17",-0.249777813693062,0.0010563115254524,0.0159723105244448
"ENSG00000099904.16",-0.233489012920544,0.00224931077873539,0.0263557387971472
"ENSG00000099995.19",-0.241985395855707,0.0015259289279897,0.0206050264653293
"ENSG00000100027.17",-0.268372397761142,0.000418883581168667,0.00867634009593558
"ENSG00000100028.12",-0.256410052494288,0.000765357061568866,0.0128502084831685
"ENSG00000100030.15",-0.330986238421327,1.10558736703374e-05,0.000710499816213379
"ENSG00000100075.10",-0.228569847659069,0.00279867721423654,0.0305258897695367
"ENSG00000100084.14",-0.298695774226684,7.99126934812778e-05,0.0027496269680061
"ENSG00000100095.19",-0.291173632273322,0.000122673218112425,0.00374800005150796
"ENSG00000100147.14",-0.245663446068861,0.00128457316606068,0.0182654255117343
"ENSG00000100151.16",-0.230278589949552,0.00259541286705306,0.0289831625473239
"ENSG00000100162.15",-0.229852919093476,0.00264475737067911,0.0293630020300317
"ENSG00000100167.21",-0.278188403179133,0.000250090967798094,0.00610284424109027
"ENSG00000100221.11",-0.259664139527039,0.000651416731964246,0.011499610314168
"ENSG00000100335.15",-0.223573195645279,0.00347836628819764,0.0350917151783497
"ENSG00000100348.10",-0.225979640550381,0.00313435192555952,0.0326943089842248
"ENSG00000100350.16",-0.318610680436069,2.4241191902398e-05,0.00120982121394227
"ENSG00000100401.20",-0.269037189457107,0.000404750129843277,0.00849741119703203
"ENSG00000100427.16",-0.250696729869238,0.00101070316078546,0.0155229095486295
"ENSG00000100433.16",-0.27917133870789,0.000237249102450114,0.00590866563680416
"ENSG00000100461.18",-0.355716859774756,2.07309033502018e-06,0.000247109085899024
"ENSG00000100462.16",-0.310338171414992,4.02039916014914e-05,0.00171647394731544
"ENSG00000100483.14",-0.215691904947619,0.00485630931746357,0.0438351488191025
"ENSG00000100505.14",-0.307452367921692,4.77964585773223e-05,0.00193032342963389
"ENSG00000100626.17",-0.38622821416614,2.14420340657207e-07,6.05213323746114e-05
"ENSG00000100714.17",-0.281522389314637,0.000208978339614011,0.00541026046835601
"ENSG00000100814.18",-0.217910360024301,0.00442591259589885,0.0410184084909225
"ENSG00000100916.14",-0.224570707993514,0.00333183408704169,0.034114704277759
"ENSG00000100949.15",-0.218779406575897,0.00426687302030511,0.0399944985361171
"ENSG00000101003.11",-0.277325496942197,0.000261894204139835,0.00627358403736275
"ENSG00000101104.13",-0.341026385066999,5.70053361329986e-06,0.000467739413259595
"ENSG00000101126.18",-0.329097733329235,1.24907345013645e-05,0.000772024643645162
"ENSG00000101132.10",-0.235446148653101,0.00205944703412627,0.0249846116095845
"ENSG00000101144.13",-0.315086673192678,3.01262121676492e-05,0.00140679442590955
"ENSG00000101292.8",-0.227944408657344,0.00287660661414842,0.0309768706312896
"ENSG00000101310.17",-0.271581426136296,0.000354638752563567,0.00772571703426053
"ENSG00000101349.17",-0.235911882752865,0.00201646746044144,0.0247102377701852
"ENSG00000101367.9",-0.271319153822915,0.00035952511509665,0.0077794007655879
"ENSG00000101412.13",-0.271891391367556,0.000348943206289336,0.00765475325506736
"ENSG00000101421.4",-0.224475536803695,0.00334557010787396,0.0342091452258551
"ENSG00000101444.13",-0.231083911674816,0.00250433431750309,0.0284058819479679
"ENSG00000101460.13",-0.241542286228767,0.00155764313362732,0.0208837342584976
"ENSG00000101670.12",-0.323769317835288,1.75482251155522e-05,0.000963627424013528
"ENSG00000101773.19",-0.291820292899637,0.000118290534948816,0.0036595278943695
"ENSG00000102978.13",-0.218886074361661,0.00424771045621317,0.0398613183299531
"ENSG00000102996.5",-0.293864869129033,0.000105377127130758,0.00336293361872192
"ENSG00000103005.12",-0.227326926508052,0.00295546501369837,0.0315319940121713
"ENSG00000103043.15",-0.259756215112986,0.000648432948242066,0.0114708511031986
"ENSG00000103111.15",-0.222810994944663,0.00359422166674513,0.0358476690225074
"ENSG00000103275.21",-0.215880627402743,0.00481828723830685,0.0436048987227321
"ENSG00000103449.13",-0.211882878505293,0.00568346584545102,0.0489745871343258
"ENSG00000103528.17",-0.215066494303177,0.0049842416387616,0.0445768364324814
"ENSG00000103740.10",-0.248570952435517,0.00111907809134775,0.0165954119991283
"ENSG00000103932.12",-0.236240667628747,0.00198661895382178,0.0244979038664906
"ENSG00000104142.11",-0.265689143344966,0.00048069819830924,0.00952509854262842
"ENSG00000104205.16",-0.326145081329478,1.50919292433807e-05,0.000871318814930909
"ENSG00000104332.12",-0.259881372072538,0.000644397330892253,0.0114153594118939
"ENSG00000104413.18",-0.251208860234744,0.00098607561986485,0.0152367876955151
"ENSG00000104447.13",-0.299797911335156,7.4973862554612e-05,0.00263789616409253
"ENSG00000104679.12",-0.339601338887644,6.27133591354852e-06,0.000498804471646131
"ENSG00000104825.17",-0.255407574734656,0.000803990070475846,0.0132449803892983
"ENSG00000104835.15",-0.271467479853512,0.000356754060737929,0.00773921725441983
"ENSG00000104885.19",-0.313774190666009,3.26435518846885e-05,0.00148344212616591
"ENSG00000104888.10",-0.365406746361726,1.03412963751223e-06,0.000157468285505857
"ENSG00000104889.7",-0.220397643080475,0.00398435230478661,0.0383450728093739
"ENSG00000104969.11",-0.231563259425915,0.00245150749225663,0.02798905385429
"ENSG00000105088.9",-0.347772956291716,3.6050873963049e-06,0.000349280241973716
"ENSG00000105197.11",-0.22695651927154,0.00300370245594699,0.0318359147182553
"ENSG00000105223.20",-0.253679863468143,0.000874805134955172,0.0140117748065991
"ENSG00000105258.9",-0.258442984083496,0.000692204458665874,0.0119945906299381
"ENSG00000105290.13",-0.229730894383699,0.00265905856375653,0.0294649142976876
"ENSG00000105341.19",-0.357676737882908,1.80436811306012e-06,0.000232671894294753
"ENSG00000105364.14",-0.266137240724525,0.000469821078765897,0.00937538481059709
"ENSG00000105404.11",-0.220050497115889,0.00404350024261418,0.0387027267005003
"ENSG00000105419.18",-0.254437978729882,0.000843054261904859,0.0136408327485154
"ENSG00000105426.18",-0.295236199840007,9.74678812099162e-05,0.00320242044492632
"ENSG00000105429.13",-0.336070667501581,7.92802827549235e-06,0.000567552892199265
"ENSG00000105447.13",-0.224220303538799,0.00338266048562467,0.0343725422295925
"ENSG00000105514.8",-0.260139130521418,0.000636158883465011,0.01131200740507
"ENSG00000105520.11",-0.261014959331212,0.000608885703526013,0.0110089135421148
"ENSG00000105556.12",-0.336852962217823,7.52862319793093e-06,0.000560958167181343
"ENSG00000105642.16",-0.405565908365023,4.49679680171541e-08,2.19677171449955e-05
"ENSG00000105647.19",-0.218608570874125,0.00429772505528155,0.0401231567729942
"ENSG00000105696.9",-0.260989352979644,0.000609667535489761,0.0110152093912137
"ENSG00000105705.16",-0.248506107255744,0.00112254538813911,0.0166274171981912
"ENSG00000105722.10",-0.273729623051892,0.000316871912093682,0.0071742399134722
"ENSG00000105737.10",-0.266690507773139,0.000456705041067693,0.00920037918972452
"ENSG00000105810.10",-0.258132388320784,0.000702947331129518,0.0120818478028979
"ENSG00000105855.10",-0.266417408312633,0.00046313636922337,0.00928575626470502
"ENSG00000105968.19",-0.251106821441605,0.000990938133981994,0.015284032433239
"ENSG00000106086.20",-0.223968772575724,0.00341957541870499,0.0346637966326268
"ENSG00000106113.19",-0.36434930072473,1.11691522662962e-06,0.000162025753084832
"ENSG00000106123.12",-0.273708022973722,0.000317232339523579,0.00717600456003336
"ENSG00000106236.4",-0.261044211220237,0.000607993694808271,0.0110006152629733
"ENSG00000106341.11",-0.217441596546097,0.00451389081701953,0.0416633139299143
"ENSG00000106400.12",-0.24812344796222,0.00114320752297947,0.016835304757245
"ENSG00000106459.15",-0.296422818609545,9.10757456749322e-05,0.00305627102692246
"ENSG00000106571.15",-0.340294212362021,5.98735176181274e-06,0.000484384384730347
"ENSG00000106615.10",-0.212760331122469,0.00548248847098002,0.0479585587563035
"ENSG00000106635.8",-0.232295486353642,0.00237276074327689,0.0273232040559183
"ENSG00000106689.11",-0.307251870334751,4.83711423662699e-05,0.00195043195163548
"ENSG00000107185.10",-0.315576861779905,2.92338265324013e-05,0.00137778644787123
"ENSG00000107282.8",-0.315747059436677,2.89298494604871e-05,0.00136599436030623
"ENSG00000107758.16",-0.273945872133826,0.000313284374742943,0.00711203125254242
"ENSG00000107815.10",-0.226336120106133,0.00308609235696517,0.032368316654103
"ENSG00000108091.11",-0.244867701414917,0.00133361566475591,0.018717037973367
"ENSG00000108106.14",-0.249698637267215,0.00106032826638936,0.0159949637476775
"ENSG00000108175.19",-0.269528414609673,0.000394591733427764,0.00833234730196633
"ENSG00000108352.13",-0.284222603102678,0.000180389428250868,0.00490195065163585
"ENSG00000108384.15",-0.220013786265457,0.00404980111760216,0.0387338470596565
"ENSG00000108439.11",-0.219313426053574,0.00417171125023104,0.039351645335915
"ENSG00000108509.21",-0.228519810400373,0.002804840782432,0.030527579432785
"ENSG00000108861.9",-0.334204811725003,8.963219746544e-06,0.000602361564077929
"ENSG00000109062.12",-0.218003339556672,0.00440864619769902,0.0409031553543273
"ENSG00000109107.14",-0.213189550687374,0.00538651224184734,0.0472981577876419
"ENSG00000109255.11",-0.266743225950411,0.000455473109211877,0.00918284396294389
"ENSG00000109911.19",-0.300254757369886,7.30117627491884e-05,0.00259354961073365
"ENSG00000110025.13",-0.300233760900627,7.31008747504346e-05,0.00259354961073365
"ENSG00000110076.20",-0.240097047183644,0.00166530727831021,0.0217948484239641
"ENSG00000110274.16",-0.264685148514909,0.000505919434011289,0.00979870294739614
"ENSG00000110321.19",-0.290389940533961,0.000128187894990821,0.00389134031709056
"ENSG00000110400.11",-0.220149475790517,0.0040265559318319,0.0386102497955457
"ENSG00000110436.13",-0.254000980616719,0.000861224540639151,0.01383787919409
"ENSG00000110442.12",-0.28844684245659,0.000142875781773792,0.00418142106497655
"ENSG00000110925.7",-0.246115761673333,0.00125743744791738,0.0180135266171385
"ENSG00000111012.10",-0.252898280473696,0.000908685906927569,0.0143668507463068
"ENSG00000111206.13",-0.233725532571361,0.00222555051332082,0.0261860396896197
"ENSG00000111412.6",-0.351516484712761,2.78284674994868e-06,0.00029955375129029
"ENSG00000111445.14",-0.220727560978421,0.0039288624368044,0.0380559719735463
"ENSG00000111640.15",-0.221953613435119,0.00372869236420534,0.0367274029189252
"ENSG00000111652.10",-0.298903309709867,7.89600095013276e-05,0.00273272632338178
"ENSG00000111665.12",-0.223157745259152,0.00354109073306787,0.0354709494842757
"ENSG00000111667.14",-0.257496732140753,0.000725413580975898,0.0123344586328854
"ENSG00000111696.12",-0.26754207837381,0.000437177484312708,0.00891301736275741
"ENSG00000111726.13",-0.216497111875739,0.00469593671913823,0.0429122529566222
"ENSG00000111850.11",-0.237152395566123,0.00190593866202151,0.0238153270198388
"ENSG00000111877.18",-0.244621645234086,0.00134912329009064,0.0188710915101099
"ENSG00000111981.5",-0.250112491845204,0.00103948643972033,0.0158025577667358
"ENSG00000112029.10",-0.33629341808076,7.81230330901695e-06,0.00056701697416845
"ENSG00000112081.17",-0.262451517035743,0.000566476036277061,0.0104951447736865
"ENSG00000112118.20",-0.355265487621651,2.14016486072778e-06,0.000250640110256132
"ENSG00000112210.12",-0.237385255569935,0.00188581630273566,0.0236686717086926
"ENSG00000112273.7",-0.229434707414054,0.00269406320716803,0.0296650574996487
"ENSG00000112280.18",-0.303792255370357,5.93692479553292e-05,0.00225098060568542
"ENSG00000112309.11",-0.245273660000817,0.00130838611672871,0.0184547098963128
"ENSG00000112333.12",-0.406279371058461,4.23681597632337e-08,2.11034973032436e-05
"ENSG00000112619.8",-0.227882928403815,0.00288437201665162,0.0310210424805254
"ENSG00000112640.16",-0.311313079195473,3.79064048642544e-05,0.00165169194299598
"ENSG00000112658.8",-0.291000659146269,0.000123870983804479,0.00377754453971809
"ENSG00000112742.10",-0.321881937933391,1.9763755142261e-05,0.00105032923527362
"ENSG00000112877.8",-0.27288306379331,0.000331285963538957,0.0074146760632424
"ENSG00000113068.10",-0.240322180201807,0.0016481015910758,0.0216253743378608
"ENSG00000113319.13",-0.250595653287249,0.00101562994105535,0.0155609453514047
"ENSG00000113552.16",-0.21710373635176,0.0045782711560595,0.04218419375313
"ENSG00000113657.13",-0.215085990014524,0.00498020848235635,0.0445768364324814
"ENSG00000113810.16",-0.234969400922677,0.00210430402186177,0.0253104332705277
"ENSG00000114405.11",-0.280343012412797,0.000222743047862949,0.00566968100687625
"ENSG00000114491.14",-0.265776579935017,0.000478557655893944,0.00949750010365145
"ENSG00000114646.10",-0.242422174161015,0.00149524574877921,0.020268798162347
"ENSG00000114805.18",-0.253691120911007,0.000874325729616753,0.0140117748065991
"ENSG00000114999.8",-0.28135615429415,0.000210869359974692,0.00542177565934928
"ENSG00000115041.13",-0.278222017803029,0.000249641334592849,0.00610284424109027
"ENSG00000115155.19",-0.252181603270418,0.000940807950568919,0.0146892098145681
"ENSG00000115159.16",-0.241456569567617,0.00156384703128218,0.0209417006513765
"ENSG00000115194.11",-0.294861205683624,9.95736447673616e-05,0.00325124588435127
"ENSG00000115361.8",-0.221434049793524,0.00381236888645341,0.037363274237105
"ENSG00000115365.12",-0.23493644149714,0.00210743773521057,0.0253121705851319
"ENSG00000115468.13",-0.211465202794936,0.0057814262572252,0.0493997885006027
"ENSG00000115507.10",-0.317794571673322,2.54987500947471e-05,0.00124566297818627
"ENSG00000115568.16",-0.230296347198412,0.00259337265949254,0.0289831625473239
"ENSG00000115616.3",-0.291307971968326,0.000121750446697983,0.00373079203554749
"ENSG00000115738.10",-0.212092091183866,0.00563495763902237,0.0486721621571184
"ENSG00000115828.17",-0.217433688715698,0.00451538834198166,0.0416633139299143
"ENSG00000115998.8",-0.214601211564112,0.00508136910560194,0.0451967855005624
"ENSG00000116096.6",-0.225662411135689,0.00317787005713546,0.0330173550353423
"ENSG00000116329.12",-0.27632035498298,0.00027629480253733,0.00647483105983007
"ENSG00000116337.20",-0.232396745098246,0.00236205347873126,0.0272338597463418
"ENSG00000116521.11",-0.227220867646687,0.00296920478584711,0.0316323532180377
"ENSG00000116584.22",-0.327566781502555,1.37813776744775e-05,0.000827632002517144
"ENSG00000116604.19",-0.234792401897896,0.0021211825473179,0.0253976227327389
"ENSG00000116698.22",-0.221986423637492,0.00372346419094829,0.0367274029189252
"ENSG00000116852.15",-0.29957957102475,7.59289603190099e-05,0.00266044603997767
"ENSG00000117020.19",-0.293148657602115,0.00010974271086158,0.00347172364136578
"ENSG00000117114.21",-0.263454358578604,0.000538504699047825,0.0101405744031964
"ENSG00000117419.16",-0.264240530128742,0.000517474558033777,0.0099210612813072
"ENSG00000117682.17",-0.32394526475986,1.73540945921268e-05,0.000962545993283399
"ENSG00000117906.14",-0.262438906773506,0.00056683614649836,0.0104951447736865
"ENSG00000118160.14",-0.233577160744432,0.00224042884159495,0.0262880433547513
"ENSG00000118322.14",-0.404945648342309,4.73520847037755e-08,2.26959435420756e-05
"ENSG00000118407.15",-0.302829345029452,6.28243809704141e-05,0.0023538757371555
"ENSG00000118495.21",-0.247286827826177,0.00118960056542487,0.0172978953425804
"ENSG00000118900.15",-0.239203258459373,0.00173524238434528,0.0223396415438807
"ENSG00000118971.9",-0.226932583187072,0.00300684395393801,0.0318475146251852
"ENSG00000119185.13",-0.323395633956751,1.79673508199751e-05,0.000981558307268446
"ENSG00000119402.18",-0.238466657832283,0.00179487846264297,0.0228090533199197
"ENSG00000119403.15",-0.259183033078861,0.000667214198916496,0.0116971996515361
"ENSG00000119446.14",-0.219522186529612,0.00413503210857918,0.0391568015854756
"ENSG00000119522.17",-0.215065874662846,0.00498436987423255,0.0445768364324814
"ENSG00000119574.13",-0.289869155832248,0.000131979678158338,0.00398653955321791
"ENSG00000119682.18",-0.288806811009649,0.000140041439366931,0.00413179173546824
"ENSG00000119969.15",-0.239445051880016,0.00171606369905849,0.0222187391168109
"ENSG00000120055.7",-0.226728350414169,0.00303376956862648,0.0320178015587114
"ENSG00000120162.10",-0.232389217331725,0.00236284796602516,0.0272338597463418
"ENSG00000120334.16",-0.332366262519341,1.01075317523185e-05,0.000663466741871182
"ENSG00000121067.19",-0.235938275155023,0.00201405647530931,0.024704527591638
"ENSG00000121152.10",-0.240271364002528,0.00165197096931546,0.021653776333086
"ENSG00000121380.12",-0.222949803106226,0.00357286708835382,0.0356907363922344
"ENSG00000121753.13",-0.236368773073903,0.00197509819784368,0.0243796985033154
"ENSG00000121988.18",-0.274258622559535,0.000308162511759785,0.00702715645083826
"ENSG00000122203.15",-0.230276536114957,0.00259564893484639,0.0289831625473239
"ENSG00000122543.11",-0.233555655135924,0.00224259284436394,0.0262975075249245
"ENSG00000122545.21",-0.212263884098377,0.00559540270743236,0.0484302073522749
"ENSG00000122547.11",-0.326500589080189,1.47535968514274e-05,0.00086356133828758
"ENSG00000122574.12",-0.356958389183268,1.89876346622258e-06,0.000235289211377815
"ENSG00000122585.8",-0.236444765492956,0.00196829281276841,0.0243134464645026
"ENSG00000122692.9",-0.21859885775571,0.00429948520109618,0.0401248429696717
"ENSG00000122728.6",-0.214432022171736,0.00511710544909649,0.045466886926687
"ENSG00000122733.12",-0.277502405455551,0.000259432989936741,0.0062349822548373
"ENSG00000122756.15",-0.322910718592129,1.85253338991476e-05,0.00100555354068386
"ENSG00000122952.17",-0.309857597523838,4.13841671618651e-05,0.00174631561198149
"ENSG00000122966.17",-0.22325153171592,0.00352684245819549,0.0353797131282603
"ENSG00000123080.12",-0.324035391370172,1.72554408043619e-05,0.000959168408650339
"ENSG00000123159.16",-0.217426133375392,0.00451681953166885,0.0416633139299143
"ENSG00000123307.4",-0.22090986206863,0.00389849992010306,0.0378568782379121
"ENSG00000123416.15",-0.380421379882555,3.36229651336372e-07,8.21273253163257e-05
"ENSG00000123472.13",-0.216542547518167,0.00468703058967124,0.0428915554869665
"ENSG00000123684.13",-0.230566248922309,0.00256254085696427,0.0288291520768217
"ENSG00000123810.9",-0.241795557742877,0.0015394431376186,0.0207461400662734
"ENSG00000123989.15",-0.277130108276953,0.000264637721705669,0.00629456183940929
"ENSG00000124160.12",-0.21961683080832,0.00411849888172951,0.0390964951608262
"ENSG00000124164.16",-0.273673741807127,0.000317805149428124,0.00718256602395251
"ENSG00000124207.17",-0.220450652414367,0.00397538922787347,0.0383068770984801
"ENSG00000124243.19",-0.266262133726986,0.000466830228781915,0.00933075964498062
"ENSG00000124444.16",-0.257980522882633,0.000708255743488574,0.012132043595307
"ENSG00000124507.11",-0.2394848327562,0.00171292691148174,0.0222120889904903
"ENSG00000124608.5",-0.353299572469408,2.45714565299512e-06,0.000273766978171207
"ENSG00000124610.5",-0.213579854029236,0.00530054595135804,0.0467209468432854
"ENSG00000124659.7",-0.254594643056673,0.000836626469159915,0.0135540957883095
"ENSG00000124785.9",-0.308548161891832,4.47672722955768e-05,0.00184314913796522
"ENSG00000125247.16",-0.311558158343749,3.73485658492116e-05,0.00164067386263757
"ENSG00000125266.8",-0.313415743988791,3.33647249393611e-05,0.00151080946102423
"ENSG00000125285.6",-0.354681878790517,2.22995537800441e-06,0.000256323784920571
"ENSG00000125398.8",-0.285948343534,0.000164073577038432,0.00461057641317177
"ENSG00000125449.7",-0.275429653680612,0.000289666906115683,0.00674464566091356
"ENSG00000125520.14",-0.236774838796412,0.00193898045090248,0.0241096037172176
"ENSG00000125533.6",-0.278360475143816,0.000247797222033148,0.00606434762168406
"ENSG00000125534.10",-0.277829195547061,0.000254942995363563,0.00617380067799867
"ENSG00000125648.15",-0.262755305066214,0.000557864335938746,0.0104125111872535
"ENSG00000125741.6",-0.271082887971712,0.000363980295774406,0.00782382099697104
"ENSG00000125744.12",-0.224274550425687,0.00337474644848147,0.0343635194770192
"ENSG00000125779.24",-0.255197354049725,0.000812315557744911,0.0133302662231227
"ENSG00000125841.13",-0.224676610934409,0.00331660900362149,0.0340273903550068
"ENSG00000125843.11",-0.32819639077508,1.32360365723092e-05,0.000806319033684341
"ENSG00000125851.10",-0.256322038037079,0.000768679241264967,0.0128778343474748
"ENSG00000125863.20",-0.239332782925886,0.00172494454695084,0.0222624117621618
"ENSG00000125869.10",-0.273217789169356,0.000325515544650654,0.00730798218977251
"ENSG00000125885.13",-0.274002274065186,0.000312354891361811,0.00710362695189265
"ENSG00000125967.17",-0.223556326136214,0.0034808935893491,0.035103271079887
"ENSG00000126214.22",-0.234779524083384,0.00212241535635399,0.0253976227327389
"ENSG00000126243.9",-0.235820998153838,0.00202478999763208,0.0247644392440288
"ENSG00000126583.12",-0.322089816848503,1.95073837766398e-05,0.00104106317243273
"ENSG00000126861.5",-0.36821484653227,8.41740929007932e-07,0.000139756502088814
"ENSG00000126878.13",-0.288691212333102,0.000140945875580578,0.00415365206191812
"ENSG00000127124.16",-0.312751612730153,3.47407177977932e-05,0.00155646993689125
"ENSG00000127191.18",-0.246417034016131,0.00123965534642284,0.0178318033777913
"ENSG00000127334.11",-0.218988094077771,0.00422945530470679,0.039748743287261
"ENSG00000127445.14",-0.25205556375587,0.000946563769879431,0.014769999659857
"ENSG00000127554.13",-0.326939409545511,1.43458565776548e-05,0.000849482038792927
"ENSG00000127564.17",-0.24555408224742,0.00129121412950751,0.0183001477500861
"ENSG00000127946.17",-0.343782608855416,4.73342058987124e-06,0.00040992282362804
"ENSG00000128045.7",-0.218611067233872,0.00429727278640466,0.0401231567729942
"ENSG00000128185.10",-0.222167980359173,0.00369465305089261,0.0365053564573415
"ENSG00000128203.7",-0.356539857768728,1.95590930549385e-06,0.000238663218031835
"ENSG00000128245.15",-0.234862838150038,0.00211445110398031,0.0253484669157206
"ENSG00000128272.18",-0.256193133140078,0.00077356881458234,0.0129392722927369
"ENSG00000128482.16",-0.307066787556821,4.89073990963882e-05,0.00196581433424929
"ENSG00000128564.8",-0.223776630262147,0.00344801882685639,0.0348686394341692
"ENSG00000128594.8",-0.215937940895632,0.00480679319809814,0.0435412020372672
"ENSG00000128739.23",-0.227491551700688,0.00293425190876436,0.0313583513833997
"ENSG00000128928.10",-0.241652957345119,0.00154966633076052,0.0208286633864071
"ENSG00000128965.13",-0.27090604669044,0.000367348341481901,0.00788154553941279
"ENSG00000128989.11",-0.255114917544776,0.000815601918907428,0.0133583078955547
"ENSG00000129038.16",-0.321288901803232,2.05127160110887e-05,0.00106561252521408
"ENSG00000129116.19",-0.281370405920006,0.000210706617440648,0.00542177565934928
"ENSG00000129173.13",-0.21562777760978,0.00486929020904043,0.0438788858390401
"ENSG00000129195.16",-0.261552629558323,0.000592681198613157,0.0107927458697993
"ENSG00000129255.16",-0.283113178571449,0.000191663593769386,0.00510359567350493
"ENSG00000129596.5",-0.253236047700048,0.00089389886712349,0.0142278903017156
"ENSG00000129625.13",-0.289827902535696,0.00013228447288312,0.00399100055184073
"ENSG00000129691.16",-0.225830565122467,0.00315473487383218,0.0328306964358701
"ENSG00000130005.13",-0.309122063936478,4.32537166741898e-05,0.00180422687138661
"ENSG00000130204.13",-0.241174998740711,0.00158438523895867,0.021138728059489
"ENSG00000130222.11",-0.320909997846666,2.10051791670571e-05,0.00108234191963641
"ENSG00000130294.18",-0.368467856489004,8.26194332616833e-07,0.000138077727838588
"ENSG00000130311.11",-0.315090262955444,3.01195847647996e-05,0.00140679442590955
"ENSG00000130338.13",-0.281777927112825,0.000206102203181223,0.00538643443149445
"ENSG00000130382.9",-0.282804862791147,0.000194911330257709,0.00516301618616954
"ENSG00000130520.11",-0.23898340448391,0.00175285018703648,0.022477361585708
"ENSG00000130558.20",-0.24072485156846,0.00161773133350679,0.0214260839755334
"ENSG00000130584.12",-0.234458017169379,0.00215340542727743,0.0256219944117698
"ENSG00000130638.17",-0.245433151121554,0.00129859405046833,0.018360136880157
"ENSG00000130725.8",-0.217671166371613,0.004470610523044,0.0413572174497039
"ENSG00000130731.16",-0.248187972100898,0.00113969922820522,0.0168128800778729
"ENSG00000130749.10",-0.243215660187526,0.00144094151464884,0.0198157479836811
"ENSG00000131043.13",-0.269211478359172,0.000401118495310803,0.00844209870454046
"ENSG00000131242.18",-0.286036304555473,0.00016327999383211,0.00459979351444798
"ENSG00000131374.15",-0.390560555603345,1.52416350286381e-07,4.68772852001765e-05
"ENSG00000131507.11",-0.322416656959767,1.91106379402861e-05,0.0010283830659503
"ENSG00000131943.20",-0.229282708366649,0.00271218865037766,0.0298129503615507
"ENSG00000132254.13",-0.226710785669527,0.00303609541412147,0.0320290414472292
"ENSG00000132434.10",-0.285009913199238,0.000172766874246642,0.00475492622588023
"ENSG00000132535.22",-0.302761039726159,6.30765058789483e-05,0.00235637129241607
"ENSG00000132589.16",-0.308420889952189,4.51096042403919e-05,0.00185423831151889
"ENSG00000132604.11",-0.220504917373308,0.00396623264017714,0.0382659353431143
"ENSG00000132646.11",-0.223985190911626,0.00341715480632589,0.0346637966326268
"ENSG00000132670.21",-0.253501901415346,0.000882415918025004,0.0140892593121239
"ENSG00000132681.17",-0.213712337786591,0.00527164612155943,0.0465307944496088
"ENSG00000132692.19",-0.240435703414039,0.00163948724989879,0.0215680448519829
"ENSG00000132718.9",-0.283608296428798,0.000186553388040964,0.00502091923929465
"ENSG00000132740.10",-0.233634959543092,0.00223462222776782,0.026256294381122
"ENSG00000132768.14",-0.219518705114512,0.00413564140667759,0.0391568015854756
"ENSG00000132793.12",-0.228592520349227,0.00279588843947947,0.030508571317911
"ENSG00000132825.7",-0.279953381592433,0.000227472750249071,0.00576120665461331
"ENSG00000132964.12",-0.285420688886336,0.000168910058776912,0.00469973654975846
"ENSG00000132970.14",-0.311820829863954,3.67592629260113e-05,0.00162117284046782
"ENSG00000133056.14",-0.211863436576356,0.00568799256469872,0.0489803644478107
"ENSG00000133119.13",-0.268158015603057,0.000423537841887225,0.0087330615239133
"ENSG00000133216.17",-0.345797585180218,4.12725585817006e-06,0.000374041444602568
"ENSG00000133250.14",-0.289223302453253,0.000136827559982314,0.00406529883769676
"ENSG00000133318.14",-0.237687407652199,0.00185999441290067,0.0234372212653351
"ENSG00000133519.13",-0.289074459927326,0.000137968121454561,0.00408658920979644
"ENSG00000133612.19",-0.216873099750688,0.00462269177756119,0.0424395515812747
"ENSG00000133678.14",-0.215978940357884,0.00479858597693147,0.0435174217038945
"ENSG00000133895.18",-0.211325048624362,0.00581463405718284,0.0496334505895886
"ENSG00000133985.3",-0.2624149807608,0.000567519980407412,0.0105001529951125
"ENSG00000134072.11",-0.23883405860297,0.00176490377758469,0.0225863227516292
"ENSG00000134247.10",-0.231307345750344,0.0024795835402696,0.0282181710454715
"ENSG00000134250.21",-0.363867718628743,1.15667756509087e-06,0.000164151285955327
"ENSG00000134287.10",-0.292881879046352,0.000111411616009566,0.00350270950679579
"ENSG00000134308.14",-0.219496770059303,0.00413948221627533,0.0391639727150995
"ENSG00000134363.12",-0.238375928918227,0.00180235169341481,0.0228582826099933
"ENSG00000134569.10",-0.385051394141224,2.35052698596742e-07,6.35217415154579e-05
"ENSG00000134697.13",-0.221420889660439,0.00381451013029794,0.0373698422059231
"ENSG00000134717.18",-0.254702250464306,0.000832237567253918,0.0135079204768648
"ENSG00000134775.16",-0.32275610257796,1.8706659854042e-05,0.00101323087478087
"ENSG00000134779.15",-0.229595342874785,0.00267502717529842,0.0295450936235243
"ENSG00000134780.10",-0.379770010755806,3.53440707147138e-07,8.46911835035292e-05
"ENSG00000134909.19",-0.218198551793848,0.0043725917846314,0.0406577412536572
"ENSG00000135018.14",-0.239396711744363,0.00171988244377758,0.0222244877457313
"ENSG00000135040.16",-0.228652888393398,0.00278847533862605,0.0304538430899043
"ENSG00000135083.17",-0.299615268847895,7.57720297258977e-05,0.00265861446288257
"ENSG00000135298.15",-0.254907261353591,0.000823934462867093,0.013421086416093
"ENSG00000135316.19",-0.271799554470759,0.000350621788576975,0.00766509922136049
"ENSG00000135324.6",-0.214668568423438,0.00506720425723425,0.0450865813472931
"ENSG00000135334.9",-0.343677217374828,4.76734470281061e-06,0.000410524940628807
"ENSG00000135392.19",-0.279286751373826,0.000235782159314631,0.00588366816608014
"ENSG00000135447.17",-0.325823575690305,1.5404202591858e-05,0.000881335491984161
"ENSG00000135451.13",-0.278479133907492,0.00024622689037852,0.00604563170146625
"ENSG00000135457.11",-0.362820842582455,1.24782058513206e-06,0.000176102146245054
"ENSG00000135469.14",-0.25133062576404,0.000980301710627082,0.0151752616423277
"ENSG00000135476.12",-0.236817560173611,0.00193521572439532,0.0240863718994681
"ENSG00000135519.8",-0.355798291768006,2.06120446564613e-06,0.000246984797362305
"ENSG00000135624.17",-0.220212823429463,0.0040157449031167,0.0385678517103492
"ENSG00000135625.8",-0.283926747526565,0.000183333966474088,0.00495977928683841
"ENSG00000135638.14",-0.302791290194365,6.29647300882498e-05,0.00235565985041503
"ENSG00000135643.5",-0.323796702683451,1.75178759868677e-05,0.000963627424013528
"ENSG00000135956.9",-0.258037696011093,0.000706252955968283,0.0121059000273025
"ENSG00000136114.17",-0.320045788471756,2.21704471842754e-05,0.00112639173964429
"ENSG00000136159.4",-0.256940956331896,0.000745596238435768,0.0125750530988062
"ENSG00000136161.13",-0.291700350328901,0.000119092218946622,0.00366305396311852
"ENSG00000136193.17",-0.447311965447168,1.08047016482497e-09,1.6145402115911e-06
"ENSG00000136295.15",-0.232990159064754,0.00230018140971695,0.0267054425736013
"ENSG00000136383.7",-0.214826409406839,0.00503414947191886,0.0449025628634673
"ENSG00000136425.14",-0.268591805191489,0.000414169266378616,0.00862754330192021
"ENSG00000136490.9",-0.297183433522045,8.71871141662689e-05,0.00293741944451688
"ENSG00000136492.10",-0.298557914952982,8.05514717336576e-05,0.00276146968481796
"ENSG00000136527.19",-0.29209921296043,0.000116445718279512,0.00362342933109722
"ENSG00000136718.10",-0.227260979278768,0.00296400160548153,0.0315965307528524
"ENSG00000136856.18",-0.23094466161643,0.0025198727290104,0.0285259923952991
"ENSG00000136875.13",-0.348891326368635,3.33794785515875e-06,0.000334187604469035
"ENSG00000136943.12",-0.230540657276781,0.00256544995801876,0.0288400239024465
"ENSG00000137033.12",-0.243928532186547,0.00139369696248332,0.0193253733285829
"ENSG00000137073.24",-0.220110977271741,0.00403313894671031,0.0386230157636983
"ENSG00000137075.18",-0.22111325477612,0.00386487396897868,0.0376888266541134
"ENSG00000137094.16",-0.257159617539965,0.000737594813128559,0.0124830919639606
"ENSG00000137103.20",-0.238768352082913,0.00177023078030716,0.0226245323751047
"ENSG00000137124.8",-0.25790904031731,0.000710767150361935,0.01215048312291
"ENSG00000137166.17",-0.250650085091127,0.0010129740387676,0.0155296194971717
"ENSG00000137413.17",-0.269658362981626,0.000391944203780117,0.00831683318139826
"ENSG00000137807.16",-0.287885160485097,0.000147405528729544,0.00427947731007612
"ENSG00000137814.12",-0.235800610258934,0.00202666125379271,0.0247753974158307
"ENSG00000137825.11",-0.215932811910192,0.00480782079732844,0.0435412020372672
"ENSG00000137843.12",-0.268421423800593,0.000417825891345609,0.00867634009593558
"ENSG00000138092.11",-0.236828975217285,0.00193421092562156,0.0240863718994681
"ENSG00000138100.14",-0.284923195026824,0.00017359150300174,0.00477245124540389
"ENSG00000138193.17",-0.316773101898432,2.71594689504786e-05,0.00130668937452464
"ENSG00000138386.17",-0.241972106029465,0.00152687146840209,0.0206050264653293
"ENSG00000138430.16",-0.24904400252631,0.0010940793096484,0.0163630430094985
"ENSG00000138629.16",-0.250307844595328,0.0010297795256573,0.0156925550631509
"ENSG00000138670.19",-0.267241482519463,0.000443980555881857,0.00900114769438693
"ENSG00000138764.15",-0.224296412349259,0.00337156175505488,0.034355308168335
"ENSG00000138771.16",-0.3907289604548,1.50392572409027e-07,4.68772852001765e-05
"ENSG00000138778.14",-0.231703362448494,0.00243625933135019,0.0278776107181481
"ENSG00000138798.13",-0.229605142435981,0.00267386983470304,0.0295450936235243
"ENSG00000139155.9",-0.254167800650567,0.000854246153773555,0.0137633456728233
"ENSG00000139180.11",-0.247414913248375,0.00118238787634839,0.0172324723022823
"ENSG00000139200.14",-0.24067131329645,0.00162173965662598,0.0214517948423133
"ENSG00000139352.4",-0.298849455835881,7.92061962240796e-05,0.00273751701044938
"ENSG00000139364.11",-0.43020458895348,5.29504306100525e-09,4.38895725174617e-06
"ENSG00000139372.15",-0.334995225945371,8.50996577681795e-06,0.00058585002880354
"ENSG00000139405.16",-0.215005078394272,0.00499696613552953,0.0446492897435303
"ENSG00000139445.18",-0.220107979444483,0.00403365196319692,0.0386230157636983
"ENSG00000139546.11",-0.29270148250242,0.000112553548499384,0.00353423707358448
"ENSG00000139579.13",-0.249673872260474,0.00106158750494801,0.0160044554232608
"ENSG00000139722.7",-0.261574665102072,0.000592025647887504,0.0107927458697993
"ENSG00000139880.21",-0.386056111839212,2.1732552038435e-07,6.06672548826773e-05
"ENSG00000139890.10",-0.30154641241999,6.77214719592276e-05,0.00245410635118439
"ENSG00000139921.13",-0.285380745403394,0.000169281539307522,0.00469973654975846
"ENSG00000139970.18",-0.386652157757715,2.07421721329874e-07,5.96659730104741e-05
"ENSG00000139998.16",-0.354479376331565,2.26194044811665e-06,0.000258829158574357
"ENSG00000140022.14",-0.267882559887752,0.000429588263010281,0.00880990973164183
"ENSG00000140044.13",-0.277047669367651,0.000265803263477634,0.00630457544549238
"ENSG00000140319.11",-0.235125655859066,0.0020895051803414,0.0252147187926637
"ENSG00000140451.13",-0.288621292716895,0.00014149556481265,0.00416501950513992
"ENSG00000140522.12",-0.326356621897394,1.4889735950976e-05,0.000865546824628473
"ENSG00000140534.14",-0.232485390792238,0.00235271594757226,0.0271787372515589
"ENSG00000140545.16",-0.328218133448199,1.32175733952906e-05,0.000806319033684341
"ENSG00000140548.10",-0.229403335757214,0.00269779517748486,0.0296804204823074
"ENSG00000140632.17",-0.318108876525922,2.50073209400471e-05,0.00122400958350677
"ENSG00000140691.18",-0.286095496316968,0.000162747982531254,0.00459979351444798
"ENSG00000140798.17",-0.220444029404809,0.00397650808600134,0.0383068770984801
"ENSG00000140988.16",-0.268363342299605,0.00041907921496331,0.00867634009593558
"ENSG00000140990.15",-0.241006632086321,0.00159678342425689,0.0212483443302241
"ENSG00000141076.18",-0.304713774491221,5.62303028392258e-05,0.00216096737607192
"ENSG00000141425.18",-0.228749907991251,0.00277659874674218,0.030363296583509
"ENSG00000141522.12",-0.281038846992776,0.000214523199963344,0.00548794848808542
"ENSG00000141582.15",-0.217628794371387,0.00447857067185225,0.0413856423343262
"ENSG00000141698.17",-0.260523035304395,0.000624068415084023,0.0111708205365751
"ENSG00000141741.12",-0.255300897033834,0.000808205030697515,0.0132971712401613
"ENSG00000141759.15",-0.309515477602718,4.22440981495926e-05,0.0017739362520686
"ENSG00000141934.10",-0.265245091363083,0.000491706314605934,0.0096702931881872
"ENSG00000142185.18",-0.250914863371263,0.00100014529169373,0.0154166813379223
"ENSG00000142408.7",-0.219574671153614,0.00412585631446241,0.0391078835657793
"ENSG00000142546.14",-0.296283704317142,9.1804295811303e-05,0.00307260148418252
"ENSG00000142611.17",-0.382776459945967,2.80449294655137e-07,7.26964635931066e-05
"ENSG00000142634.13",-0.307465869462616,4.77579907170141e-05,0.00193032342963389
"ENSG00000142700.12",-0.240394183030443,0.00164263311589058,0.0215982448462569
"ENSG00000143126.8",-0.369238034390204,7.80538471795755e-07,0.000133073951671326
"ENSG00000143155.13",-0.252305415187493,0.000935185158573634,0.0146482529292818
"ENSG00000143318.13",-0.411094447616242,2.82421923551273e-08,1.59430313866066e-05
"ENSG00000143363.17",-0.278156427967691,0.000250519370431466,0.00610743144632487
"ENSG00000143368.10",-0.231398010769773,0.00246960359213266,0.0281450605881319
"ENSG00000143376.14",-0.22554340749533,0.00319433545255361,0.0331104047171899
"ENSG00000143390.18",-0.296207316335772,9.22066607002036e-05,0.003079828154504
"ENSG00000143401.15",-0.226784080774494,0.00302640065898315,0.0319931984769658
"ENSG00000143436.11",-0.282883039867303,0.000194083013766854,0.00514644133478016
"ENSG00000143476.18",-0.248838168702505,0.00110489321913986,0.0164909532584077
"ENSG00000143793.13",-0.216692311696941,0.00465778155486314,0.0426999728755642
"ENSG00000143889.16",-0.229016939479934,0.00274414631392569,0.0300601762883373
"ENSG00000144040.13",-0.264368735643877,0.000514117878507961,0.0098940427785892
"ENSG00000144043.12",-0.215202652563275,0.00495613508388404,0.0444289934419812
"ENSG00000144057.16",-0.267758424858946,0.00043234095975644,0.00883568576081483
"ENSG00000144119.4",-0.273209584763174,0.000325655861072412,0.00730798218977251
"ENSG00000144231.11",-0.248649829890531,0.00111487371154651,0.0165744479799533
"ENSG00000144354.15",-0.285895765609192,0.000164549650056791,0.00461374697615084
"ENSG00000144369.14",-0.321328898936133,2.04613720293933e-05,0.00106561252521408
"ENSG00000144395.18",-0.237539747812358,0.00187257292228326,0.0235598494236435
"ENSG00000144407.10",-0.318441681810661,2.44967045971933e-05,0.00121176586416371
"ENSG00000144554.13",-0.28155300693393,0.000208631772171152,0.00541026046835601
"ENSG00000144597.14",-0.211147476675767,0.0058569522119599,0.049917646506082
"ENSG00000144749.14",-0.250880842955561,0.00100178522484262,0.0154325955528666
"ENSG00000144840.10",-0.284581471564434,0.000176876892636256,0.00482621235621785
"ENSG00000144893.13",-0.330115139822915,1.16971813504251e-05,0.000741006229039524
"ENSG00000145293.17",-0.228071637499417,0.00286059672204282,0.0308991828026188
"ENSG00000145349.18",-0.212402030824599,0.00556377501632224,0.0483530070773247
"ENSG00000145391.14",-0.263116552772186,0.000547781118826042,0.0102620086737006
"ENSG00000145495.16",-0.213979199015382,0.00521386120000718,0.0461823874526054
"ENSG00000145681.11",-0.305867740841089,5.25191110820527e-05,0.00207165058822575
"ENSG00000146143.19",-0.227614297989773,0.00291852490535318,0.031263525551678
"ENSG00000146216.13",-0.357135491817087,1.87506381404931e-06,0.000233677010198529
"ENSG00000146250.7",-0.25258952900233,0.000922398855546678,0.0145087914101872
"ENSG00000146263.12",-0.270495481460964,0.000375279440585782,0.00802459901447864
"ENSG00000146267.12",-0.2423021511898,0.00150362060528176,0.0203497465295539
"ENSG00000146410.12",-0.221861070672572,0.00374347432801175,0.0368444317529959
"ENSG00000146540.15",-0.286248908475804,0.000161376638475809,0.00457017920535226
"ENSG00000146592.17",-0.275221933956682,0.000292870616467895,0.00679433084030495
"ENSG00000146670.10",-0.272597178681805,0.000336289365796801,0.00748745992134878
"ENSG00000146701.12",-0.216808115066021,0.00463527747575984,0.0425243603166223
"ENSG00000146826.17",-0.225615876281303,0.00318429949106936,0.0330706295877493
"ENSG00000146834.15",-0.213757468056727,0.00526183372022401,0.0464603274226105
"ENSG00000147419.19",-0.228036019049638,0.00286507063925304,0.0309057578069594
"ENSG00000147457.14",-0.289736548289773,0.000132961772873017,0.00399719280034705
"ENSG00000147471.12",-0.306596330947602,5.02957427633765e-05,0.00200575000536586
"ENSG00000147509.14",-0.274608777987497,0.000302520321053024,0.00693887096438035
"ENSG00000147536.12",-0.324640854599149,1.66062944846527e-05,0.000933295793791221
"ENSG00000147571.5",-0.221207299782727,0.00384941441367009,0.0376102593655621
"ENSG00000147576.17",-0.306998664383597,4.91061807016728e-05,0.0019706861111605
"ENSG00000148057.16",-0.234114201024832,0.00218700029038967,0.0258943068631283
"ENSG00000148123.15",-0.244163165148301,0.00137845938836231,0.0191768914800481
"ENSG00000148204.12",-0.265360573510295,0.000488821298305863,0.00964093745408683
"ENSG00000148291.10",-0.214226644877815,0.00516078780343618,0.0458069505837489
"ENSG00000148341.18",-0.255769229242323,0.0007898506518589,0.0130884384273788
"ENSG00000148400.13",-0.35392764859017,2.35131511549616e-06,0.000264294061411279
"ENSG00000148604.15",-0.275231702833315,0.000292719214727082,0.00679433084030495
"ENSG00000148688.14",-0.289653961573756,0.000133576855757089,0.00400620173175601
"ENSG00000148773.14",-0.213036108761083,0.00542064879518458,0.0475343791334727
"ENSG00000149179.14",-0.233474983877302,0.00225072731633332,0.0263601779699471
"ENSG00000149243.17",-0.258060566149993,0.000705453271160163,0.0121059000273025
"ENSG00000149269.10",-0.334515404965331,8.78245290897505e-06,0.000594935069991182
"ENSG00000149503.13",-0.26956837502537,0.00039377583392562,0.00832775377635979
"ENSG00000149547.15",-0.295977258594131,9.34284566356134e-05,0.00310243540380979
"ENSG00000149554.14",-0.265210629363069,0.000492570300069195,0.00967046526963395
"ENSG00000149600.12",-0.230285758962099,0.00259458901304201,0.0289831625473239
"ENSG00000149636.16",-0.322293736359376,1.92589472480563e-05,0.00103214142814847
"ENSG00000149926.14",-0.226360691602849,0.00308279077810523,0.0323603860066972
"ENSG00000149929.16",-0.267106051087036,0.000447077516949257,0.00904228516167355
"ENSG00000150556.17",-0.248207987321877,0.00113861296999765,0.0168066155007846
"ENSG00000150753.12",-0.218763293475437,0.0042697744372692,0.0399944985361171
"ENSG00000150760.13",-0.297266319913888,8.67728830411478e-05,0.00292820512628164
"ENSG00000150764.14",-0.220726881108448,0.00392897606736809,0.0380559719735463
"ENSG00000151208.17",-0.226611398934142,0.00304928615041968,0.0321148491206929
"ENSG00000151276.24",-0.267521190332025,0.000437647085828648,0.00891543618388544
"ENSG00000151287.17",-0.23029419367014,0.00259362001027104,0.0289831625473239
"ENSG00000151292.18",-0.28166022368281,0.000207422374473341,0.00539871985527282
"ENSG00000151353.15",-0.296460598311718,9.08788274702321e-05,0.00305627102692246
"ENSG00000151640.13",-0.375313346640775,4.95903178998293e-07,0.000103352383797086
"ENSG00000151729.11",-0.220393807991993,0.00398500146505323,0.0383450728093739
"ENSG00000151806.14",-0.215733111853884,0.00484798444589873,0.0437956432713959
"ENSG00000151952.16",-0.393643249858354,1.1919350347589e-07,4.29454550400112e-05
"ENSG00000152082.15",-0.248596809501884,0.00111769824256963,0.0165869875580673
"ENSG00000152092.16",-0.257080901043258,0.000740466120496046,0.0125150105515376
"ENSG00000152133.17",-0.220642549017361,0.00394309393186599,0.0381150742584444
"ENSG00000152217.20",-0.261660339884988,0.000589483199752471,0.0107731235419511
"ENSG00000152284.5",-0.231147055501437,0.00249731699190846,0.028371094517754
"ENSG00000152315.5",-0.268830243162801,0.000409101760378216,0.00856752845745079
"ENSG00000152413.15",-0.281660647531196,0.000207417606467219,0.00539871985527282
"ENSG00000152595.17",-0.298413411264365,8.12261693725697e-05,0.00277710414612569
"ENSG00000152749.8",-0.269373354436367,0.000397772548227091,0.00838557347934671
"ENSG00000153233.13",-0.339479252493405,6.32267999331001e-06,0.000498804471646131
"ENSG00000153266.13",-0.229685575628758,0.00266438769516755,0.0294916952594079
"ENSG00000153395.10",-0.325174949755425,1.60528766648305e-05,0.000908220993132939
"ENSG00000153790.12",-0.21846071561427,0.00432458860023322,0.0402851207230379
"ENSG00000153802.12",-0.235592616406811,0.0020458415435418,0.0249245594565812
"ENSG00000153904.21",-0.261238457035869,0.000602100856912413,0.0109095349986776
"ENSG00000153944.12",-0.247857140745382,0.00115779204502589,0.0169909828537219
"ENSG00000154027.19",-0.348611476831294,3.40297162165844e-06,0.000337678469160114
"ENSG00000154080.14",-0.224301066251645,0.00337088415701058,0.034355308168335
"ENSG00000154144.13",-0.248634174285129,0.00111570704427509,0.0165744479799533
"ENSG00000154146.13",-0.35143124211037,2.79940269637575e-06,0.000300055808844021
"ENSG00000154319.16",-0.305411431899408,5.39582397311894e-05,0.00210877102137139
"ENSG00000154553.16",-0.214003029649554,0.00520872870809985,0.0461679467452409
"ENSG00000154654.15",-0.2321593127417,0.00238722939102789,0.0274277649119319
"ENSG00000154917.11",-0.310509871685295,3.97900650811129e-05,0.00170741051225593
"ENSG00000154978.13",-0.33601818573434,7.95552938624555e-06,0.000567552892199265
"ENSG00000155034.20",-0.358526590551093,1.69846043282612e-06,0.000225118920994084
"ENSG00000155254.13",-0.248774127879839,0.00110827766099126,0.0165239107713889
"ENSG00000155363.19",-0.215615213647055,0.00487183709382069,0.0438862686859316
"ENSG00000155666.12",-0.232669357534614,0.00233344453300113,0.0270052352946824
"ENSG00000155886.12",-0.301279969779106,6.87824129605834e-05,0.00248546178725135
"ENSG00000155980.13",-0.24814857983924,0.00114183988267508,0.0168249179464008
"ENSG00000156017.13",-0.225863657191575,0.00315019991384078,0.0328103847524795
"ENSG00000156097.13",-0.227412045289913,0.00294447961245497,0.0314412003342554
"ENSG00000156110.15",-0.264931668339441,0.000499615851536049,0.00975471351025832
"ENSG00000156170.13",-0.293165076950729,0.000109640762557175,0.00347172364136578
"ENSG00000156381.9",-0.257162543829868,0.00073748826995662,0.0124830919639606
"ENSG00000156466.11",-0.241654530317504,0.00154955322536173,0.0208286633864071
"ENSG00000156475.19",-0.221577136428087,0.00378915747099549,0.0371793968327371
"ENSG00000156787.17",-0.231921075108945,0.00241273512111362,0.0276582627624771
"ENSG00000156802.13",-0.28245539874107,0.000198654442583789,0.00524031028552023
"ENSG00000156853.13",-0.235896193783081,0.00201790191464975,0.0247158931233595
"ENSG00000157014.11",-0.215660290090169,0.00486270503072185,0.0438351488191025
"ENSG00000157168.20",-0.346079959823977,4.04844508642784e-06,0.00037312355520777
"ENSG00000157193.18",-0.340567303495228,5.87880791654006e-06,0.000478651786871369
"ENSG00000157350.13",-0.224544556550756,0.00333560343421162,0.0341395382914093
"ENSG00000157613.11",-0.299260753014947,7.73440793285805e-05,0.00269886215272518
"ENSG00000157833.13",-0.254920766288372,0.000823390184955035,0.013421086416093
"ENSG00000157851.17",-0.364332702367343,1.11826372843127e-06,0.000162025753084832
"ENSG00000157869.16",-0.242922607871135,0.00146078392478649,0.0199460738228122
"ENSG00000157870.17",-0.271196840717938,0.000361825181965144,0.00779596700378334
"ENSG00000157916.20",-0.294051224684091,0.000104268143417686,0.00334555665288524
"ENSG00000158008.10",-0.273547096639103,0.000319929614970514,0.0072241528969742
"ENSG00000158201.10",-0.266054938190008,0.000471801674445048,0.00938541733432071
"ENSG00000158792.16",-0.260090685432919,0.000637699832127746,0.0113203975091133
"ENSG00000158828.8",-0.23862201612309,0.00178214730126102,0.0227268513523763
"ENSG00000158985.14",-0.27797765204561,0.00025292719678415,0.00614146714078019
"ENSG00000159208.16",-0.253373228705152,0.000887956615378769,0.014159752732454
"ENSG00000159335.18",-0.233286385836031,0.00226984919430284,0.0265107949806322
"ENSG00000159363.19",-0.226852340680712,0.00301739708412656,0.0319245889746218
"ENSG00000159409.15",-0.366092298614113,9.83622082442039e-07,0.000154639260078979
"ENSG00000159423.17",-0.215835279199056,0.0048273991352475,0.0436718020771696
"ENSG00000160014.17",-0.378782424335758,3.81152061580081e-07,8.88294111955853e-05
"ENSG00000160094.15",-0.262846983234699,0.000555289301908533,0.0103797013512748
"ENSG00000160209.19",-0.23335206482348,0.00226317335513388,0.0264693336742477
"ENSG00000160226.16",-0.281489024514486,0.000209356613013973,0.00541026046835601
"ENSG00000160360.13",-0.280698370655698,0.000218509301482766,0.00556749426837181
"ENSG00000160404.18",-0.234691843400517,0.00213082645900549,0.0254846443211471
"ENSG00000160408.16",-0.336850029150663,7.53008443919371e-06,0.000560958167181343
"ENSG00000160469.17",-0.213090464615325,0.00540853405781059,0.0474587187117659
"ENSG00000160716.6",-0.244524870480985,0.00135526752978501,0.0189268065195869
"ENSG00000160783.19",-0.254375957145617,0.000845611468176127,0.0136648016069199
"ENSG00000160877.6",-0.281097145111461,0.000213847501797747,0.00547617750823403
"ENSG00000160949.18",-0.259143586218429,0.000668524996041401,0.0117040251374498
"ENSG00000160957.15",-0.221084222809383,0.00386965765635684,0.0377209951820541
"ENSG00000161016.18",-0.230202088039342,0.00260421914299892,0.0290408160182623
"ENSG00000161048.12",-0.373671023583022,5.61108815163788e-07,0.000111492124124738
"ENSG00000161082.13",-0.261368837593373,0.000598175093640468,0.010877195349856
"ENSG00000161202.20",-0.211233545050687,0.00583640654398409,0.049769129048952
"ENSG00000161203.14",-0.234633733088698,0.00213641758835631,0.0255362757629737
"ENSG00000161547.17",-0.23530958436958,0.00207220663281377,0.0250813120919503
"ENSG00000161654.10",-0.266956457659256,0.00045052154124811,0.00910469269079216
"ENSG00000161671.17",-0.294373750660043,0.000102374574410151,0.00331289339330071
"ENSG00000161682.15",-0.233404405720082,0.00225786601430454,0.0264194243949231
"ENSG00000161800.13",-0.251777799665257,0.000959362649880225,0.014952641391913
"ENSG00000161847.14",-0.232682487454184,0.00233207460197485,0.0270016823673505
"ENSG00000161956.13",-0.229147652337827,0.0027283862510775,0.0299391775102038
"ENSG00000162065.14",-0.27494729452571,0.000297156947296697,0.00686243448379818
"ENSG00000162073.14",-0.268583590954329,0.000414344873768557,0.00862754330192021
"ENSG00000162086.16",-0.214731697925739,0.00505396052625207,0.0450318341804214
"ENSG00000162129.15",-0.269648066453735,0.000392153380645424,0.00831683318139826
"ENSG00000162188.6",-0.301922407205447,6.62503904136067e-05,0.002439070532865
"ENSG00000162377.6",-0.277259962094539,0.000262811441848014,0.00627358403736275
"ENSG00000162407.9",-0.277809031668283,0.000255217936851794,0.00617457261890108
"ENSG00000162408.11",-0.218821568640937,0.00425928945977323,0.0399404688618012
"ENSG00000162437.15",-0.234583066251176,0.00214130341281136,0.0255556153422086
"ENSG00000162441.12",-0.212547311984277,0.00553068649521769,0.0481480565586069
"ENSG00000162517.13",-0.351516072248102,2.78292663482693e-06,0.00029955375129029
"ENSG00000162545.6",-0.237235094303635,0.00189877006726397,0.0237959822489919
"ENSG00000162585.17",-0.245508606725719,0.00129398479824582,0.0183227958917718
"ENSG00000162630.6",-0.240665092883423,0.00162220595567783,0.0214517948423133
"ENSG00000162631.20",-0.320332165798319,2.17777147943026e-05,0.00111088210626439
"ENSG00000162650.17",-0.246307371367342,0.00124610119264607,0.0179042469438846
"ENSG00000162734.13",-0.362167566277627,1.30812246454126e-06,0.00018258370860847
"ENSG00000162735.19",-0.219375614288744,0.00416075432836532,0.0392774590128072
"ENSG00000163069.13",-0.321815469539559,1.98463973913057e-05,0.00105032923527362
"ENSG00000163083.6",-0.401273536658474,6.41554402833277e-08,2.8591941219603e-05
"ENSG00000163121.10",-0.225562031068583,0.00319175361216118,0.0331104047171899
"ENSG00000163156.12",-0.298655723048569,8.00977820070273e-05,0.0027496269680061
"ENSG00000163171.8",-0.265696246182795,0.000480523983468588,0.00952509854262842
"ENSG00000163249.13",-0.253021423705584,0.000903269019916875,0.0143142501016521
"ENSG00000163281.12",-0.275457645664231,0.000289237675282517,0.00674082996807503
"ENSG00000163344.6",-0.268193930841134,0.000422754796035246,0.00873108949892955
"ENSG00000163346.17",-0.277245455621563,0.000263014880124053,0.00627358403736275
"ENSG00000163348.4",-0.320830617487156,2.11097536057226e-05,0.00108552848349427
"ENSG00000163406.11",-0.236230149204034,0.0019875676049615,0.0244979038664906
"ENSG00000163444.12",-0.228071756056983,0.00286058184097367,0.0308991828026188
"ENSG00000163793.13",-0.344740056607661,4.43555218022557e-06,0.000389883501848685
"ENSG00000163808.17",-0.233760001592795,0.00222210692134333,0.0261576376843765
"ENSG00000163930.10",-0.314959411907879,3.0362050655841e-05,0.00141261386961599
"ENSG00000163964.18",-0.260936702615422,0.000611278004681524,0.0110364571093993
"ENSG00000164032.12",-0.227827512466291,0.00289138769581647,0.0310701868176081
"ENSG00000164070.12",-0.308723326782534,4.43001106567541e-05,0.00183282689090151
"ENSG00000164087.8",-0.287191406212113,0.000153185347419137,0.00440863654249529
"ENSG00000164106.8",-0.255791316118066,0.000788994587758033,0.013082786888262
"ENSG00000164109.14",-0.262000333207464,0.000579492679422707,0.0106441450002712
"ENSG00000164172.20",-0.273461863484969,0.000321366804210175,0.00724372753092377
"ENSG00000164199.18",-0.279791967807208,0.000229459369384184,0.00577696368728091
"ENSG00000164252.13",-0.238877653371637,0.00176137749681501,0.0225525567296329
"ENSG00000164253.14",-0.242814155369677,0.00146819022321988,0.0200026942642773
"ENSG00000164305.19",-0.270631137587583,0.000372641523084327,0.0079749053166901
"ENSG00000164543.7",-0.251385964491227,0.000977687911824737,0.0151625189402221
"ENSG00000164638.11",-0.22668135912019,0.00303999555912373,0.0320568730545538
"ENSG00000164649.20",-0.222679029814339,0.00361463010214436,0.0359946877635332
"ENSG00000164830.19",-0.228059710508851,0.0028620941280385,0.0308991828026188
"ENSG00000164885.13",-0.216404317061564,0.00471417320219616,0.0430305935520622
"ENSG00000164889.15",-0.258630611704367,0.000685788277951486,0.0119486142831287
"ENSG00000164898.13",-0.294033056274598,0.000104375779736916,0.00334555665288524
"ENSG00000164900.5",-0.234295953563092,0.00216918208506867,0.0257398859092654
"ENSG00000164916.11",-0.264328056042228,0.000515180768058911,0.00989502612414141
"ENSG00000164951.16",-0.215660420835124,0.00486267856536055,0.0438351488191025
"ENSG00000164970.15",-0.392527176949491,1.3032780414336e-07,4.53522905295037e-05
"ENSG00000165023.7",-0.360988689599893,1.42403502228408e-06,0.000195451789478948
"ENSG00000165238.17",-0.242158749941388,0.00151368286695526,0.0204641223359577
"ENSG00000165304.8",-0.243235255031334,0.00143962358053468,0.0198108113847901
"ENSG00000165434.8",-0.247361776317228,0.00118537522552483,0.0172661048474812
"ENSG00000165443.12",-0.223284374074595,0.00352186519777886,0.0353654613464105
"ENSG00000165458.15",-0.226234208669572,0.0030998199443159,0.0324586669602048
"ENSG00000165899.12",-0.249661447359245,0.00106221979638986,0.0160044896131029
"ENSG00000165912.16",-0.301748235532,6.69280723954023e-05,0.00245250202012957
"ENSG00000165948.11",-0.402438383594859,5.82863533470406e-08,2.64401470370513e-05
"ENSG00000166016.6",-0.336050083880436,7.938803602118e-06,0.000567552892199265
"ENSG00000166068.13",-0.263716794635915,0.00053139833957663,0.0100694315661523
"ENSG00000166159.11",-0.298713275346854,7.98319413979698e-05,0.0027496269680061
"ENSG00000166167.18",-0.315804844488004,2.88273227925286e-05,0.00136368804636612
"ENSG00000166188.3",-0.249170656547892,0.00108747357006052,0.0162886160673388
"ENSG00000166206.15",-0.295556748572809,9.57009577054528e-05,0.00316136726734931
"ENSG00000166226.13",-0.222424101303381,0.00365435084901745,0.0363001831298761
"ENSG00000166295.9",-0.215085294683928,0.00498035227789218,0.0445768364324814
"ENSG00000166313.20",-0.348375136642462,3.45882162137237e-06,0.000340559866851636
"ENSG00000166326.7",-0.344180260795963,4.60747356587812e-06,0.000402211859085917
"ENSG00000166337.11",-0.232311467586753,0.00237106794046514,0.0273162081141206
"ENSG00000166407.14",-0.285230307347579,0.00017068748246112,0.00472328335180811
"ENSG00000166847.10",-0.238222208840916,0.00181507813894171,0.0230081985845989
"ENSG00000166902.5",-0.250699323470843,0.00101057702972259,0.0155229095486295
"ENSG00000166913.13",-0.212721296519243,0.00549129228244408,0.0480025113045172
"ENSG00000166963.13",-0.264866093627914,0.000501285493352433,0.00976773663398778
"ENSG00000166974.13",-0.364279879690985,1.12256554512973e-06,0.000162025753084832
"ENSG00000167074.15",-0.245181792808566,0.00131405696823946,0.0185244113008807
"ENSG00000167085.14",-0.249025737565802,0.0010950349610734,0.0163630430094985
"ENSG00000167186.11",-0.268270901088908,0.000421081153746385,0.00870360012092711
"ENSG00000167378.10",-0.250294778396617,0.00103042617083777,0.0156929952145035
"ENSG00000167447.13",-0.273347484387415,0.000323304859189816,0.00726806490088398
"ENSG00000167515.11",-0.290654116715362,0.000126303582739915,0.0038425028890324
"ENSG00000167535.8",-0.264201643735645,0.000518496676323592,0.00993316068525505
"ENSG00000167614.14",-0.321650015184739,2.0053530412316e-05,0.0010546994473376
"ENSG00000167654.18",-0.270703245719721,0.000371246337813603,0.00795174596920654
"ENSG00000167670.16",-0.243603231032684,0.00141507740399084,0.0195790911185073
"ENSG00000167723.15",-0.227027667297698,0.00299438212328758,0.0317869991967716
"ENSG00000167771.6",-0.246422794619911,0.00123931758967494,0.0178318033777913
"ENSG00000167965.18",-0.237175125503985,0.00190396590674868,0.0238153270198388
"ENSG00000167996.16",-0.226750238866899,0.00303087345085069,0.0320164157124469
"ENSG00000168000.16",-0.241112397837974,0.00158898475161528,0.0211778487121107
"ENSG00000168010.11",-0.235307311930436,0.00207241955993401,0.0250813120919503
"ENSG00000168028.14",-0.229210325436615,0.00272085885304213,0.0298694803128043
"ENSG00000168036.18",-0.30945255901554,4.24040639476241e-05,0.00177687301410752
"ENSG00000168101.14",-0.297880602524634,8.37599036060281e-05,0.00285367567757475
"ENSG00000168135.4",-0.307897785783152,4.65426367316467e-05,0.00189171616143043
"ENSG00000168175.15",-0.311400958402438,3.77054826176051e-05,0.00164859272794324
"ENSG00000168243.11",-0.223001899474045,0.00356488202274952,0.0356530307180732
"ENSG00000168246.6",-0.234054598346599,0.00219287235321845,0.0259216083707809
"ENSG00000168275.16",-0.220415333104421,0.00398135916974921,0.0383390701247685
"ENSG00000168280.18",-0.318497328995686,2.44122913548606e-05,0.0012112215572022
"ENSG00000168291.13",-0.23998481374963,0.0016739456947618,0.0218803572115747
"ENSG00000168301.13",-0.319545355032019,2.28728142893552e-05,0.00115229263944939
"ENSG00000168309.18",-0.287080354679352,0.000154129937505984,0.0044230669685706
"ENSG00000168490.14",-0.25118195980608,0.000987355392188265,0.0152380249257342
"ENSG00000168496.4",-0.248690834366943,0.00111269378517803,0.016562017015971
"ENSG00000168612.5",-0.264081820913179,0.000521657923601638,0.00995456215181529
"ENSG00000168913.7",-0.285584603400877,0.000167393571676797,0.00467285593550075
"ENSG00000168917.9",-0.264708741350109,0.00050531299434258,0.00979870294739614
"ENSG00000169085.13",-0.219456169776857,0.00414659975458493,0.0392167064652722
"ENSG00000169169.15",-0.22208494059604,0.00370780557025465,0.0366068343961053
"ENSG00000169213.7",-0.38339617673529,2.67313481918424e-07,7.00058183626157e-05
"ENSG00000169217.9",-0.225483203715034,0.00320269458751422,0.0331667552411838
"ENSG00000169410.11",-0.244833864100309,0.00133573854320878,0.0187261402942232
"ENSG00000169436.17",-0.284696318944058,0.000175766319859465,0.00481141360279095
"ENSG00000169567.13",-0.212590294377619,0.00552093082958586,0.0481480565586069
"ENSG00000169570.10",-0.270188824454803,0.000381306450287493,0.00814661712081849
"ENSG00000169592.15",-0.295014140298283,9.87097595030556e-05,0.00322718664177107
"ENSG00000169676.6",-0.221067681829564,0.00387238554793616,0.0377331070480331
"ENSG00000169679.15",-0.227133927822824,0.00298051076148281,0.0316662128289201
"ENSG00000169696.16",-0.224150801863228,0.00339282450172837,0.0344613837734529
"ENSG00000169727.13",-0.230537774672032,0.00256577782228592,0.0288400239024465
"ENSG00000169900.8",-0.267997275898871,0.000427058858632113,0.00877716519889284
"ENSG00000169918.10",-0.223582803725613,0.00347692759590544,0.0350911369562121
"ENSG00000169926.11",-0.219535669487557,0.0041326731570882,0.0391568015854756
"ENSG00000170027.7",-0.211712437179482,0.00572326003154111,0.049141032038823
"ENSG00000170035.16",-0.211594688346602,0.00575089696316318,0.0492715128348176
"ENSG00000170043.12",-0.219795168284274,0.00408750690403952,0.0389770787850285
"ENSG00000170113.16",-0.229519285281294,0.00268402510936783,0.0295930077488155
"ENSG00000170144.21",-0.255023722803057,0.000819251668980324,0.013392181561845
"ENSG00000170291.16",-0.218323971125523,0.00434956763339667,0.0404732844656321
"ENSG00000170322.15",-0.224075091927006,0.0034039277710765,0.034546535025432
"ENSG00000170370.12",-0.233894230543619,0.00220874297859512,0.0260365187402561
"ENSG00000170456.16",-0.316575434939141,2.74923887605031e-05,0.00131523380731273
"ENSG00000170469.11",-0.232445294124028,0.00235693539032362,0.0271903858857361
"ENSG00000170502.13",-0.216496071945675,0.00469614074004683,0.0429122529566222
"ENSG00000170558.10",-0.285922165040527,0.000164310452544067,0.00461213085743309
"ENSG00000170629.15",-0.271079639748264,0.000364041901288028,0.00782382099697104
"ENSG00000170791.18",-0.225115685081634,0.0032541533552806,0.0334948369871122
"ENSG00000170846.17",-0.219387483542018,0.00415866603188647,0.0392723394825323
"ENSG00000170860.4",-0.216558864938727,0.00468383580839441,0.0428915554869665
"ENSG00000170899.11",-0.354252675129757,2.2982654882765e-06,0.00026180644932147
"ENSG00000170915.9",-0.221751338898359,0.00376107030027913,0.0370032799527462
"ENSG00000170946.15",-0.318279548454875,2.47442221422449e-05,0.00121581716649796
"ENSG00000170962.13",-0.377980783156131,4.0516174267108e-07,9.18691063582702e-05
"ENSG00000170967.5",-0.326571641974409,1.46868416881638e-05,0.000861639351973267
"ENSG00000171067.11",-0.250419173839099,0.00102428492535338,0.0156369651194423
"ENSG00000171148.14",-0.261604507871844,0.000591138900835082,0.0107927458697993
"ENSG00000171159.5",-0.338750804446161,6.63741357578016e-06,0.00051720925480228
"ENSG00000171169.9",-0.238924518829208,0.0017575938177482,0.0225154592800089
"ENSG00000171189.18",-0.249033371321837,0.00109463545795624,0.0163630430094985
"ENSG00000171241.9",-0.245863301721412,0.00127251787086308,0.0181427974857575
"ENSG00000171246.7",-0.337233591864975,7.34125814773753e-06,0.000555029704544573
"ENSG00000171262.11",-0.28188436320046,0.000204915145199691,0.00536765987467419
"ENSG00000171302.17",-0.317226033369601,2.64108897033695e-05,0.00127308506856678
"ENSG00000171307.19",-0.295518267806815,9.59114764941395e-05,0.00316420680179302
"ENSG00000171314.9",-0.280834728865729,0.000216904696352986,0.00553771859442705
"ENSG00000171320.15",-0.229643810239198,0.00266930754176428,0.0295204264185624
"ENSG00000171357.6",-0.222965686040259,0.00357043092642546,0.0356804314807184
"ENSG00000171476.22",-0.305428614593291,5.39033838633801e-05,0.00210877102137139
"ENSG00000171603.18",-0.215491557876886,0.00489696757887498,0.0440501655120967
"ENSG00000171612.7",-0.259616096438397,0.000652978625690892,0.0115191777975179
"ENSG00000171617.15",-0.343503385135073,4.82380370544018e-06,0.000412810752487603
"ENSG00000171766.17",-0.246461624945586,0.00123704307921582,0.0178310749280451
"ENSG00000171786.6",-0.235165959886596,0.00208570338042664,0.0251940670342263
"ENSG00000171823.7",-0.233416730624103,0.00225661792004547,0.0264169884898226
"ENSG00000171992.13",-0.278687670446916,0.000243489507888783,0.00601104370155369
"ENSG00000172014.12",-0.248000218244848,0.00114993524726705,0.0169147684344672
"ENSG00000172201.12",-0.250816696361132,0.00100488408427824,0.0154615810980739
"ENSG00000172244.9",-0.266090425448368,0.000470946735324615,0.00938541733432071
"ENSG00000172315.6",-0.23848892748363,0.00179304845762185,0.0228044269827175
"ENSG00000172375.14",-0.235076643455634,0.00209413691093217,0.0252418470578804
"ENSG00000172382.10",-0.239395134146929,0.00172000720025618,0.0222244877457313
"ENSG00000172461.11",-0.24349577622783,0.00142220545125018,0.0196670033087144
"ENSG00000172531.16",-0.301747751407463,6.69299650953586e-05,0.00245250202012957
"ENSG00000172575.13",-0.333372677845079,9.46504814033801e-06,0.000632738468181596
"ENSG00000172667.11",-0.325933836991883,1.52964261262667e-05,0.000879129214673196
"ENSG00000172731.15",-0.300458267075223,7.2153298773538e-05,0.00257697169747638
"ENSG00000172985.11",-0.224718014301985,0.00331067376288846,0.0339802204439012
"ENSG00000173020.11",-0.310691141339521,3.93574201778674e-05,0.00169744744444544
"ENSG00000173267.14",-0.256605692641696,0.00075801972474987,0.0127354332459133
"ENSG00000173272.16",-0.333273262161215,9.5267501177965e-06,0.000633528882833467
"ENSG00000173320.12",-0.30906732957349,4.33959657791925e-05,0.00180708048106335
"ENSG00000173456.5",-0.24053925911584,0.00163166509200527,0.0215208662161007
"ENSG00000173588.16",-0.240380217996089,0.00164369243805347,0.0216009927593752
"ENSG00000173621.9",-0.23876428038387,0.00177056136526033,0.0226245323751047
"ENSG00000173705.9",-0.235655035235556,0.00204006828965285,0.024903342028857
"ENSG00000173930.9",-0.251369463406363,0.000978466633064911,0.015165337327485
"ENSG00000174013.8",-0.312218392460223,3.58839484058487e-05,0.00159642721778244
"ENSG00000174151.15",-0.399601572394881,7.35802736150154e-08,3.07596515801676e-05
"ENSG00000174177.13",-0.281387344716748,0.000210513341521848,0.00542177565934928
"ENSG00000174238.16",-0.259381946569019,0.000660640417391973,0.0116140128186909
"ENSG00000174282.12",-0.324466097343611,1.67912527819359e-05,0.000941607493199817
"ENSG00000174306.22",-0.345914714022827,4.09438997871181e-06,0.00037312355520777
"ENSG00000174371.17",-0.240254665323123,0.00165324429036903,0.0216592907211163
"ENSG00000174442.12",-0.294562714241171,0.00010128015069467,0.00328584887368673
"ENSG00000174514.13",-0.35396591675826,2.34500914811303e-06,0.000264294061411279
"ENSG00000174527.10",-0.236183558534543,0.00199177454917586,0.0245174328443965
"ENSG00000174672.16",-0.222251297054692,0.00368149892746256,0.0365031683272176
"ENSG00000174721.10",-0.232457564208954,0.00235564345924984,0.0271878286212284
"ENSG00000174775.18",-0.219583541471448,0.00412430734243298,0.0391077937364035
"ENSG00000174871.11",-0.309513855118926,4.22482160572177e-05,0.0017739362520686
"ENSG00000174939.11",-0.217615492597128,0.00448107221197484,0.041392564897005
"ENSG00000174946.7",-0.312796053742773,3.4646999558083e-05,0.00155501365684449
"ENSG00000174996.12",-0.320528055230314,2.1512865358536e-05,0.00110179701351389
"ENSG00000175130.7",-0.23420388923182,0.00217819111123091,0.0258081104471076
"ENSG00000175182.15",-0.27382407650484,0.000315300282495646,0.00714502504570641
"ENSG00000175206.11",-0.273827074398557,0.000315250518555905,0.00714502504570641
"ENSG00000175344.19",-0.233068511161652,0.00229212294433026,0.0266606223236363
"ENSG00000175376.9",-0.231264718556601,0.00248428835237345,0.0282490496935285
"ENSG00000175662.18",-0.331218731795861,1.08904201451685e-05,0.000702155692760702
"ENSG00000175697.11",-0.289267500428844,0.000136490575161244,0.00406032745087492
"ENSG00000175906.5",-0.296439515541773,9.09886674711485e-05,0.00305627102692246
"ENSG00000176022.7",-0.233291607218035,0.00226931782160692,0.0265107949806322
"ENSG00000176087.16",-0.250668069580564,0.00101209791899018,0.0155282503286005
"ENSG00000176194.18",-0.252734526452444,0.000915935417742621,0.0144608498551372
"ENSG00000176396.11",-0.22633610289003,0.00308609467134738,0.032368316654103
"ENSG00000176619.13",-0.255207082109944,0.000811928549332907,0.0133302662231227
"ENSG00000176788.9",-0.331394047250321,1.0767209426771e-05,0.000695978170657159
"ENSG00000176871.9",-0.35948154082967,1.58652341851909e-06,0.000212118181056002
"ENSG00000176903.5",-0.355024989752895,2.17674148130547e-06,0.000252492072372615
"ENSG00000176909.12",-0.23973183524014,0.00169356703204694,0.0220285116820729
"ENSG00000176973.8",-0.245649346694236,0.00128542757280529,0.0182654255117343
"ENSG00000176994.11",-0.223262233924385,0.00352521984200366,0.0353797131282603
"ENSG00000177030.19",-0.221322670644539,0.00383052526924654,0.0374737506993402
"ENSG00000177096.9",-0.292604385238954,0.000113172706147331,0.00354491523336703
"ENSG00000177133.13",-0.305996551971035,5.21194313027016e-05,0.00205908229141917
"ENSG00000177181.15",-0.291689485979573,0.000119165085353178,0.00366305396311852
"ENSG00000177283.8",-0.508317544224401,1.72396243976108e-12,6.25625969389297e-09
"ENSG00000177301.16",-0.300246381979525,7.30472968835603e-05,0.00259354961073365
"ENSG00000177542.11",-0.265298091871607,0.000490380288952776,0.00966418190866359
"ENSG00000177570.15",-0.230001270220599,0.00262746460046768,0.02920619222195
"ENSG00000177807.10",-0.34887598619443,3.34148138153505e-06,0.000334187604469035
"ENSG00000177946.7",-0.220177516831714,0.00402176716866316,0.0386102497955457
"ENSG00000178075.20",-0.277265816679344,0.000262729378766948,0.00627358403736275
"ENSG00000178162.8",-0.257281674989707,0.000733162835921343,0.0124412394929258
"ENSG00000178233.18",-0.267361852436373,0.000441244679694028,0.00897433034288822
"ENSG00000178295.15",-0.244560236614784,0.00135301917038638,0.0189058008720161
"ENSG00000178397.13",-0.269880300123395,0.00038746052552877,0.00825726487416723
"ENSG00000178445.10",-0.277179841496247,0.000263936879113768,0.00628967030030681
"ENSG00000178752.16",-0.246465956439359,0.00123678959625056,0.0178310749280451
"ENSG00000178921.14",-0.262172115776513,0.000574504564405984,0.010571150096236
"ENSG00000179041.4",-0.287064327085974,0.00015426671393747,0.0044230669685706
"ENSG00000179104.9",-0.368787268631935,8.0695865101791e-07,0.000136661137412053
"ENSG00000179115.11",-0.310092316641166,4.08037411146076e-05,0.00172756239255729
"ENSG00000179152.20",-0.314788320252144,3.06818557645029e-05,0.00142178250497407
"ENSG00000179314.16",-0.395417457641097,1.03348052990534e-07,3.89774667112651e-05
"ENSG00000179388.9",-0.221013329985501,0.00388136129413723,0.0377782040316122
"ENSG00000179431.7",-0.235483263785699,0.00205599162485941,0.0249657529858048
"ENSG00000179673.5",-0.262610083766094,0.000561965841672228,0.0104506722371886
"ENSG00000179841.8",-0.289005492512636,0.000138499613367718,0.00409581569078015
"ENSG00000179922.6",-0.248244704748781,0.00113662272158523,0.0167869924397846
"ENSG00000179943.8",-0.279895924418987,0.000228178070166057,0.0057675696680879
"ENSG00000179958.10",-0.228369337596908,0.00282345004557515,0.0306775455550665
"ENSG00000179988.15",-0.212340437066579,0.00557785665903951,0.0484028984590858
"ENSG00000180257.14",-0.236854315085641,0.00193198210319482,0.0240815217700971
"ENSG00000180340.7",-0.301557398598907,6.7678057515601e-05,0.00245410635118439
"ENSG00000180347.14",-0.256018776167411,0.000780227989529833,0.0129934810298578
"ENSG00000180616.9",-0.30790491456519,4.65228232780205e-05,0.00189171616143043
"ENSG00000180720.8",-0.248593832068356,0.00111785705229348,0.0165869875580673
"ENSG00000180730.5",-0.223482173783927,0.00349202235456914,0.0351875620282109
"ENSG00000180917.18",-0.215278329761711,0.00494057486020721,0.0443325408597117
"ENSG00000181027.11",-0.258042586615792,0.000706081879342284,0.0121059000273025
"ENSG00000181135.16",-0.237155195834435,0.00190569552335206,0.0238153270198388
"ENSG00000181222.19",-0.247872231784801,0.00115696103939634,0.0169886018981418
"ENSG00000181616.10",-0.215522440894956,0.00489068037956476,0.0440173770503843
"ENSG00000181751.10",-0.415790548869558,1.88979862353198e-08,1.20016386083957e-05
"ENSG00000181754.7",-0.232216075250992,0.00238118859024616,0.027389114463697
"ENSG00000181773.7",-0.225080743963589,0.00325908434828508,0.0335320047385524
"ENSG00000181852.18",-0.272256403933192,0.000342344923129022,0.00756883209943128
"ENSG00000181915.5",-0.226566007055157,0.00305532783155681,0.0321425903089983
"ENSG00000181965.6",-0.247713577808695,0.00116572488524875,0.017087656814757
"ENSG00000181991.16",-0.243027515029638,0.0014536522216306,0.019874664901013
"ENSG00000182010.11",-0.284801254590185,0.00017475727777893,0.00479930716477638
"ENSG00000182199.11",-0.219502710398989,0.00413844175127206,0.0391639727150995
"ENSG00000182218.10",-0.22802056059457,0.00286701429439103,0.0309128879967807
"ENSG00000182481.10",-0.260668434293484,0.000619544884514454,0.0111067739600005
"ENSG00000182568.17",-0.317364680998821,2.61856561176897e-05,0.00126945462281999
"ENSG00000182580.3",-0.261756190136311,0.000586650728612764,0.0107368072470822
"ENSG00000182606.17",-0.304618302532641,5.65481222343326e-05,0.00216665452355769
"ENSG00000182621.18",-0.261770971261859,0.000586215050596219,0.0107365688033855
"ENSG00000182674.6",-0.250179078898789,0.0010361683992935,0.0157709921193846
"ENSG00000182768.9",-0.285397287254063,0.000169127605264489,0.00469973654975846
"ENSG00000182831.12",-0.2237360855428,0.00345404798142031,0.0349157106534103
"ENSG00000182902.14",-0.21971648156762,0.00410115534936122,0.0390339637841226
"ENSG00000183011.14",-0.252284897273285,0.000936114820851014,0.0146497135038449
"ENSG00000183098.11",-0.225292452334895,0.00322931052465925,0.0333472257146012
"ENSG00000183153.7",-0.221124972729229,0.00386294467393006,0.0376844790905704
"ENSG00000183307.4",-0.233588493462003,0.00223928924942376,0.0262873141295898
"ENSG00000183454.18",-0.299480608356842,7.63656023306938e-05,0.00267205977411379
"ENSG00000183576.13",-0.21273851925834,0.005487406331667,0.0479850544039025
"ENSG00000183579.16",-0.221957857486581,0.00372801571958783,0.0367274029189252
"ENSG00000183580.10",-0.323891550030579,1.74131444880379e-05,0.000963627424013528
"ENSG00000183598.4",-0.260420571257932,0.000627274459241,0.0112136897171704
"ENSG00000183684.8",-0.247601088284418,0.00117197545245295,0.0171200071412663
"ENSG00000183715.14",-0.256342373562673,0.000767910483347051,0.0128760594115281
"ENSG00000183798.5",-0.269644785359905,0.00039222005870626,0.00831683318139826
"ENSG00000183840.7",-0.259382056174896,0.000660636811597975,0.0116140128186909
"ENSG00000183864.5",-0.289329145946038,0.000136021856372691,0.00406032745087492
"ENSG00000183873.18",-0.238666219964581,0.00177853998672109,0.0226942729720339
"ENSG00000183908.7",-0.225875237752713,0.00314861429725878,0.0328073211621267
"ENSG00000183978.8",-0.23394971118085,0.00220324063396271,0.0259957834763375
"ENSG00000184007.22",-0.260599483825215,0.000621686230899873,0.0111373027669601
"ENSG00000184156.17",-0.318523013030823,2.4373422867892e-05,0.0012112215572022
"ENSG00000184220.12",-0.239324879110438,0.00172557134038092,0.0222624117621618
"ENSG00000184307.17",-0.257185440568655,0.000736655112408551,0.0124830919639606
"ENSG00000184378.3",-0.262527830613755,0.000564301256752147,0.0104757375608308
"ENSG00000184470.21",-0.237556734859772,0.00187112193715026,0.0235540686667136
"ENSG00000184524.6",-0.263170581693551,0.00054628759875471,0.0102491461382318
"ENSG00000184678.11",-0.236551681845131,0.00195875419677904,0.0242545760597296
"ENSG00000184698.5",-0.219729097168811,0.00409896438077607,0.0390277331952228
"ENSG00000184702.20",-0.228339237021325,0.00282718602477984,0.030679257823288
"ENSG00000184838.15",-0.274583452485315,0.000302925162362627,0.00693887096438035
"ENSG00000184900.16",-0.271296171633417,0.000359956252929232,0.00778210101545642
"ENSG00000184956.16",-0.240702829416822,0.00161937900084352,0.0214367299418593
"ENSG00000184979.10",-0.219117082374091,0.00420647541806114,0.0396060396756883
"ENSG00000185008.18",-0.422369446215027,1.06521065526729e-08,7.73129893592998e-06
"ENSG00000185127.6",-0.218424384280917,0.00433121261917479,0.0403172569310727
"ENSG00000185338.7",-0.243453263458122,0.00142503459340534,0.0196945296907865
"ENSG00000185345.24",-0.240276104762809,0.00165160963608045,0.021653776333086
"ENSG00000185651.16",-0.302848783128218,6.27528050740318e-05,0.0023538757371555
"ENSG00000185942.13",-0.231724537128797,0.0024339622748448,0.0278638772725924
"ENSG00000186073.14",-0.325137960220624,1.60906358933844e-05,0.000908334274665877
"ENSG00000186111.11",-0.254119382187116,0.000856266215200121,0.0137756368997648
"ENSG00000186162.11",-0.22442095061756,0.00335347155234413,0.0342396454357708
"ENSG00000186185.14",-0.247618297196999,0.00117101724177588,0.0171158521247599
"ENSG00000186193.9",-0.227925055825556,0.00287904897527614,0.0309900343724321
"ENSG00000186297.12",-0.409748366738774,3.1653350616225e-08,1.71082992702971e-05
"ENSG00000186318.18",-0.25781101794691,0.000714224316171647,0.0122013720939532
"ENSG00000186469.9",-0.244439835168329,0.00136068753262213,0.0189816284410763
"ENSG00000186479.5",-0.212138702090752,0.00562420094709274,0.0486123091728468
"ENSG00000186960.14",-0.248478342987874,0.0011240329612692,0.0166300578422374
"ENSG00000187051.9",-0.300094774717147,7.36933275107566e-05,0.00261092273187692
"ENSG00000187189.11",-0.2429244238242,0.00146066020302366,0.0199460738228122
"ENSG00000187446.12",-0.244389809810271,0.00136388531100248,0.0190157950358924
"ENSG00000187556.8",-0.267169680816673,0.000445619992222166,0.00901998777882047
"ENSG00000187595.17",-0.232085291980566,0.0023951277406177,0.0274936421124769
"ENSG00000187605.16",-0.21282041589293,0.00546896170502322,0.0478897049957618
"ENSG00000187741.16",-0.246227958926349,0.00125078809602763,0.0179512824877909
"ENSG00000187764.12",-0.22868004095383,0.00278514685071162,0.0304436684374472
"ENSG00000187773.9",-0.271520245990728,0.000355773056419955,0.00773114024998811
"ENSG00000188215.10",-0.284721245419714,0.000175526140934198,0.00481002217707814
"ENSG00000188368.11",-0.250141711781691,0.00103802920914797,0.0157898538922071
"ENSG00000188451.8",-0.243826410631997,0.00140037690533046,0.0193977789348384
"ENSG00000188486.4",-0.302606334765613,6.36510582185129e-05,0.00237434336552846
"ENSG00000188529.15",-0.237758077496576,0.00185400161038189,0.0233849071045339
"ENSG00000188760.11",-0.325530675213764,1.5693997006978e-05,0.00089203656370875
"ENSG00000188916.9",-0.219596827960159,0.00412198817839452,0.0391003979446438
"ENSG00000188938.17",-0.275497621518018,0.000288625706703542,0.00673739897420773
"ENSG00000188981.11",-0.247345380230122,0.00118629840493075,0.0172696495016939
"ENSG00000189046.11",-0.264182787335623,0.000518992982718623,0.00993517614167384
"ENSG00000189057.11",-0.261344321467082,0.000598911467993105,0.0108827954373597
"ENSG00000189159.16",-0.294650541518446,0.000100775213907559,0.00328204199858169
"ENSG00000189238.6",-0.43194948058431,4.52070584298962e-09,4.34413176282355e-06
"ENSG00000189241.8",-0.301681187338222,6.71906778093621e-05,0.00245250202012957
"ENSG00000189266.13",-0.254132128387482,0.000855734007098656,0.0137756368997648
"ENSG00000189306.11",-0.271935818386997,0.00034813385132879,0.0076435991575672
"ENSG00000189319.14",-0.383420881369847,2.66802231698124e-07,7.00058183626157e-05
"ENSG00000189431.8",-0.223226832493106,0.00353058980357201,0.0353797131282603
"ENSG00000196220.17",-0.21504750437282,0.00498817297590942,0.044586403274816
"ENSG00000196358.12",-0.21652319062907,0.00469082300230861,0.042909966412548
"ENSG00000196361.10",-0.277298409608254,0.000262272962218707,0.00627358403736275
"ENSG00000196363.10",-0.23462608996216,0.00213715396890454,0.0255362757629737
"ENSG00000196376.11",-0.249621028254785,0.00106427907542476,0.0160260114718525
"ENSG00000196465.11",-0.355034546400669,2.17527675813435e-06,0.000252492072372615
"ENSG00000196498.13",-0.21628993186447,0.00473674013711337,0.043161647956587
"ENSG00000196584.3",-0.225373041371671,0.00321804149788898,0.0332443709519617
"ENSG00000196663.16",-0.327665596601452,1.36944056497176e-05,0.000827632002517144
"ENSG00000196700.9",-0.238149638021007,0.00182111464880838,0.0230634585579451
"ENSG00000196715.7",-0.36057129220435,1.46737309830139e-06,0.000199335180835028
"ENSG00000196781.16",-0.315022949998233,3.02440864379587e-05,0.00140970739042838
"ENSG00000196872.12",-0.297589714979661,8.51742463061605e-05,0.00289649448315314
"ENSG00000196943.14",-0.255575597792116,0.000797392259663271,0.01317657731885
"ENSG00000197106.7",-0.305032856387648,5.51802257057847e-05,0.00213680377073788
"ENSG00000197372.10",-0.226065499870889,0.00312266652465359,0.0326038215066894
"ENSG00000197457.10",-0.281201231212675,0.000212646024963368,0.00545090511820831
"ENSG00000197483.10",-0.228342335596894,0.00282680123388198,0.030679257823288
"ENSG00000197496.6",-0.220663980046403,0.0039395018866901,0.0381093550752432
"ENSG00000197535.16",-0.26749697355579,0.000438192107480402,0.00891938630314474
"ENSG00000197702.14",-0.287031950757148,0.000154543352768519,0.00442600314586098
"ENSG00000197852.12",-0.23616737394145,0.0019932378450947,0.0245194583024772
"ENSG00000197894.12",-0.253639763170151,0.000876514794566051,0.0140303121149095
"ENSG00000197903.8",-0.240960090853206,0.00160022620719195,0.0212582253727334
"ENSG00000197921.6",-0.250452193588083,0.00102266042960429,0.0156326846008967
"ENSG00000197958.13",-0.220975848053106,0.00388756202367302,0.037794006156665
"ENSG00000198081.11",-0.24196536559922,0.00152734971594753,0.0206050264653293
"ENSG00000198420.10",-0.213346777392439,0.00535173333358935,0.0470252790982948
"ENSG00000198431.17",-0.266596432403758,0.000458911076332497,0.00923018057963137
"ENSG00000198435.4",-0.294287497525212,0.000102877796200875,0.00332071748016624
"ENSG00000198576.4",-0.222181246373702,0.00369255576893756,0.0365053564573415
"ENSG00000198586.14",-0.333133695827632,9.61401421222437e-06,0.000637662671104793
"ENSG00000198648.11",-0.454202269763297,5.55416815726951e-10,8.81828335619484e-07
"ENSG00000198663.17",-0.351806574246932,2.72719990811294e-06,0.000297335018308125
"ENSG00000198668.14",-0.240856690568384,0.00160789925577997,0.0213299975416035
"ENSG00000198700.10",-0.320928721513812,2.09805842356597e-05,0.00108234191963641
"ENSG00000198730.9",-0.234872090941827,0.00211356827834622,0.0253484669157206
"ENSG00000198785.7",-0.220540575924131,0.00396022600720393,0.0382225004791039
"ENSG00000198791.12",-0.247947467020983,0.00115282626802929,0.0169376782456611
"ENSG00000198797.7",-0.2161550353349,0.00476347821647522,0.0432765024469933
"ENSG00000198824.7",-0.24329984539123,0.00143528707541841,0.0197725583388578
"ENSG00000198830.11",-0.261791595185777,0.000585607653167609,0.0107331826936629
"ENSG00000198853.12",-0.221973140230289,0.0037255800521645,0.0367274029189252
"ENSG00000198885.10",-0.276520834947329,0.000273365118625785,0.00642395384685552
"ENSG00000198890.9",-0.315299386556735,2.97358629545768e-05,0.00139369027054449
"ENSG00000198894.8",-0.23696314823755,0.00192243599832146,0.0239978583122162
"ENSG00000198901.14",-0.222598649413396,0.00362711207169585,0.0360906885849157
"ENSG00000198917.13",-0.25170655936502,0.000962670772122471,0.0149845132501392
"ENSG00000198929.13",-0.223345307659586,0.00351264748427969,0.0353253301833559
"ENSG00000203772.8",-0.229551042927573,0.00268026471821643,0.0295772218231329
"ENSG00000203900.2",-0.212251393218205,0.00559827031305629,0.0484376228755344
"ENSG00000204256.14",-0.244679200934932,0.00134548115904878,0.0188419282708468
"ENSG00000204316.13",-0.250058038248839,0.00104220710730675,0.0158333490825512
"ENSG00000204361.10",-0.236180539322437,0.00199204745072764,0.0245174328443965
"ENSG00000204371.11",-0.345657199978697,4.16697747598814e-06,0.000374041444602568
"ENSG00000204574.14",-0.238147973597941,0.00182125331131118,0.0230634585579451
"ENSG00000204590.13",-0.320120397210289,2.20674916453819e-05,0.00112340779612753
"ENSG00000204619.8",-0.251241985542176,0.000984501793638565,0.0152217279755328
"ENSG00000204673.11",-0.272002817705831,0.000346916572803105,0.00763504282807592
"ENSG00000204843.13",-0.246507771817872,0.00123434496541107,0.0178260745630116
"ENSG00000204977.10",-0.258597204351102,0.00068692666399032,0.011959466643192
"ENSG00000205002.4",-0.283353738468884,0.000189164662598296,0.00506359317595839
"ENSG00000205336.14",-0.225555433678217,0.0031926680120293,0.0331104047171899
"ENSG00000205363.7",-0.250044486705596,0.00104288519761506,0.0158333490825512
"ENSG00000205436.8",-0.227571992915514,0.00292393665898231,0.0312948052076199
"ENSG00000205476.9",-0.259291538433325,0.000663620831969541,0.0116502833410658
"ENSG00000205710.4",-0.251248013749551,0.000984215633707444,0.0152217279755328
"ENSG00000206052.11",-0.321427619343935,2.03351639763187e-05,0.00106290981582392
"ENSG00000206418.5",-0.317269468705231,2.63401331984283e-05,0.00127208821984729
"ENSG00000211772.11",-0.232895744194559,0.00230992608084643,0.0267696406166706
"ENSG00000212123.4",-0.271992925758119,0.000347096046268419,0.00763504282807592
"ENSG00000212464.1",-0.231544836510176,0.00245351898189761,0.0279994351739196
"ENSG00000213160.10",-0.251191115397785,0.000986919649238848,0.0152380249257342
"ENSG00000213190.4",-0.222724037961456,0.00360765787658498,0.035953445680223
"ENSG00000213221.5",-0.336650465355443,7.63013985226372e-06,0.000565097500487042
"ENSG00000213250.5",-0.240801775489749,0.00161198798209176,0.0213723020402281
"ENSG00000213347.11",-0.215517971631684,0.00489158978912864,0.0440173770503843
"ENSG00000213450.4",-0.310145177101109,4.06740852589902e-05,0.00172505428458435
"ENSG00000213578.6",-0.255586245899976,0.000796975819751673,0.01317657731885
"ENSG00000213588.6",-0.291539042955346,0.000120178387741275,0.00368706713018309
"ENSG00000213839.4",-0.252372760521125,0.000932139709657463,0.0146257844622783
"ENSG00000213923.13",-0.221576773575884,0.00378921617131663,0.0371793968327371
"ENSG00000213970.4",-0.263227902056953,0.000544707203760575,0.0102346132375221
"ENSG00000213996.13",-0.250427549151646,0.00102387265536045,0.0156369651194423
"ENSG00000214110.3",-0.239215917535008,0.00173423346069696,0.0223396415438807
"ENSG00000214113.11",-0.240170315366041,0.00165968989864149,0.0217325270593761
"ENSG00000214336.5",-0.264132320270875,0.000520323451234527,0.00995047718702877
"ENSG00000214826.5",-0.237161081450853,0.00190518458542509,0.0238153270198388
"ENSG00000215114.10",-0.341456191845666,5.53828527008419e-06,0.000457085743961142
"ENSG00000215190.9",-0.25829720510329,0.000697227683937568,0.0120323878091481
"ENSG00000217512.1",-0.23296188487924,0.00230309570084765,0.0267148584879602
"ENSG00000218891.5",-0.217402675636359,0.00452126566938857,0.0416891875860174
"ENSG00000220205.9",-0.341446325846807,5.54195997087084e-06,0.000457085743961142
"ENSG00000220505.2",-0.219415225685861,0.00415378870710129,0.0392554667137255
"ENSG00000221890.6",-0.265020330801728,0.000497366526504147,0.00974288224780643
"ENSG00000221947.8",-0.238506476224977,0.00179160759003986,0.0228044269827175
"ENSG00000223536.6",-0.260220673480252,0.000633572901586729,0.0113020405405188
"ENSG00000223653.6",-0.246453837600705,0.00123749892131416,0.0178310749280451
"ENSG00000223839.8",-0.318920977196016,2.37785765571908e-05,0.00119141455676986
"ENSG00000224051.7",-0.264683451395327,0.000505963083363588,0.00979870294739614
"ENSG00000224185.1",-0.227416079469518,0.00294395988026734,0.0314412003342554
"ENSG00000224404.2",-0.281668946760703,0.000207324266330789,0.00539871985527282
"ENSG00000224451.2",-0.21163209173949,0.00574210508313861,0.0492460146613674
"ENSG00000224525.2",-0.212556564290544,0.005528585208496,0.0481480565586069
"ENSG00000224713.4",-0.216580762807809,0.00467955150347558,0.042868606867216
"ENSG00000224883.1",-0.212779137888528,0.00547825132681933,0.0479380015346853
"ENSG00000225096.3",-0.278852540678803,0.000241345370628751,0.00598306750511502
"ENSG00000225174.2",-0.33355930282991,9.3502403204407e-06,0.000626712809657401
"ENSG00000225663.8",-0.299284967949095,7.72357367527277e-05,0.0026987887492841
"ENSG00000225756.1",-0.230299655305385,0.00259299273730356,0.0289831625473239
"ENSG00000226380.9",-0.27466882564756,0.000301562433724313,0.0069329143723281
"ENSG00000226476.7",-0.346573693675432,3.91406669736972e-06,0.000366896812964144
"ENSG00000226479.4",-0.291676610967602,0.000119251491064009,0.00366305396311852
"ENSG00000226752.10",-0.230951635374567,0.00251909247858208,0.0285259923952991
"ENSG00000226762.5",-0.263787483850481,0.000529499044935178,0.0100529628090346
"ENSG00000226887.8",-0.22328236610714,0.00352216932343376,0.0353654613464105
"ENSG00000227157.2",-0.212164228632996,0.0056183178093958,0.0485945275151792
"ENSG00000227288.3",-0.273464027049604,0.000321330248538908,0.00724372753092377
"ENSG00000227512.1",-0.256633133336277,0.000756995773803624,0.0127266470165013
"ENSG00000227640.4",-0.327585407627834,1.37649440794292e-05,0.000827632002517144
"ENSG00000227741.1",-0.370614549992139,7.04872925965566e-07,0.000123799726334836
"ENSG00000227791.3",-0.211709018769059,0.00572406069373213,0.049141032038823
"ENSG00000227811.3",-0.249170352479438,0.00108748938512013,0.0162886160673388
"ENSG00000228300.14",-0.262655844455251,0.000560670422705257,0.0104342203281917
"ENSG00000228412.9",-0.218142883415991,0.00438284627448186,0.040738179257469
"ENSG00000228716.7",-0.238494147659257,0.00179261973647434,0.0228044269827175
"ENSG00000228838.1",-0.240579521665739,0.00162863302998947,0.0215008921045491
"ENSG00000229356.1",-0.28250463137366,0.000198123091598533,0.00523172650299119
"ENSG00000229425.4",-0.225065205221194,0.00326127938738665,0.0335410041610458
"ENSG00000229953.1",-0.257354024015966,0.000730547384960362,0.0124051438637353
"ENSG00000230267.7",-0.224459939690581,0.00334782610064733,0.0342095037951504
"ENSG00000230333.6",-0.215061149338276,0.00498534788429239,0.0445768364324814
"ENSG00000230417.12",-0.326946982532119,1.43389143388921e-05,0.000849482038792927
"ENSG00000230536.1",-0.211698385091997,0.00572655196016758,0.0491458106230193
"ENSG00000231064.8",-0.238674136050802,0.00177789468641426,0.0226942729720339
"ENSG00000231114.1",-0.215161415516125,0.00496463243480375,0.0444855582861798
"ENSG00000231181.1",-0.21368540565818,0.00527750961216349,0.0465663691135079
"ENSG00000231227.1",-0.285497868592323,0.000168194427346046,0.00469005821939805
"ENSG00000231424.3",-0.228527337651763,0.00280391279452153,0.030527579432785
"ENSG00000231533.2",-0.31133234959334,3.78622600531084e-05,0.00165169194299598
"ENSG00000231646.6",-0.21868490128676,0.00428391549417676,0.0400903248892888
"ENSG00000231726.2",-0.325727273086553,1.54989214706328e-05,0.000884762027232551
"ENSG00000231864.2",-0.258399449181653,0.000693701074526165,0.012012330195084
"ENSG00000232597.6",-0.276133277191169,0.000279054910151113,0.00652746950512774
"ENSG00000232633.4",-0.226308185106493,0.00308984975779122,0.0323943266187248
"ENSG00000232860.9",-0.382342044062671,2.90023273323832e-07,7.44188001236898e-05
"ENSG00000232907.9",-0.244111743019917,0.00138178576557606,0.0192126457596763
"ENSG00000233008.7",-0.229441012700662,0.00269331369513313,0.0296650574996487
"ENSG00000233230.2",-0.211638492452491,0.00574060176336507,0.0492460146613674
"ENSG00000233334.3",-0.294227916167849,0.000103226758331328,0.00332353528756745
"ENSG00000233559.2",-0.275110581262107,0.000294601546817405,0.00682202652124205
"ENSG00000233891.8",-0.262519059269528,0.000564550829460195,0.0104757375608308
"ENSG00000234127.9",-0.249737316189471,0.0010583642794295,0.0159807835741692
"ENSG00000234921.1",-0.277391397721912,0.00026097484466755,0.00626610962106783
"ENSG00000235033.7",-0.234210635141956,0.00217752983281537,0.0258081104471076
"ENSG00000235173.7",-0.217629695400948,0.00447840126901294,0.0413856423343262
"ENSG00000235786.1",-0.220153370484732,0.00402589050127152,0.0386102497955457
"ENSG00000235920.1",-0.21199522064247,0.0056573719126348,0.0488115741873854
"ENSG00000236141.2",-0.283536132569483,0.000187290219596521,0.00503049469206184
"ENSG00000236333.4",-0.230636740136269,0.00255454329997811,0.0287672418572595
"ENSG00000236668.3",-0.326436021240079,1.48145077693285e-05,0.000865133197389087
"ENSG00000236710.1",-0.217607485306128,0.00448257867305676,0.041392564897005
"ENSG00000236991.6",-0.236660707332123,0.00194907073635727,0.0241877107550971
"ENSG00000237001.7",-0.240760389094575,0.00161507568863134,0.0214020697539395
"ENSG00000237159.6",-0.2446110888046,0.00134979227941069,0.0188710915101099
"ENSG00000237649.8",-0.263480880192146,0.00053778256985814,0.0101356145907436
"ENSG00000237737.6",-0.226563092867841,0.00305571608062949,0.0321425903089983
"ENSG00000237750.2",-0.224264248600914,0.00337624808754272,0.0343635194770192
"ENSG00000238230.2",-0.259702341471591,0.000650177234593722,0.0114937037511373
"ENSG00000239305.7",-0.21128937638217,0.0058231133145807,0.0496891325261315
"ENSG00000239887.6",-0.267274667901301,0.000443224726181859,0.00900019002333953
"ENSG00000239911.3",-0.241617348141046,0.00155222884581059,0.0208520726441705
"ENSG00000240132.1",-0.228000876497915,0.00286949098335169,0.0309264656131027
"ENSG00000240240.9",-0.240951352962005,0.00160087332748254,0.0212582253727334
"ENSG00000240731.1",-0.214189564434722,0.00516871005432957,0.0458612439783912
"ENSG00000240889.1",-0.258247226789824,0.000698957540431772,0.0120540518666587
"ENSG00000241360.2",-0.226287295330755,0.00309266224070944,0.0324104368402401
"ENSG00000241563.4",-0.302373631548077,6.45245376089322e-05,0.0023949462304323
"ENSG00000241945.8",-0.216170630479397,0.00476038017046673,0.0432765024469933
"ENSG00000242193.11",-0.28005009369635,0.000226290130842876,0.00574270548831328
"ENSG00000242445.1",-0.288176235252879,0.000145041657532104,0.00422049625004356
"ENSG00000243244.7",-0.31831876796438,2.46841332327522e-05,0.00121521518703799
"ENSG00000246145.1",-0.237289421286157,0.00189407419262298,0.0237605761556551
"ENSG00000247193.4",-0.286065184837151,0.00016302021769258,0.00459979351444798
"ENSG00000248200.2",-0.250829633380368,0.00100425840249932,0.0154613189082971
"ENSG00000248213.3",-0.230883936438281,0.00252667615600833,0.0285648217138761
"ENSG00000248540.3",-0.313244578962474,3.37143646384117e-05,0.00151852128530066
"ENSG00000249170.1",-0.213600157867984,0.00529610771839974,0.0466980299793505
"ENSG00000249196.6",-0.218620319130698,0.00429559698066088,0.0401231567729942
"ENSG00000249278.1",-0.308618495555076,4.45791400930025e-05,0.00183838294769893
"ENSG00000249772.1",-0.243825358559518,0.00140044587515229,0.0193977789348384
"ENSG00000249992.2",-0.288574051004641,0.000141868098379108,0.00417115197120888
"ENSG00000250027.1",-0.211974780612651,0.00566211157440449,0.0488237000422937
"ENSG00000250107.1",-0.222222375317988,0.00368606033109228,0.0365053564573415
"ENSG00000250536.1",-0.235211913458212,0.00208137634201464,0.0251777158172371
"ENSG00000250981.2",-0.222200946387839,0.00368944328703093,0.0365053564573415
"ENSG00000251536.2",-0.435405092629603,3.29663921604906e-09,3.64106634805628e-06
"ENSG00000251602.7",-0.241101064761277,0.00158981873445059,0.021177852811352
"ENSG00000253661.3",-0.257666032181881,0.000719366234415917,0.0122644701025957
"ENSG00000253764.4",-0.326062667965494,1.51714009875284e-05,0.000873920860059374
"ENSG00000253975.1",-0.262233309782576,0.000572737242546655,0.0105505759045777
"ENSG00000254004.7",-0.212002274518,0.0056557370737721,0.0488115741873854
"ENSG00000254489.3",-0.235915200870608,0.0020161642012837,0.0247102377701852
"ENSG00000254510.3",-0.271153450749579,0.000362644390314466,0.00780699614165965
"ENSG00000254706.3",-0.215772064255287,0.00484012680953832,0.0437402139248317
"ENSG00000254726.3",-0.276696592581778,0.000270820471859876,0.00638186683363305
"ENSG00000254768.6",-0.338216351998202,6.87771421976736e-06,0.000527838593126133
"ENSG00000254872.3",-0.237973938659079,0.00183580527484274,0.0232130220989697
"ENSG00000255087.5",-0.226040578969374,0.00312605418338372,0.0326257824241974
"ENSG00000255159.1",-0.226871946746994,0.003014815497037,0.0319105658630129
"ENSG00000255371.1",-0.239827048253313,0.00168615771711721,0.0219702464228719
"ENSG00000255552.8",-0.230064749674745,0.00262009636527115,0.0291538799680171
"ENSG00000255571.9",-0.31057550592548,3.9632898755033e-05,0.00170354403904248
"ENSG00000255998.2",-0.323721629745607,1.76011937464975e-05,0.000963627424013528
"ENSG00000256092.3",-0.230652981146663,0.00255270389082325,0.0287672418572595
"ENSG00000256128.7",-0.393555977003709,1.20030205402543e-07,4.29454550400112e-05
"ENSG00000256463.10",-0.410097336224172,3.07328128831353e-08,1.69718618623975e-05
"ENSG00000256537.5",-0.228667296107935,0.00278670872549328,0.0304476394639595
"ENSG00000256637.8",-0.373842561657729,5.53932954736592e-07,0.000111492124124738
"ENSG00000256732.2",-0.332746733869377,9.85993720134204e-06,0.000650576583703096
"ENSG00000257056.3",-0.220723811093762,0.00392948921334535,0.0380559719735463
"ENSG00000257126.6",-0.243990222704419,0.0013896758024061,0.019290674540176
"ENSG00000257302.1",-0.223546042362879,0.00348243506255596,0.0351048801167099
"ENSG00000257923.12",-0.295764943195246,9.45694540609393e-05,0.00313213538658415
"ENSG00000258134.1",-0.226429694808673,0.00307353613914555,0.0322899249556304
"ENSG00000258539.1",-0.287586179943499,0.000149870992209137,0.00434608768845744
"ENSG00000258702.4",-0.239022570473651,0.00174970156882363,0.0224483176529428
"ENSG00000258858.1",-0.25280970068527,0.000912600830173201,0.0144171634881156
"ENSG00000259055.1",-0.268166642190233,0.000423349637419658,0.0087330615239133
"ENSG00000259129.6",-0.23844812697002,0.00179640252982468,0.0228116725030618
"ENSG00000259224.3",-0.284095742138469,0.000181646589482497,0.00491936920322375
"ENSG00000259294.1",-0.219404574590088,0.00415566065941899,0.0392585525218373
"ENSG00000259326.1",-0.315535665448646,2.93078550680152e-05,0.00137871748572739
"ENSG00000259459.6",-0.223975997391653,0.00341851004844792,0.0346637966326268
"ENSG00000259543.1",-0.21148706955809,0.00577626050775611,0.0493722562848346
"ENSG00000259781.1",-0.230780677969473,0.00253828309345189,0.0286705226424893
"ENSG00000259964.7",-0.242760300706785,0.00147188072398692,0.0200026942642773
"ENSG00000259985.1",-0.222255166487746,0.00368088904411655,0.0365031683272176
"ENSG00000260198.1",-0.267822585295804,0.000430916169796979,0.00882076024283051
"ENSG00000260257.2",-0.21615809270937,0.00476287071274026,0.0432765024469933
"ENSG00000260369.2",-0.28472924347749,0.000175449140525013,0.00481002217707814
"ENSG00000260903.3",-0.288480840373982,0.000142605814973198,0.00418142106497655
"ENSG00000260941.1",-0.232186431166997,0.00238434165170937,0.0274069823431553
"ENSG00000261115.7",-0.227215879019949,0.00296985247510215,0.0316323532180377
"ENSG00000261315.2",-0.279709497037025,0.00023048060508948,0.00577976190630607
"ENSG00000261402.1",-0.232993312316364,0.00229985660372404,0.0267054425736013
"ENSG00000261439.1",-0.263256213777426,0.000543928171995436,0.0102275406019245
"ENSG00000261635.2",-0.222180467435375,0.00369267888503942,0.0365053564573415
"ENSG00000261647.1",-0.285998272359234,0.000163622679637425,0.00460299770855982
"ENSG00000261801.7",-0.271536424975182,0.000355472765156452,0.00773114024998811
"ENSG00000261840.4",-0.211416024283498,0.00579305914988785,0.0494825425637529
"ENSG00000262484.2",-0.234380872884934,0.00216090226441363,0.0256871315970517
"ENSG00000262703.1",-0.235190231352464,0.00208341693497448,0.0251784207417491
"ENSG00000263146.3",-0.34807347632025,3.53137352561461e-06,0.000345718137800306
"ENSG00000264343.7",-0.336597717515873,7.6567957846376e-06,0.000565423207317293
"ENSG00000264364.3",-0.340452641306446,5.92415272312101e-06,0.00048080272084806
"ENSG00000265100.1",-0.22071046138465,0.0039317212883498,0.0380630777012004
"ENSG00000265126.1",-0.281421438469277,0.000210124823405209,0.00541908719691627
"ENSG00000265241.8",-0.258117940677582,0.000703450762782768,0.0120823257112716
"ENSG00000265962.2",-0.229672085609,0.00266597588326348,0.0294964221962292
"ENSG00000267122.1",-0.229237894654682,0.00271755359089732,0.0298460933288217
"ENSG00000267309.1",-0.230473845185281,0.00257305885720358,0.028909073042699
"ENSG00000267374.3",-0.227947703281713,0.00287619101355628,0.0309768706312896
"ENSG00000267394.2",-0.235707503722987,0.00203522682799922,0.0248681419488524
"ENSG00000267414.1",-0.393924558666706,1.16534435172691e-07,4.29032500969835e-05
"ENSG00000267470.6",-0.293951528993561,0.000104860057805707,0.00335064157036273
"ENSG00000267493.4",-0.277058738280483,0.000265646491757247,0.00630457544549238
"ENSG00000267575.8",-0.347673169069635,3.62988559938043e-06,0.000349280241973716
"ENSG00000267909.3",-0.34980567397758,3.13362932495651e-06,0.000320982200572057
"ENSG00000267980.1",-0.258373717591558,0.000694587059874717,0.0120137973915772
"ENSG00000268231.1",-0.266085042204766,0.000471076333195518,0.00938541733432071
"ENSG00000268496.1",-0.243303609372005,0.00143503473540391,0.0197725583388578
"ENSG00000268670.1",-0.230452640510748,0.00257547802450164,0.028923460767646
"ENSG00000270231.4",-0.239070418030179,0.00174586201874403,0.0224319481370148
"ENSG00000270629.7",-0.318562852979779,2.43132471928221e-05,0.0012110380753711
"ENSG00000271204.1",-0.220252594449854,0.00400897085601806,0.038517355013399
"ENSG00000271383.8",-0.319929419466428,2.23319341846232e-05,0.00113233158501394
"ENSG00000271425.9",-0.261947979431706,0.000581020821837801,0.0106645028447584
"ENSG00000271828.1",-0.264639405838514,0.000507097138028879,0.00981095856614441
"ENSG00000271860.8",-0.325528082761358,1.56965848119439e-05,0.00089203656370875
"ENSG00000271937.1",-0.259146618794785,0.000668424141098157,0.0117040251374498
"ENSG00000272031.3",-0.292085600651106,0.000116535124335962,0.00362342933109722
"ENSG00000272100.1",-0.220980939417764,0.00388671922349949,0.037794006156665
"ENSG00000272235.1",-0.390873574329824,1.48675273474974e-07,4.68772852001765e-05
"ENSG00000272381.2",-0.224319876915862,0.00336814661718829,0.0343480644385525
"ENSG00000272405.1",-0.245977652148742,0.00126566689036917,0.0180729263721462
"ENSG00000272512.1",-0.26111952616569,0.00060570257960779,0.010966972651302
"ENSG00000272717.1",-0.306003847336648,5.20968806662365e-05,0.00205908229141917
"ENSG00000272768.1",-0.225226124733927,0.00323861204712357,0.0334139639170213
"ENSG00000272841.1",-0.283531843984779,0.000187334093559442,0.00503049469206184
"ENSG00000272865.2",-0.259331807049456,0.000662291801006925,0.0116349921306908
"ENSG00000273319.1",-0.271396156173362,0.000358084063074562,0.00776144151389343
"ENSG00000274372.5",-0.218902775879883,0.00424471708939207,0.0398479483450949
"ENSG00000274565.1",-0.215963032952984,0.00480176880825164,0.0435174217038945
"ENSG00000275026.1",-0.275804553917872,0.000283966937027877,0.00663625768290631
"ENSG00000275111.5",-0.272412867789188,0.00033955212176176,0.00753989733314159
"ENSG00000275221.2",-0.212346093847171,0.00557656207104307,0.0484028984590858
"ENSG00000275468.1",-0.255183160933302,0.000812880502372865,0.013330925372355
"ENSG00000275714.2",-0.23619376868562,0.00199085192254447,0.0245174328443965
"ENSG00000276043.5",-0.212613865108044,0.00551558754368877,0.0481320750162576
"ENSG00000276203.5",-0.246193702278389,0.00125281489068429,0.0179600771264408
"ENSG00000276386.1",-0.237603278887306,0.00186715152152481,0.0235157412500222
"ENSG00000276644.5",-0.218674758047011,0.00428574829065776,0.0400903248892888
"ENSG00000276754.1",-0.226566894361725,0.00305520962702416,0.0321425903089983
"ENSG00000277022.1",-0.244641294920237,0.00134787884378976,0.0188651053822542
"ENSG00000277342.1",-0.311929028536105,3.65190726923937e-05,0.00161338087583457
"ENSG00000277938.1",-0.226954228539763,0.00300400297522568,0.0318359147182553
"ENSG00000278177.1",-0.239332691855913,0.00172495176785841,0.0222624117621618
"ENSG00000279068.1",-0.231364375777284,0.00247330170511629,0.0281745664641566
"ENSG00000279071.1",-0.211527489127124,0.00576672274619938,0.0493405382019881
"ENSG00000279121.1",-0.252305476974244,0.000935182360309749,0.0146482529292818
"ENSG00000279207.1",-0.255703441294793,0.000792405588152803,0.0131136672025053
"ENSG00000279232.2",-0.211544249024742,0.00576277206055066,0.0493399725831373
"ENSG00000279319.1",-0.250319902251035,0.00102918312339199,0.0156925550631509
"ENSG00000279462.1",-0.22258051653264,0.00362993322271184,0.0361046177198704
"ENSG00000279497.1",-0.235071461529434,0.00209462715419486,0.0252418470578804
"ENSG00000279520.1",-0.214874689184553,0.00502407745882255,0.0448284649408041
"ENSG00000279605.1",-0.234917761482579,0.00210921567441615,0.0253209103038413
"ENSG00000279722.1",-0.235017345114296,0.00209975314859014,0.0252796347078841
"ENSG00000279839.1",-0.266141126499527,0.000469727758579584,0.00937538481059709
"ENSG00000279873.2",-0.250034568478457,0.00104338174090425,0.0158333490825512
"ENSG00000279953.1",-0.227161675647711,0.00297689811015886,0.0316662128289201
"ENSG00000280028.1",-0.260846633743681,0.000614042129733716,0.0110549342463682
"ENSG00000280152.1",-0.22638912317016,0.00307897451965617,0.0323336873595807
"ENSG00000280153.1",-0.292942203495377,0.000111032177430051,0.00350270950679579
"ENSG00000280165.1",-0.264322062475219,0.00051533754132343,0.00989502612414141
"ENSG00000280365.1",-0.275076508445365,0.000295133088609207,0.00682811097444416
"ENSG00000280594.2",-0.225402746337617,0.00321389672107779,0.0332421084713107
"ENSG00000281160.1",-0.376843473061949,4.41718745452959e-07,9.59058229977907e-05
"ENSG00000282542.1",-0.218035597006537,0.00440267010520729,0.0408838827161898
"ENSG00000284966.3",-0.336144863738992,7.8893021321298e-06,0.000567552892199265
"ENSG00000285106.2",-0.301680218065281,6.71944812034084e-05,0.00245250202012957
"ENSG00000285245.1",-0.234035071188165,0.00219479928331558,0.0259323191600305
"ENSG00000285577.1",-0.286046914458278,0.000163184513670771,0.00459979351444798
"ENSG00000285605.1",-0.223587296035932,0.00347625511162085,0.0350911369562121
"ENSG00000285781.1",-0.305797257864217,5.27390246611035e-05,0.00207655417896293
"ENSG00000285833.1",-0.25265476017298,0.000919485931821527,0.0144856661003657
"ENSG00000285971.1",-0.239694767642626,0.00169645958650176,0.0220435615733525
"ENSG00000286019.1",-0.226731296423969,0.00303337962883499,0.0320178015587114
"ENSG00000286219.2",-0.25318882675162,0.000895952766625983,0.014242733498498
"ENSG00000286232.1",-0.212311297775207,0.00558452961817204,0.0484254449259771
"ENSG00000286246.1",-0.431310351327386,4.79073105277373e-09,4.34639074762897e-06
"ENSG00000286394.1",-0.335700744975555,8.12380849160973e-06,0.000571659576488537
"ENSG00000286518.1",-0.237529648707774,0.00187343604439475,0.0235598494236435
"ENSG00000286648.1",-0.228035495984774,0.0028651363868594,0.0309057578069594
"ENSG00000286742.1",-0.23105373514368,0.00250769421662372,0.0284258874528792
"ENSG00000286786.1",-0.240617402280206,0.00162578503738765,0.021487938243891
"ENSG00000286835.1",-0.231137553925485,0.00249837178428594,0.028371094517754
"ENSG00000286954.1",-0.29338869176517,0.000108261115363709,0.00343340463618516
"ENSG00000286979.1",-0.253360576111122,0.000888503163230003,0.014159752732454
"ENSG00000287021.1",-0.256010646137242,0.000780539780796088,0.0129934810298578
"ENSG00000287080.2",-0.223062216458871,0.00355565704149143,0.0355887926812478
"ENSG00000287105.1",-0.265470559411102,0.000486088142792268,0.00959448103446152
"ENSG00000287385.1",-0.228088959216698,0.00285842328274405,0.0308991828026188
"ENSG00000287528.1",-0.263481389430756,0.000537768713086895,0.0101356145907436
"ENSG00000287537.1",-0.244266809964588,0.0013717770781425,0.0191093619454482
"ENSG00000287591.1",-0.233220130916478,0.00227660168175851,0.0265504435542012
"ENSG00000287717.1",-0.257624160749196,0.000720857534082031,0.012270204462392
"ENSG00000287828.1",-0.351586831812624,2.76925399436045e-06,0.00029955375129029
"ENSG00000287872.1",-0.255979402783875,0.000781739047953377,0.0130029114165285
"ENSG00000287922.1",-0.211601178670436,0.00574937051362583,0.0492715128348176
"ENSG00000287959.1",-0.228429568083654,0.00281598785600154,0.0306095590526346
"ENSG00000288062.1",-0.219997030069548,0.0040526800054807,0.0387467934434423
"ENSG00000288090.1",-0.284123826021255,0.000181367583600908,0.00491705520407029
"ENSG00000288398.1",-0.304809805507084,5.59123144040794e-05,0.00215529669621674
"ENSG00000288988.1",-0.266308185861921,0.000465731853645244,0.00933043081873038
"ENSG00000289055.1",-0.279713139799735,0.000230435407666984,0.00577976190630607
"ENSG00000289128.1",-0.259046641827865,0.000671756490792842,0.0117473028941573
"ENSG00000289294.1",-0.218609384257618,0.0042975776887949,0.0401231567729942
"ENSG00000289296.1",-0.274854513835235,0.000298618094598676,0.00688366193928328
"ENSG00000289519.1",-0.226467156533735,0.00306852233309447,0.0322505886750512
"ENSG00000289594.1",-0.217837509874659,0.00443948335294107,0.0410926651833017
"ENSG00000289611.1",-0.225223188161127,0.00323902441921945,0.0334139639170213
"ENSG00000289612.1",-0.261254405681387,0.000601619370308703,0.0109085916230921
