"Gene","R","P","FDR"
"ENSG00000000938.13",0.212335382012798,0.00557901376562624,0.0484028984590858
"ENSG00000000971.17",0.295586998602721,9.55357708648589e-05,0.00316001977510418
"ENSG00000001084.13",0.241797614736651,0.00153929612067256,0.0207461400662734
"ENSG00000002933.9",0.391692151076504,1.39303336273143e-07,4.58876353039091e-05
"ENSG00000003400.16",0.245860225556109,0.00127270263825611,0.0181427974857575
"ENSG00000003402.21",0.220463620156065,0.00397319934267269,0.0383040542322256
"ENSG00000004939.16",0.219673293476178,0.00410866386030996,0.0390560942057782
"ENSG00000005243.10",0.313838592727173,3.25155441068983e-05,0.00148027305904577
"ENSG00000005844.19",0.269229925669767,0.000400735881771994,0.00844103947317906
"ENSG00000005884.18",0.301589969663533,6.7549498698745e-05,0.00245410635118439
"ENSG00000005961.19",0.213521042104496,0.00531342049159272,0.0467857264290918
"ENSG00000006282.21",0.218726842224247,0.00427634460110443,0.0400412760419668
"ENSG00000006327.14",0.219024072285891,0.00422303429315399,0.0397250958358867
"ENSG00000006459.11",0.221135619900337,0.00386119242895023,0.0376823852424299
"ENSG00000006534.17",0.305775555328579,5.28069125540312e-05,0.00207655417896293
"ENSG00000007062.12",0.3426214584228,5.12015733784691e-06,0.000434853041783973
"ENSG00000007384.15",0.297261213572899,8.67983490174418e-05,0.00292820512628164
"ENSG00000007908.16",0.387606126811396,1.92464355756366e-07,5.75196709326938e-05
"ENSG00000008226.20",0.321960694442288,1.96662550449556e-05,0.00104734146102098
"ENSG00000008405.12",0.29996067639558,7.42692078391633e-05,0.00262110652640129
"ENSG00000009790.15",0.339956939835721,6.12402932751752e-06,0.000492366891931923
"ENSG00000010282.15",0.249472052708487,0.00107190074957866,0.0161025989009738
"ENSG00000010327.10",0.395299351425709,1.04336800234855e-07,3.89774667112651e-05
"ENSG00000010379.16",0.276802068215443,0.000269303960689617,0.00636384047757986
"ENSG00000010610.10",0.376900352858119,4.39817872498064e-07,9.59058229977907e-05
"ENSG00000010626.15",0.287223008908706,0.000152917527577543,0.00440863654249529
"ENSG00000011243.19",0.303484431863808,6.04539057970967e-05,0.00228528358476733
"ENSG00000011304.22",0.233048772889569,0.00229415059521034,0.0266719943112715
"ENSG00000011478.13",0.257234634820041,0.000734867980748332,0.0124618500099799
"ENSG00000011600.12",0.30170246200301,6.710724757414e-05,0.00245250202012957
"ENSG00000012061.16",0.235323365223077,0.00207091579535597,0.0250813120919503
"ENSG00000012171.20",0.321737971944503,1.99431643318786e-05,0.00105294770665526
"ENSG00000012223.13",0.24276421172813,0.00147161242827522,0.0200026942642773
"ENSG00000012779.12",0.241479237022944,0.00156220424432929,0.0209307354528992
"ENSG00000012822.16",0.237697525089646,0.00185913537400501,0.0234372212653351
"ENSG00000013297.12",0.356038308879037,2.02654757571081e-06,0.000245144705075151
"ENSG00000013364.19",0.459946263914678,3.15308453417921e-10,7.07110978701671e-07
"ENSG00000013523.11",0.290035501579668,0.000130757294581219,0.00395903164987687
"ENSG00000013588.9",0.215414689905306,0.00491264791685192,0.044166759871369
"ENSG00000015568.13",0.22457376233682,0.00333139409902367,0.034114704277759
"ENSG00000018280.17",0.478433294625721,4.73871761904948e-11,1.33752937418571e-07
"ENSG00000018408.15",0.32944496775147,1.22143460282088e-05,0.000764238995454653
"ENSG00000019582.17",0.404175007856831,5.04836685322235e-08,2.33170296677104e-05
"ENSG00000021355.13",0.303142426999431,6.16807994887107e-05,0.00232474384185715
"ENSG00000023892.11",0.298657337225734,8.00903146499548e-05,0.0027496269680061
"ENSG00000024422.12",0.268694033823451,0.000411989535406074,0.00860671888809251
"ENSG00000024862.18",0.22159033585417,0.0037870226939035,0.0371793968327371
"ENSG00000025156.13",0.231465192483299,0.00246223207587912,0.0280862512005197
"ENSG00000025708.14",0.301972810245329,6.6055481800339e-05,0.00243542438922208
"ENSG00000026297.17",0.267183773655651,0.000445297771805039,0.00901998777882047
"ENSG00000026508.21",0.339539506883326,6.29729007986967e-06,0.000498804471646131
"ENSG00000027001.10",0.236468770864552,0.00196614748591246,0.0243134464645026
"ENSG00000027644.5",0.318215229022007,2.48430656870788e-05,0.0012183173699785
"ENSG00000027697.16",0.279934345831688,0.000227706200249383,0.00576137510451702
"ENSG00000027869.12",0.32118343021432,2.06486925390158e-05,0.00106830699912142
"ENSG00000028137.19",0.371367049897563,6.66523793790897e-07,0.000123799726334836
"ENSG00000030419.17",0.221012641438081,0.00388147512193472,0.0377782040316122
"ENSG00000034152.19",0.271826186738138,0.000350134238751593,0.00766317928320684
"ENSG00000034677.13",0.245088654695504,0.00131982920894537,0.0185954638906485
"ENSG00000038945.15",0.373017345158933,5.89276328495858e-07,0.000114799705979989
"ENSG00000039068.20",0.241756682122051,0.00154222405712753,0.0207725968839929
"ENSG00000039139.11",0.280785435367271,0.00021748349161724,0.00554692082083608
"ENSG00000043462.13",0.261565637475828,0.000592294136102073,0.0107927458697993
"ENSG00000047457.14",0.352342666898606,2.62713634535172e-06,0.000288905387796406
"ENSG00000048471.14",0.223884340665492,0.00343204795704076,0.0347624857466931
"ENSG00000049540.19",0.289350001085601,0.000135863625772509,0.00406032745087492
"ENSG00000052850.8",0.318335157221501,2.46590637346221e-05,0.00121521518703799
"ENSG00000053328.9",0.216999901370117,0.00459822214620455,0.0423187045907429
"ENSG00000054598.9",0.254954676472286,0.000822024988303899,0.0134116254193217
"ENSG00000054690.14",0.247450004200152,0.0011804188500187,0.0172136510028847
"ENSG00000055118.17",0.278474372276738,0.000246289727298511,0.00604563170146625
"ENSG00000056558.11",0.212525319544812,0.00553568405416317,0.0481585554890093
"ENSG00000059377.18",0.304688395295873,5.6314624373484e-05,0.00216096737607192
"ENSG00000060138.13",0.41900944449598,1.42975910578009e-08,9.8162623146302e-06
"ENSG00000060709.16",0.263756377270214,0.00053033405030609,0.0100612964002432
"ENSG00000061273.18",0.222226763213624,0.00368536796482216,0.0365053564573415
"ENSG00000061656.11",0.41233278899174,2.54183732992682e-08,1.46750667482116e-05
"ENSG00000062716.13",0.238820541781299,0.00176599842775178,0.0225889516919328
"ENSG00000064012.24",0.260856700644643,0.000613732615339125,0.0110549342463682
"ENSG00000064042.18",0.260357059391442,0.000629269326755234,0.0112414407226183
"ENSG00000064932.16",0.374335904415273,5.33780609294084e-07,0.000110240884698355
"ENSG00000064989.13",0.218864437164258,0.00425159125210273,0.0398830031673433
"ENSG00000065457.11",0.253002125165608,0.000904115969506531,0.0143187393848968
"ENSG00000065485.20",0.274585908340131,0.000302885882246079,0.00693887096438035
"ENSG00000065534.20",0.261564347956595,0.000592332496514587,0.0107927458697993
"ENSG00000065613.15",0.26786217017981,0.00043003928934519,0.00880990973164183
"ENSG00000066336.12",0.264682084762881,0.000505998235225221,0.00979870294739614
"ENSG00000066629.18",0.256189215798913,0.000773717852720837,0.0129392722927369
"ENSG00000067066.17",0.347332067794927,3.71588238298218e-06,0.000354866767574798
"ENSG00000067141.17",0.279183078705438,0.00023709949540199,0.00590866563680416
"ENSG00000067167.8",0.262066350210336,0.000577571010413225,0.0106165241516116
"ENSG00000067182.8",0.34592285947149,4.09211366589054e-06,0.00037312355520777
"ENSG00000067798.16",0.216257675405876,0.00474312147101812,0.0431862059957969
"ENSG00000068079.8",0.345497596292132,4.21257783268947e-06,0.000376673651768491
"ENSG00000068697.7",0.223794428151538,0.00344537521209344,0.0348557811679848
"ENSG00000069399.15",0.279476769851933,0.000233385306201211,0.00584107087037375
"ENSG00000069702.11",0.338700161304226,6.6598378120302e-06,0.000517369602259948
"ENSG00000070214.16",0.401055871994022,6.53133079924937e-08,2.86061028091951e-05
"ENSG00000070371.16",0.246458608442301,0.00123721963582118,0.0178310749280451
"ENSG00000071205.12",0.258699830334323,0.000683435118179837,0.0119157874448335
"ENSG00000073008.15",0.337360733950293,7.27966311288077e-06,0.000552015767332866
"ENSG00000073614.13",0.236738283116919,0.0019422071281654,0.0241379098223022
"ENSG00000073792.16",0.23940787493469,0.00171899989377369,0.0222244877457313
"ENSG00000074695.6",0.393235300237345,1.23153220601145e-07,4.34508508740401e-05
"ENSG00000075651.17",0.264434127399014,0.00051241354616719,0.00987620736971558
"ENSG00000076344.16",0.234546675701813,0.00214481883084198,0.0255556153422086
"ENSG00000076513.17",0.31210850693138,3.61239019501513e-05,0.00160429279937009
"ENSG00000076944.17",0.373916121287403,5.50882708734927e-07,0.000111492124124738
"ENSG00000077238.14",0.263895445330936,0.000526610404935091,0.0100196960903665
"ENSG00000077522.15",0.237455281831483,0.00187980298556888,0.023616535728193
"ENSG00000077585.14",0.24487420436557,0.00133320803753376,0.018717037973367
"ENSG00000077942.19",0.28259761405128,0.000197123169123192,0.00521073867350307
"ENSG00000078043.16",0.284137598043157,0.000181230908191406,0.00491705520407029
"ENSG00000078114.19",0.347089396755381,3.7782379015526e-06,0.000356797685550709
"ENSG00000078795.17",0.221883486733992,0.00373988894807898,0.0368234104449808
"ENSG00000078900.15",0.36014033604122,1.51343601751997e-06,0.00020341701139185
"ENSG00000079277.22",0.332626491030957,9.93755884133937e-06,0.000653999500638715
"ENSG00000079974.19",0.370643087660222,7.0338092042768e-07,0.000123799726334836
"ENSG00000080298.16",0.289771659005515,0.000132701080006918,0.00399719280034705
"ENSG00000080823.23",0.461520248275377,2.69499287455303e-10,6.84609039922706e-07
"ENSG00000081041.9",0.235593753391757,0.00204573624863175,0.0249245594565812
"ENSG00000081059.20",0.298998604906044,7.85261342323157e-05,0.00272513577582447
"ENSG00000081237.20",0.398405099818592,8.11258887455114e-08,3.27117611397179e-05
"ENSG00000081791.9",0.212529220450843,0.00553479731828531,0.0481585554890093
"ENSG00000082074.19",0.212292025410603,0.00558894695103696,0.0484294842771518
"ENSG00000082146.13",0.22212165631505,0.00370198504009299,0.0365635793053974
"ENSG00000083838.17",0.234565409599844,0.00214300843510489,0.0255556153422086
"ENSG00000083844.10",0.233251888409911,0.00227336278829016,0.0265396300142165
"ENSG00000085063.17",0.347195915316152,3.75074601687324e-06,0.000355523138308324
"ENSG00000085733.16",0.219775999786882,0.00409082796809899,0.0389872185272247
"ENSG00000085871.9",0.302092487179915,6.55948431237214e-05,0.00242195610446496
"ENSG00000086062.13",0.366056982756394,9.86165418761348e-07,0.000154639260078979
"ENSG00000086619.15",0.265501268241149,0.000485327552780653,0.00959122420035231
"ENSG00000086730.17",0.212288724334375,0.00558970388932839,0.0484294842771518
"ENSG00000087116.16",0.269741130995336,0.000390266497636399,0.00829773868214525
"ENSG00000087245.13",0.233782897921576,0.00221982216262776,0.0261428569296398
"ENSG00000087303.19",0.307162073972183,4.86306236889029e-05,0.00195778721643296
"ENSG00000088340.17",0.235558410816275,0.00204901159007693,0.0249245594565812
"ENSG00000088387.21",0.286836386547301,0.000156224209827556,0.00445405567031357
"ENSG00000088826.18",0.375301183304834,4.96358336544681e-07,0.000103352383797086
"ENSG00000088827.13",0.353115870159861,2.48894601633191e-06,0.000276099107654496
"ENSG00000088876.13",0.220283936622709,0.00400363970763181,0.0384952534038497
"ENSG00000089116.4",0.227142191146425,0.00297943449691188,0.0316662128289201
"ENSG00000089127.15",0.214893879742694,0.00502007898719678,0.0448242764540456
"ENSG00000089159.17",0.299913002065562,7.44749577429541e-05,0.00262397690921534
"ENSG00000090339.9",0.456057676438898,4.631194370423e-10,7.84308203945703e-07
"ENSG00000090382.7",0.229042043245756,0.00274111317145532,0.0300494248500338
"ENSG00000090530.10",0.234295796243084,0.0021691974508245,0.0257398859092654
"ENSG00000091136.15",0.244063993395503,0.00138488114403733,0.0192451508216522
"ENSG00000091262.17",0.300069507431397,7.38015159496935e-05,0.00261111408032042
"ENSG00000091317.8",0.25555286999359,0.000798281797177899,0.01317657731885
"ENSG00000091513.16",0.259030686244521,0.000672289723150917,0.0117473028941573
"ENSG00000091536.20",0.270060162293239,0.000383861761521554,0.00819431960330423
"ENSG00000092850.12",0.361361528015528,1.3863571949748e-06,0.000191400172956222
"ENSG00000094963.14",0.230608689294959,0.0025577230850756,0.0287877002792094
"ENSG00000095637.23",0.277893777484778,0.000254064249638813,0.00615839134883087
"ENSG00000095739.11",0.237837142461479,0.00184731774085366,0.0233237637032334
"ENSG00000096060.15",0.255522252785651,0.000799481559060575,0.0131792537604256
"ENSG00000096093.16",0.302358826385788,6.45804892274977e-05,0.0023949462304323
"ENSG00000096433.11",0.251722204026661,0.000961943399110496,0.014982371653957
"ENSG00000096696.15",0.254225972958244,0.000851824945415139,0.0137389898973846
"ENSG00000099219.15",0.232470515204185,0.00235428053142259,0.0271844492453309
"ENSG00000099331.14",0.221666045634352,0.00377479886664646,0.037109603564017
"ENSG00000099860.9",0.29181124872454,0.000118350809067786,0.0036595278943695
"ENSG00000099937.11",0.309041057318574,4.34644008160337e-05,0.00180708048106335
"ENSG00000099958.15",0.268743676802115,0.000410934876291998,0.00859175198555195
"ENSG00000099985.4",0.277346314044348,0.000261603467174941,0.00627358403736275
"ENSG00000100055.21",0.313329631621799,3.3540198282837e-05,0.00151605277042511
"ENSG00000100100.13",0.2474586163099,0.00117993606568819,0.0172136510028847
"ENSG00000100218.12",0.212280075363134,0.00559168753710429,0.0484301529168293
"ENSG00000100225.18",0.228090263518335,0.00285825968623416,0.0308991828026188
"ENSG00000100234.12",0.366188447311333,9.7672942456048e-07,0.000154639260078979
"ENSG00000100276.10",0.222922814948414,0.00357701003213436,0.0357180761974486
"ENSG00000100285.10",0.238664266426031,0.00177869926730384,0.0226942729720339
"ENSG00000100292.18",0.376130361340645,4.66226775846707e-07,9.86963232236158e-05
"ENSG00000100307.13",0.305327551507432,5.42267817343371e-05,0.00211282308099933
"ENSG00000100342.21",0.284497732821063,0.000177690763433586,0.00484321723551866
"ENSG00000100344.11",0.283751043750271,0.000185103808402705,0.00499171130026956
"ENSG00000100346.18",0.221135290339049,0.00386124665535744,0.0376823852424299
"ENSG00000100365.16",0.314364045976529,3.14886510998912e-05,0.00144387401424285
"ENSG00000100368.15",0.295216661043605,9.7576563504815e-05,0.00320242044492632
"ENSG00000100429.18",0.21114412675221,0.00585775318799474,0.049917646506082
"ENSG00000100478.16",0.223819594186268,0.00344164028786642,0.0348318678217812
"ENSG00000100490.10",0.224618268806514,0.00332498874469638,0.034096912424956
"ENSG00000100503.26",0.211263589196407,0.00582924978103673,0.0497247925411941
"ENSG00000100599.16",0.33046089528049,1.14385333891567e-05,0.000726935226113972
"ENSG00000100722.20",0.213821960626258,0.00524783986753996,0.0464060987772369
"ENSG00000100767.17",0.263664815197657,0.000532798946974265,0.0100779535740784
"ENSG00000100836.11",0.214695507846181,0.00506154892616706,0.0450782498384929
"ENSG00000100906.11",0.366476456901239,9.56357378855176e-07,0.000153761686677582
"ENSG00000100979.15",0.408338699546718,3.564895767142e-08,1.84814381985119e-05
"ENSG00000101096.20",0.36412057276461,1.13563507679238e-06,0.000162986089580546
"ENSG00000101115.13",0.227608862929726,0.00291921966208394,0.031263525551678
"ENSG00000101160.15",0.386552857175523,2.09041121046026e-07,5.96659730104741e-05
"ENSG00000101187.16",0.230731165706646,0.00254386572406718,0.0287062554844986
"ENSG00000101194.18",0.330643066442218,1.13044428294211e-05,0.000721524525617546
"ENSG00000101265.16",0.216322246399347,0.00473035503654072,0.0431318050944882
"ENSG00000101335.10",0.220321822920877,0.00399720395136852,0.0384479257768324
"ENSG00000101336.18",0.330778876937872,1.12054458961051e-05,0.000717007410828103
"ENSG00000102466.16",0.266069164882428,0.000471458760802743,0.00938541733432071
"ENSG00000102678.7",0.299074404023128,7.81826197579466e-05,0.0027169262513148
"ENSG00000102904.15",0.294095175611816,0.000104008191144866,0.00334445579702915
"ENSG00000103024.8",0.216901642634875,0.00461717352598105,0.0424042151411774
"ENSG00000103196.12",0.342133697176122,5.29139703929434e-06,0.000443621646829024
"ENSG00000103222.20",0.271217220761903,0.00036144099618867,0.00779430019200406
"ENSG00000103319.12",0.277286553969785,0.000262438897874901,0.00627358403736275
"ENSG00000103335.22",0.232861351805085,0.00231348506036068,0.0267986598214055
"ENSG00000103351.13",0.358147809664182,1.74491091232717e-06,0.000227704411822379
"ENSG00000103365.15",0.255831141021893,0.00078745317260962,0.0130742960417008
"ENSG00000103888.17",0.329941191975117,1.18293879866639e-05,0.000745662389640751
"ENSG00000104213.13",0.215551656340932,0.00488473932797432,0.0439868958342898
"ENSG00000104218.16",0.358501625131615,1.70148536908492e-06,0.000225118920994084
"ENSG00000104313.20",0.346833065337365,3.84518237842015e-06,0.000361774696144471
"ENSG00000104415.14",0.365229327079255,1.04759832502026e-06,0.000157468285505857
"ENSG00000104419.17",0.225164854830185,0.0032472257846659,0.0334506393381459
"ENSG00000104450.13",0.260147483223079,0.000635893546646464,0.01131200740507
"ENSG00000104518.11",0.236095235860878,0.00199977195670529,0.0245648970097604
"ENSG00000104728.16",0.22892299964284,0.00275552349686746,0.0301717945650534
"ENSG00000104756.16",0.24635835074894,0.00124310087721064,0.0178712459444153
"ENSG00000104774.13",0.227542506568572,0.00292771397963876,0.0313016490844964
"ENSG00000104951.16",0.248167562140711,0.00114080788701546,0.0168194676458814
"ENSG00000104953.20",0.228482733131819,0.00280941586546864,0.0305511948760702
"ENSG00000104972.16",0.295194475038683,9.77001080509348e-05,0.00320242044492632
"ENSG00000105327.18",0.249564710922072,0.0010671544425237,0.016050280819082
"ENSG00000105339.11",0.360287600583906,1.4975428010685e-06,0.000202351488167782
"ENSG00000105383.15",0.211794660688316,0.00570403172345643,0.0490353698378896
"ENSG00000105472.14",0.215686380503845,0.0048574263731824,0.0438351488191025
"ENSG00000105479.16",0.413107727900368,2.37915731441579e-08,1.40552868042103e-05
"ENSG00000105499.14",0.240507547139965,0.00163405685692181,0.0215300551537266
"ENSG00000105519.18",0.389047105649919,1.71813575416292e-07,5.1959288765477e-05
"ENSG00000105559.12",0.252683472066245,0.000918206470102798,0.0144787082309257
"ENSG00000105609.17",0.364845269355929,1.07732917970506e-06,0.000160759780151031
"ENSG00000105639.20",0.357380261359514,1.84277227332596e-06,0.000232895244076116
"ENSG00000105641.4",0.301749554403319,6.69229164815142e-05,0.00245250202012957
"ENSG00000105835.13",0.345903898609202,4.09741429361658e-06,0.00037312355520777
"ENSG00000105856.14",0.227183051970363,0.00297411770224446,0.0316645062825298
"ENSG00000105875.15",0.345364578207202,4.2509440432169e-06,0.000376673651768491
"ENSG00000105948.13",0.336470141217335,7.72163123347514e-06,0.000566651277813865
"ENSG00000106034.18",0.237905820217589,0.00184152978153302,0.0232738214130762
"ENSG00000106049.9",0.254316187747111,0.000848082558363949,0.0136873197141801
"ENSG00000106100.11",0.281880220535495,0.000204961228139746,0.00536765987467419
"ENSG00000106333.13",0.29891244065825,7.89183395736811e-05,0.00273272632338178
"ENSG00000106565.18",0.304943102188061,5.54737246945096e-05,0.0021416398608125
"ENSG00000106624.11",0.302233948348823,6.50542418553196e-05,0.00240899840503015
"ENSG00000106809.11",0.318427234445552,2.45186652828464e-05,0.00121176586416371
"ENSG00000106823.13",0.371005783044703,6.84679242933041e-07,0.000123799726334836
"ENSG00000107249.24",0.281265492293779,0.000211907391963366,0.00543745805863171
"ENSG00000107317.13",0.336177399975813,7.87237668200564e-06,0.000567552892199265
"ENSG00000107331.18",0.251403677055731,0.000976852651180702,0.0151588197299593
"ENSG00000107438.9",0.21899772548469,0.00422773553310382,0.0397472856208129
"ENSG00000107738.20",0.347781365534575,3.60300497827696e-06,0.000349280241973716
"ENSG00000107796.13",0.235369258531985,0.00206662228801516,0.0250589050035556
"ENSG00000108001.16",0.234068359874874,0.00219151529576248,0.0259176271220923
"ENSG00000108370.17",0.239194327382652,0.00173595450960991,0.0223396415438807
"ENSG00000108506.13",0.230387213667751,0.00258295534072291,0.0289831625473239
"ENSG00000108551.5",0.230166161037583,0.00260836410085383,0.0290615233570131
"ENSG00000108576.10",0.311781783466376,3.68463063970599e-05,0.00162219535772013
"ENSG00000108691.10",0.355618893455306,2.08747601986906e-06,0.000247109085899024
"ENSG00000108799.13",0.329887081664886,1.18708011279879e-05,0.000746420695678901
"ENSG00000108821.14",0.296196703236031,9.22626943895425e-05,0.003079828154504
"ENSG00000109072.14",0.24007449287033,0.00166703997530638,0.0218062906759567
"ENSG00000109083.14",0.245061167505049,0.00132153715498353,0.0186092064013563
"ENSG00000109193.12",0.269180375908185,0.000401764353528531,0.00844869194758715
"ENSG00000109381.21",0.272289395981281,0.000341754265917713,0.00756235506716695
"ENSG00000109610.6",0.264071969206008,0.000521918628389346,0.00995456215181529
"ENSG00000109625.19",0.30256544272898,6.38037436840856e-05,0.00237654912141763
"ENSG00000109861.17",0.367743782627688,8.71432944381817e-07,0.000142819426362137
"ENSG00000109906.15",0.230736489669811,0.00254326490049106,0.0287062554844986
"ENSG00000109944.11",0.224255292455855,0.00337755406431875,0.0343635194770192
"ENSG00000110077.15",0.361588723378689,1.36386545110217e-06,0.00018932390193633
"ENSG00000110079.19",0.369870130216738,7.44877368543383e-07,0.000128721903354473
"ENSG00000110318.15",0.254739897330408,0.000830707097361994,0.0134926166203879
"ENSG00000110324.12",0.268626549219995,0.000413427255617692,0.00862257190021036
"ENSG00000110446.12",0.264323620176557,0.00051529679241364,0.00989502612414141
"ENSG00000110628.16",0.260511240821221,0.000624436687081706,0.0111708205365751
"ENSG00000110665.12",0.229256909972298,0.00271527597126149,0.0298339772915033
"ENSG00000110675.13",0.218671608896197,0.00428631745854066,0.0400903248892888
"ENSG00000110719.10",0.291991024224435,0.000117158078593032,0.00363390313858217
"ENSG00000110852.5",0.266608274990448,0.000458632830640133,0.00923018057963137
"ENSG00000110921.14",0.316690330204592,2.72984118872714e-05,0.00131089141242411
"ENSG00000110934.13",0.254163662808381,0.000854418616936677,0.0137633456728233
"ENSG00000111145.8",0.233667522989819,0.00223135684294836,0.0262422027228783
"ENSG00000111199.12",0.323751228688578,1.7568299546433e-05,0.000963627424013528
"ENSG00000111321.11",0.332124802263636,1.02677036258727e-05,0.000672243492804238
"ENSG00000111341.10",0.370622144556327,7.04475572380307e-07,0.000123799726334836
"ENSG00000111348.9",0.239871594317006,0.00168270137488161,0.0219702464228719
"ENSG00000111361.13",0.21212923121347,0.00562638511373046,0.0486146466136377
"ENSG00000111644.8",0.271869393264587,0.000349344604832025,0.00765694650262979
"ENSG00000111679.17",0.271990336799326,0.0003471430329657,0.00763504282807592
"ENSG00000111837.12",0.256312759984932,0.000769030221041582,0.0128778343474748
"ENSG00000111859.17",0.290380091624515,0.000128258650233521,0.00389134031709056
"ENSG00000111885.7",0.259549518709209,0.000655148791070157,0.0115494411794276
"ENSG00000111961.19",0.279735283606996,0.000230160836628142,0.00577976190630607
"ENSG00000112096.19",0.233025612095744,0.00229653190704464,0.0266874657066125
"ENSG00000112175.8",0.236703218193658,0.00194530681005137,0.0241528000467913
"ENSG00000112182.16",0.235530204303982,0.00205162902338594,0.0249246925304031
"ENSG00000112343.11",0.277559806669856,0.000258639033103618,0.00622768469946086
"ENSG00000112378.12",0.252647982648449,0.000919788191154191,0.0144856661003657
"ENSG00000112769.20",0.238594454618696,0.00178439986720186,0.0227339033509347
"ENSG00000112837.17",0.325015737574132,1.62159992388649e-05,0.00091338143828134
"ENSG00000112936.20",0.339525892443442,6.30301844615466e-06,0.000498804471646131
"ENSG00000113580.15",0.230266809029372,0.00259676723055187,0.0289831625473239
"ENSG00000113712.19",0.245372192733347,0.00130232869167688,0.018389691914768
"ENSG00000113916.18",0.333301758315725,9.50902526576126e-06,0.000633528882833467
"ENSG00000114251.15",0.212653072925396,0.00550670970659801,0.0481041769864888
"ENSG00000114331.16",0.234295177707321,0.00216925786539237,0.0257398859092654
"ENSG00000114473.14",0.304136789891234,5.81769026871742e-05,0.00222080516173032
"ENSG00000114529.13",0.230298547205563,0.00259311999229594,0.0289831625473239
"ENSG00000114541.15",0.291801410938589,0.000118416404722739,0.0036595278943695
"ENSG00000114670.14",0.237489594406337,0.00187686286140347,0.0235912653479625
"ENSG00000114698.15",0.26257505572257,0.000562959300819601,0.0104614887481495
"ENSG00000114737.16",0.330958494595978,1.10757755863677e-05,0.000710499816213379
"ENSG00000114779.20",0.271367514727965,0.000358619443907435,0.00776641921021361
"ENSG00000114841.18",0.37086957651639,6.91646101467351e-07,0.000123799726334836
"ENSG00000114857.19",0.258728828364939,0.000682451512205763,0.0119149936526206
"ENSG00000115084.15",0.215802644879885,0.00483396596531655,0.0437156416578627
"ENSG00000115107.20",0.281448281005923,0.000209819406736471,0.00541670974525058
"ENSG00000115295.21",0.42543898303042,8.11763740317096e-09,6.22508164414174e-06
"ENSG00000115339.14",0.215410977138101,0.00491340642429984,0.044166759871369
"ENSG00000115423.19",0.316080587721721,2.83427740539308e-05,0.00134577848465795
"ENSG00000115474.7",0.219752210788062,0.00409495293799251,0.0390041580366793
"ENSG00000115556.14",0.225762961963804,0.00316401759103036,0.0328868816959674
"ENSG00000115594.12",0.342406829998745,5.1948494225888e-06,0.000438421129176157
"ENSG00000115641.19",0.277577745740417,0.000258391368534793,0.00622762422665023
"ENSG00000115687.14",0.259674271781863,0.000651087769579373,0.011499610314168
"ENSG00000115896.16",0.426067598364274,7.67568778743578e-09,6.09329677700722e-06
"ENSG00000115956.10",0.373890455922341,5.5194512933917e-07,0.000111492124124738
"ENSG00000116032.5",0.272733532663002,0.000333894298879296,0.00745335401971068
"ENSG00000116147.17",0.335174776440989,8.41007434535221e-06,0.000582128388542186
"ENSG00000116285.13",0.253411724861329,0.000886295614655785,0.0141423162682795
"ENSG00000116473.15",0.220127499748099,0.00403031251773387,0.0386201542391526
"ENSG00000116497.18",0.277963089121492,0.000253124280454941,0.00614146714078019
"ENSG00000116652.6",0.21792204424607,0.00442373949222834,0.0410132315040425
"ENSG00000116678.20",0.252949362028244,0.000906435294858144,0.0143465269752532
"ENSG00000116701.15",0.327106765898872,1.41931772525892e-05,0.000844377709010592
"ENSG00000116774.12",0.336097769133662,7.91386196254556e-06,0.000567552892199265
"ENSG00000116783.15",0.265498988673483,0.000485383974830766,0.00959122420035231
"ENSG00000116863.11",0.219667739488617,0.00410963035122014,0.0390560942057782
"ENSG00000116977.19",0.240463223646355,0.00163740515899238,0.0215548919493708
"ENSG00000116984.15",0.226748393072166,0.00303111757620891,0.0320164157124469
"ENSG00000117228.11",0.395924160617365,9.92071502079195e-08,3.81842308595724e-05
"ENSG00000117318.9",0.345678268956916,4.16099299982594e-06,0.000374041444602568
"ENSG00000117385.16",0.262399585929073,0.000567960385449358,0.010500653327198
"ENSG00000117394.24",0.254848520185697,0.000826305708566502,0.0134469211497212
"ENSG00000117400.18",0.215378618094481,0.00492002172773611,0.0441793255389467
"ENSG00000117525.14",0.287184637156901,0.000153242769240773,0.00440863654249529
"ENSG00000117643.15",0.272983124661632,0.000329551124916251,0.00738235205136465
"ENSG00000117859.19",0.216188078071371,0.0047569162693356,0.043265286068719
"ENSG00000118197.14",0.25941174628931,0.000659660739174981,0.0116128633106459
"ENSG00000118503.16",0.251407346549602,0.000976679692988028,0.0151588197299593
"ENSG00000118515.12",0.373571453247745,5.65314732480233e-07,0.000111492124124738
"ENSG00000118596.12",0.278425350883966,0.000246937505943213,0.0060491354517603
"ENSG00000118640.11",0.254954919401863,0.000822015215666959,0.0134116254193217
"ENSG00000118689.15",0.222740897924647,0.00360504921697657,0.0359415483747471
"ENSG00000118690.13",0.255131954582632,0.000814921730748201,0.01335577853303
"ENSG00000118785.15",0.309431374127332,4.24580529686756e-05,0.00177687301410752
"ENSG00000118855.21",0.332808500393294,9.82028784864582e-06,0.000649647844320702
"ENSG00000118985.16",0.459365974725723,3.3402872670236e-10,7.07110978701671e-07
"ENSG00000119138.5",0.240570601939547,0.00162930430662745,0.0215008921045491
"ENSG00000119147.10",0.322092235918308,1.95044189614042e-05,0.00104106317243273
"ENSG00000119231.11",0.228338876947198,0.0028272307429956,0.030679257823288
"ENSG00000119280.17",0.243268283982765,0.00143740457063276,0.0197909963727826
"ENSG00000119314.16",0.213893222318226,0.00523241597810369,0.0463132624013129
"ENSG00000119535.18",0.335894377810103,8.02076480335143e-06,0.000567552892199265
"ENSG00000119636.16",0.27820190014282,0.000249910340448551,0.00610284424109027
"ENSG00000119638.14",0.242575615179582,0.00148460110631874,0.0201567727973357
"ENSG00000119655.11",0.338258780603645,6.85834012103544e-06,0.000527838593126133
"ENSG00000119681.12",0.314751398821948,3.07512843009761e-05,0.00142178250497407
"ENSG00000119685.20",0.274059974232581,0.000311406661497706,0.00708840808425289
"ENSG00000119950.21",0.262493920360581,0.000565266676014276,0.0104813645042268
"ENSG00000119973.6",0.216979266565859,0.00460219622582494,0.0423187045907429
"ENSG00000120262.10",0.303399170673263,6.07576072017699e-05,0.00229335140526978
"ENSG00000120708.17",0.264577191561031,0.000508702989634336,0.00982705858987151
"ENSG00000120889.13",0.218097876393417,0.00439115265740138,0.0408004575552184
"ENSG00000121039.10",0.315357067422028,2.96308370034619e-05,0.00139133484731783
"ENSG00000121068.14",0.211529870261846,0.00576616131161999,0.0493405382019881
"ENSG00000121101.16",0.218768284934848,0.00426887545706881,0.0399944985361171
"ENSG00000121316.11",0.215388922535033,0.00491791427923484,0.0441793255389467
"ENSG00000121691.7",0.228508121552944,0.00280628237851524,0.0305301889770547
"ENSG00000121749.16",0.274485145305197,0.000304501421976267,0.00696242090230703
"ENSG00000121898.13",0.26071033756368,0.000618246848483219,0.0110913309971887
"ENSG00000122176.12",0.336875442210019,7.51743268147543e-06,0.000560958167181343
"ENSG00000122417.16",0.227152059860342,0.00297814959714252,0.0316662128289201
"ENSG00000122420.10",0.289657831013292,0.000133547978028357,0.00400620173175601
"ENSG00000122691.13",0.243114639029188,0.00144775362355248,0.0198459548209244
"ENSG00000122707.12",0.236589040608423,0.00195543113607646,0.0242311303169514
"ENSG00000122861.16",0.34952575936822,3.19488070943053e-06,0.000325175735115485
"ENSG00000122862.5",0.421056606131578,1.19549461877934e-08,8.43587494468102e-06
"ENSG00000122970.16",0.237202228118183,0.00190161607134721,0.0238153270198388
"ENSG00000123066.9",0.221968071921603,0.00372638764836228,0.0367274029189252
"ENSG00000123191.16",0.299955781538768,7.42903081922972e-05,0.00262110652640129
"ENSG00000123329.20",0.241113774639909,0.00158888346217447,0.0211778487121107
"ENSG00000123338.13",0.306961931507014,4.92136809611763e-05,0.00197188507485294
"ENSG00000123342.16",0.236078096900179,0.00200132722798993,0.0245721196581094
"ENSG00000123384.14",0.231662398630332,0.00244070872049005,0.027903385970571
"ENSG00000123405.14",0.222461599344591,0.00364848366515768,0.0362607318255088
"ENSG00000123607.16",0.29431520082837,0.000102715916736278,0.00331971047436599
"ENSG00000124145.6",0.292163625161472,0.000116023525643248,0.00361637499621525
"ENSG00000124212.6",0.260055363904158,0.000638825512594324,0.0113324612405263
"ENSG00000124216.4",0.259275075946422,0.000664164869472141,0.0116517818917132
"ENSG00000124222.22",0.244964417251366,0.00132756492422389,0.0186575446020275
"ENSG00000124357.13",0.240976818311641,0.00159898805240103,0.0212554126086569
"ENSG00000124491.16",0.355259670992161,2.1410425510995e-06,0.000250640110256132
"ENSG00000124749.17",0.213819445859173,0.00524838490678273,0.0464060987772369
"ENSG00000124762.14",0.289463683867313,0.000135004117107252,0.00403946947806304
"ENSG00000124782.21",0.216389590309451,0.00471707320822579,0.0430415986740516
"ENSG00000124942.14",0.275484578919569,0.000288825236504043,0.00673739897420773
"ENSG00000125089.18",0.381646521278037,3.06006001441437e-07,7.69650540061073e-05
"ENSG00000125378.16",0.279805708927753,0.000229289622632387,0.00577696368728091
"ENSG00000125538.12",0.242808774065777,0.00146855860769642,0.0200026942642773
"ENSG00000125810.10",0.264729139514109,0.000504789213174072,0.00979870294739614
"ENSG00000125945.15",0.251524161849673,0.000971188376614675,0.0150985913899281
"ENSG00000126561.18",0.310375941410791,4.0112591656193e-05,0.00171647394731544
"ENSG00000126778.12",0.22482316525269,0.00329564326843383,0.0338533060849271
"ENSG00000126870.16",0.356484626238832,1.96357172651472e-06,0.000238663218031835
"ENSG00000127366.5",0.257679794926186,0.00071887667887993,0.0122643547841416
"ENSG00000127507.18",0.22764213906699,0.00291496836075778,0.031263525551678
"ENSG00000127603.32",0.223113602534016,0.00354781495174292,0.0355242976819572
"ENSG00000127838.15",0.238482010188475,0.00179361670320315,0.0228044269827175
"ENSG00000127951.8",0.324035814998951,1.72549783475571e-05,0.000959168408650339
"ENSG00000128000.17",0.214270659217763,0.00515139823814315,0.0457395908575849
"ENSG00000128016.7",0.300743653856488,7.09653793440672e-05,0.0025426424985576
"ENSG00000128052.10",0.239291872500353,0.00172819109550914,0.0222735861995021
"ENSG00000128262.8",0.255557893674635,0.000798085098076988,0.01317657731885
"ENSG00000128284.20",0.236439387344125,0.00196877374237224,0.0243134464645026
"ENSG00000128294.16",0.213505852271131,0.00531675024820752,0.0467988241702064
"ENSG00000128340.15",0.397306020170346,8.87073013060216e-08,3.5209868360576e-05
"ENSG00000128591.16",0.283024553690715,0.000192591951347312,0.00512294590583851
"ENSG00000128815.20",0.232539870041772,0.00234699398332982,0.0271249718646621
"ENSG00000128918.15",0.30798594534276,4.62981659031641e-05,0.00189085580134739
"ENSG00000129009.13",0.325889610248344,1.53395703319053e-05,0.000879618747497497
"ENSG00000129128.13",0.288052159295657,0.000146044942095342,0.00424482799090156
"ENSG00000129250.12",0.242868448499167,0.00146447823109786,0.0199796672956923
"ENSG00000129422.15",0.306448416750447,5.07398387459182e-05,0.00201083326624424
"ENSG00000129538.14",0.377751927738474,4.1227721626748e-07,9.18691063582702e-05
"ENSG00000129566.13",0.334924104581127,8.54984340384275e-06,0.000587004518885993
"ENSG00000129667.13",0.342193408384276,5.27014588474848e-06,0.000443303032815449
"ENSG00000129696.13",0.239048054052135,0.00174765567030849,0.0224333991878963
"ENSG00000129757.15",0.283116077303646,0.000191633299660566,0.00510359567350493
"ENSG00000129946.11",0.240460132310182,0.00163763891911529,0.0215548919493708
"ENSG00000130300.9",0.238406591947134,0.00179982285239571,0.0228376123473568
"ENSG00000130309.12",0.233823212919513,0.00221580442971476,0.0261076437514119
"ENSG00000130340.17",0.356638787033888,1.94225567907075e-06,0.000238663218031835
"ENSG00000130429.16",0.390988544078024,1.47323425432056e-07,4.68772852001765e-05
"ENSG00000130449.6",0.30243160694145,6.43058745248863e-05,0.00239174543273161
"ENSG00000130513.7",0.249819431201247,0.00105420580386645,0.0159499965593067
"ENSG00000130592.17",0.281522402672691,0.000208978188294543,0.00541026046835601
"ENSG00000130600.20",0.385680481161387,2.23797836612452e-07,6.17949613420231e-05
"ENSG00000130635.16",0.287554652381537,0.000150133206117486,0.00434680986863767
"ENSG00000130640.15",0.251555573975422,0.000969716580117227,0.0150849419992149
"ENSG00000130703.17",0.28731620092748,0.00015213030445132,0.00439654849144127
"ENSG00000130714.19",0.229994540156023,0.002628246877116,0.02920619222195
"ENSG00000130775.16",0.305074716688286,5.50438402925457e-05,0.00213477660297945
"ENSG00000131042.15",0.311424730459191,3.7651303883132e-05,0.00164859272794324
"ENSG00000131044.18",0.27514960420655,0.000293993873844452,0.00681416640261918
"ENSG00000131196.18",0.353954597453856,2.34687270636189e-06,0.000264294061411279
"ENSG00000131386.20",0.230009235254053,0.00262653904835536,0.02920619222195
"ENSG00000131389.18",0.337371496789358,7.27447151129401e-06,0.000552015767332866
"ENSG00000131459.13",0.3647498370373,1.08484068860995e-06,0.000160759780151031
"ENSG00000131471.7",0.33433729802933,8.88568534587578e-06,0.000600327300109794
"ENSG00000131791.8",0.272347610189992,0.000340714359545298,0.0075459170667212
"ENSG00000131873.7",0.321320573876524,2.04720488350792e-05,0.00106561252521408
"ENSG00000132205.11",0.258173510319491,0.000701516240551178,0.0120735887931718
"ENSG00000132357.14",0.265194179181819,0.000492983211596109,0.00967046526963395
"ENSG00000132386.11",0.392332545171679,1.32368931234688e-07,4.54401075696591e-05
"ENSG00000132470.14",0.220557600724818,0.00395736109146427,0.038209366707133
"ENSG00000132680.11",0.299178056544157,7.77151547351679e-05,0.0027080906388717
"ENSG00000132854.19",0.239512222869526,0.00171077019455737,0.0221954521207053
"ENSG00000132965.10",0.291688674477515,0.000119170529710552,0.00366305396311852
"ENSG00000133065.11",0.23514754501801,0.00208743963811337,0.0252030556687233
"ENSG00000133104.14",0.213897171132398,0.00523156248425775,0.0463132624013129
"ENSG00000133111.4",0.236826332811988,0.00193444347869598,0.0240863718994681
"ENSG00000133246.12",0.300440506138433,7.2227841144872e-05,0.00257697169747638
"ENSG00000133313.15",0.241678060820897,0.00154786215128752,0.0208264524518839
"ENSG00000133321.11",0.336680330868644,7.6150864303763e-06,0.000565097500487042
"ENSG00000133574.10",0.220165221267021,0.00402386633645199,0.0386102497955457
"ENSG00000133657.17",0.329192923901347,1.2414382862786e-05,0.000769176994788664
"ENSG00000133665.13",0.272138508398199,0.00034446335085241,0.00760243484075045
"ENSG00000133800.9",0.379649066375322,3.56727813048759e-07,8.46911835035292e-05
"ENSG00000134013.16",0.378627171278509,3.85693115830806e-07,8.90705656495451e-05
"ENSG00000134152.11",0.304080412872688,5.8370458727653e-05,0.00222306561178196
"ENSG00000134245.18",0.249592588923704,0.00106573019983566,0.0160383556080718
"ENSG00000134297.7",0.256930015039852,0.000745998701724246,0.0125750530988062
"ENSG00000134321.13",0.214456509851061,0.00511191924483746,0.0454366985922344
"ENSG00000134324.12",0.311537540523485,3.73951960975928e-05,0.00164067386263757
"ENSG00000134516.20",0.353403349266502,2.43935228213862e-06,0.000272981788648314
"ENSG00000134531.10",0.360919903381315,1.43109210892746e-06,0.000195451789478948
"ENSG00000134698.11",0.281940550567081,0.000204291069557898,0.00536670738363938
"ENSG00000134802.18",0.225409645729837,0.00321293472904993,0.0332421084713107
"ENSG00000134817.12",0.252894549399775,0.000908850495977444,0.0143668507463068
"ENSG00000134830.6",0.372955563873875,5.92007301632822e-07,0.000114799705979989
"ENSG00000135046.14",0.391882941309615,1.37201789929915e-07,4.58876353039091e-05
"ENSG00000135047.16",0.354776863149999,2.21510140614866e-06,0.000255773731910884
"ENSG00000135077.10",0.431716881471307,4.6172325156964e-09,4.34413176282355e-06
"ENSG00000135218.19",0.345027117070425,4.34977154894023e-06,0.000383670995339336
"ENSG00000135245.10",0.409479020940306,3.23819159063036e-08,1.71374543701631e-05
"ENSG00000135317.14",0.246786277234067,0.00121817533060926,0.0176468267936885
"ENSG00000135540.12",0.271940259799169,0.00034805303507413,0.0076435991575672
"ENSG00000135605.13",0.227278655248879,0.00296171134109233,0.0315853707799196
"ENSG00000135821.19",0.312582210107211,3.51001504416692e-05,0.00156704590803115
"ENSG00000135838.14",0.306453411498481,5.07247826782979e-05,0.00201083326624424
"ENSG00000135905.20",0.228618411133267,0.00279270691030446,0.0304869504264994
"ENSG00000135917.16",0.22014243581143,0.00402775900319632,0.0386102497955457
"ENSG00000135919.14",0.248686682329442,0.00111291434264703,0.016562017015971
"ENSG00000135926.15",0.266914056944669,0.000451502167799732,0.00911344471894922
"ENSG00000136044.12",0.286356541931126,0.000160420947955689,0.00455326630270208
"ENSG00000136068.16",0.283397533592754,0.000188712997879652,0.00505683152440591
"ENSG00000136111.14",0.286936876221697,0.0001553583918234,0.00444433471564169
"ENSG00000136141.15",0.289066839956223,0.000138026750462754,0.00408658920979644
"ENSG00000136167.15",0.275257462809471,0.000292320325196629,0.00679397366968889
"ENSG00000136235.17",0.370478888130239,7.12007015548337e-07,0.00012388434394503
"ENSG00000136286.16",0.365314737450308,1.04109369297883e-06,0.000157468285505857
"ENSG00000136436.15",0.239398301433429,0.00171975673943388,0.0222244877457313
"ENSG00000136536.15",0.243355109464629,0.00143158619979501,0.0197429881831665
"ENSG00000136630.13",0.250449888471603,0.00102277375926821,0.0156326846008967
"ENSG00000136717.15",0.272584426579762,0.000336514169942071,0.00748745992134878
"ENSG00000136732.16",0.242520353880343,0.00148842674243114,0.0201871353646441
"ENSG00000136929.13",0.235627362444591,0.00204262597626037,0.0249150868328807
"ENSG00000137076.21",0.246766222694193,0.0012193331592243,0.0176494132443162
"ENSG00000137098.14",0.356596719338559,1.94805048597686e-06,0.000238663218031835
"ENSG00000137193.14",0.23409649458724,0.00218874323766161,0.0258969000774653
"ENSG00000137198.10",0.391866093417666,1.37386138535858e-07,4.58876353039091e-05
"ENSG00000137331.12",0.298696112836868,7.9911130371213e-05,0.0027496269680061
"ENSG00000137393.10",0.272506106439173,0.000337897917957439,0.00750972949245216
"ENSG00000137462.9",0.366945451862693,9.24048378713638e-07,0.000149513381939252
"ENSG00000137474.23",0.24291605145081,0.00146123069654188,0.0199460738228122
"ENSG00000137507.11",0.24196812318511,0.00152715404296945,0.0206050264653293
"ENSG00000137558.9",0.248406768356457,0.00112787616935038,0.0166772050814946
"ENSG00000137831.15",0.263872654103054,0.000527218997238455,0.0100196960903665
"ENSG00000137872.17",0.218027070997459,0.00440424894627264,0.0408838827161898
"ENSG00000137962.13",0.254445689330417,0.000842736844072653,0.0136408327485154
"ENSG00000138031.15",0.278490061953264,0.000246082734626771,0.00604563170146625
"ENSG00000138032.21",0.277506256519684,0.000259379652354978,0.0062349822548373
"ENSG00000138061.12",0.293619484032533,0.000106854218474336,0.00339726872578667
"ENSG00000138080.14",0.240359341198675,0.00164527721598474,0.0216106396678698
"ENSG00000138119.17",0.369544337002124,7.63058891681938e-07,0.000130972871793218
"ENSG00000138135.7",0.308007548908436,4.62384424911508e-05,0.00189085580134739
"ENSG00000138303.18",0.24141291832326,0.00156701502555934,0.0209522122872885
"ENSG00000138316.11",0.221597956001779,0.00378579076105017,0.0371793968327371
"ENSG00000138356.14",0.304123147876559,5.82236837268193e-05,0.00222080516173032
"ENSG00000138434.17",0.292639329680604,0.000112949511034772,0.00354229188742754
"ENSG00000138449.11",0.247105856187261,0.0011998600367906,0.0174171682940523
"ENSG00000138722.10",0.305725600166414,5.29634896885223e-05,0.00207949231616311
"ENSG00000138767.14",0.242350704606881,0.00150022754369214,0.0203254828226195
"ENSG00000138780.15",0.335444809353471,8.26193237484455e-06,0.000575007857858017
"ENSG00000138785.16",0.272360637927588,0.00034048204132132,0.0075459170667212
"ENSG00000138792.10",0.247181636841228,0.00119555413453844,0.0173645864377816
"ENSG00000138964.17",0.246781348445534,0.00121845979593472,0.0176468267936885
"ENSG00000139083.11",0.351061579629187,2.87228896503902e-06,0.000304873338462973
"ENSG00000139117.14",0.213646434223104,0.00528600455922317,0.0466251297978979
"ENSG00000139211.7",0.211818293208223,0.00569851585342693,0.0490211304519486
"ENSG00000139219.19",0.233649761497448,0.00223313738552381,0.0262509898215924
"ENSG00000139329.5",0.285168328074431,0.000171269879279009,0.00472909646013552
"ENSG00000139537.11",0.274907570441233,0.000297781723794038,0.00687061682973654
"ENSG00000139668.9",0.236357894927221,0.00197607412294222,0.0243798984677519
"ENSG00000139679.16",0.371803916646735,6.45182851872125e-07,0.000123229924707576
"ENSG00000139793.20",0.293783717336161,0.000105863492610027,0.00337421618917504
"ENSG00000139914.7",0.273408283849727,0.000322273319295559,0.00725129240926935
"ENSG00000139926.16",0.239839834528174,0.00168516496466208,0.0219702464228719
"ENSG00000140262.18",0.228300628832975,0.00283198448749663,0.0307046103012706
"ENSG00000140481.15",0.383918166852722,2.56707983942229e-07,6.86437149061522e-05
"ENSG00000140527.15",0.265205751604151,0.000492692702025888,0.00967046526963395
"ENSG00000140575.13",0.33859415611401,6.70700847178125e-06,0.000519445537221521
"ENSG00000140749.9",0.236930330192731,0.00192531004446025,0.0240219307757484
"ENSG00000140937.14",0.284250816730923,0.000180110942203908,0.00490195065163585
"ENSG00000141013.17",0.260744998663904,0.000617175048337178,0.0110877636159189
"ENSG00000141101.13",0.23036352374279,0.00258566759417087,0.0289831625473239
"ENSG00000141294.10",0.269555116259334,0.000394046374018205,0.00832775377635979
"ENSG00000141338.15",0.367961243943615,8.57603858871584e-07,0.000141465654720226
"ENSG00000141458.13",0.300372134520134,7.25154700552909e-05,0.00258360516944538
"ENSG00000141469.18",0.346482447082913,3.93857759091025e-06,0.000367837082874607
"ENSG00000141506.15",0.222227686863844,0.0036852222369371,0.0365053564573415
"ENSG00000141519.15",0.254344241376423,0.000846921891246423,0.0136772770523413
"ENSG00000141524.18",0.236546306335761,0.00195923277071862,0.0242545760597296
"ENSG00000141526.18",0.224493786333987,0.00334293220678047,0.0342007679616771
"ENSG00000141562.19",0.224601422464508,0.00332741195533858,0.034096912424956
"ENSG00000141574.8",0.228548782575068,0.00280127050680312,0.030527579432785
"ENSG00000141655.17",0.301198211499113,6.91110758918039e-05,0.00248919785254212
"ENSG00000141665.13",0.22763287038038,0.00291615194902655,0.031263525551678
"ENSG00000141968.8",0.239116973010051,0.00174213356234367,0.0223964670466681
"ENSG00000142082.15",0.25307953799285,0.000900722973630501,0.0142828125462769
"ENSG00000142089.17",0.378368394788148,3.93377362942738e-07,9.00267130705798e-05
"ENSG00000142156.16",0.286031004722275,0.000163327707358661,0.00459979351444798
"ENSG00000142197.13",0.279305200067263,0.000235548452053851,0.005883615857939
"ENSG00000142227.11",0.255969226954359,0.000782130010016753,0.0130029114165285
"ENSG00000142279.13",0.297871716476027,8.38027813829376e-05,0.00285367567757475
"ENSG00000142347.19",0.357164379244102,1.87122495057753e-06,0.000233677010198529
"ENSG00000142552.8",0.238107058786437,0.00182466493444992,0.0230951486446593
"ENSG00000142583.18",0.363999613941577,1.14565530131961e-06,0.000163500458536079
"ENSG00000142733.17",0.311018480694512,3.85873307143367e-05,0.00167561361048939
"ENSG00000142910.16",0.231434019969577,0.00246564999658382,0.0281126152886978
"ENSG00000142961.16",0.379403620497369,3.63488805740455e-07,8.54972790020812e-05
"ENSG00000143110.12",0.387122905816583,1.99906823636999e-07,5.90492214052405e-05
"ENSG00000143119.14",0.277694694668388,0.000256782179472416,0.00619471766869685
"ENSG00000143127.13",0.234536377957482,0.0021458145701268,0.0255556153422086
"ENSG00000143162.9",0.244173362050005,0.00137780064476839,0.0191768914800481
"ENSG00000143178.13",0.330450207474529,1.1446446893894e-05,0.000726935226113972
"ENSG00000143226.15",0.433206795208704,4.03169797918698e-09,4.09668895061147e-06
"ENSG00000143375.15",0.227562145844528,0.00292519761825655,0.0312948052076199
"ENSG00000143379.13",0.219322366055581,0.00417013451976074,0.0393513845488418
"ENSG00000143382.16",0.289755292160489,0.000132822542434957,0.00399719280034705
"ENSG00000143418.20",0.268097311242595,0.000424864407187768,0.00874323541699943
"ENSG00000143443.10",0.261716440393211,0.00058782384617938,0.0107505321558638
"ENSG00000143494.16",0.285073684449639,0.000172162785760204,0.00474343953000702
"ENSG00000143537.14",0.231634663500453,0.00244372542456847,0.0279253067747696
"ENSG00000143545.10",0.212798102972705,0.00547398148019928,0.0479171438806004
"ENSG00000143630.10",0.237133372760592,0.00190759110105437,0.0238242560177405
"ENSG00000143669.15",0.32042038520322,2.16580606321714e-05,0.0011070014371007
"ENSG00000143772.11",0.25601310168601,0.000780445597030103,0.0129934810298578
"ENSG00000143867.7",0.267322176864655,0.000442144734229072,0.00898544214689688
"ENSG00000144045.14",0.278702772159934,0.000243292375884568,0.00601104370155369
"ENSG00000144134.19",0.338795359789337,6.61774415552044e-06,0.00051720925480228
"ENSG00000144218.21",0.258209906024561,0.00070025186882222,0.0120617945963558
"ENSG00000144229.13",0.243044893236816,0.00145247390700479,0.0198692486050849
"ENSG00000144452.15",0.215660260242972,0.00486271107240211,0.0438351488191025
"ENSG00000144476.6",0.221280717104534,0.00383738445305012,0.0375116719874164
"ENSG00000144504.16",0.245992626806068,0.00126477222956462,0.0180729263721462
"ENSG00000144550.14",0.234293792073152,0.0021693932107128,0.0257398859092654
"ENSG00000144619.15",0.328453964174906,1.30188715376211e-05,0.000802714547743175
"ENSG00000144642.22",0.243615367617621,0.00141427437475418,0.0195786441100166
"ENSG00000144649.10",0.358123620672818,1.74791797446616e-06,0.000227704411822379
"ENSG00000144802.11",0.254900927320466,0.000824189851950759,0.013421086416093
"ENSG00000144810.16",0.27797722572448,0.000252932964267112,0.00614146714078019
"ENSG00000145012.14",0.229077460055472,0.00273683912509835,0.0300189655850057
"ENSG00000145014.18",0.26268483636537,0.000559851130380394,0.0104342203281917
"ENSG00000145020.16",0.314618647982526,3.10021384802276e-05,0.00142768515731396
"ENSG00000145284.12",0.221014815089685,0.0038811157931164,0.0377782040316122
"ENSG00000145390.12",0.232552156058679,0.00234570532728028,0.0271249718646621
"ENSG00000145491.12",0.241595243720536,0.00155382147209709,0.020857559766419
"ENSG00000145569.6",0.294526778255873,0.000101487435380472,0.00328837413389047
"ENSG00000145623.13",0.458050822753895,3.80521217201859e-10,7.43567729275295e-07
"ENSG00000145757.16",0.228278773175664,0.00283470410821014,0.0307209848382518
"ENSG00000145934.17",0.289625590904091,0.00013378876495878,0.00400782546727346
"ENSG00000146070.17",0.231043884716266,0.00250879186195942,0.0284258874528792
"ENSG00000146192.15",0.235006276501892,0.00210080298884538,0.0252802929065084
"ENSG00000146411.6",0.247240012921492,0.00119224682193175,0.0173264565317691
"ENSG00000146555.20",0.232548899857844,0.00234604680120781,0.0271249718646621
"ENSG00000146674.16",0.247522166963294,0.00117637907965727,0.0171744584830653
"ENSG00000146910.14",0.22737327678591,0.00294947847535296,0.0314813452560468
"ENSG00000147364.17",0.239816773764848,0.00168695583564333,0.0219702464228719
"ENSG00000147459.18",0.216975795386742,0.00460286504681426,0.0423187045907429
"ENSG00000147535.17",0.253609153077733,0.00087782190854197,0.0140400553087489
"ENSG00000147852.17",0.30118116933229,6.91797694719025e-05,0.00248919785254212
"ENSG00000147872.10",0.243936159016169,0.00139319924910039,0.0193253733285829
"ENSG00000148053.18",0.263192074994786,0.000545694505854244,0.0102455857592131
"ENSG00000148175.13",0.350133385884703,3.06333714815222e-06,0.000317624300304126
"ENSG00000148180.21",0.262656773749605,0.000560644144300657,0.0104342203281917
"ENSG00000148218.16",0.284675211026221,0.000175969944531327,0.00481180247678072
"ENSG00000148408.14",0.236638813154378,0.00195101183827798,0.0241999774061404
"ENSG00000148848.15",0.331576441403112,1.06404243806479e-05,0.000689537501381631
"ENSG00000148908.15",0.226161747899278,0.00310961402864536,0.0325344008112348
"ENSG00000148926.10",0.21346811052493,0.00532503168587182,0.0468554831715282
"ENSG00000149050.10",0.221319659393711,0.00383101722498077,0.0374737506993402
"ENSG00000149090.13",0.350285400237127,3.03124231111303e-06,0.000315584624709854
"ENSG00000149131.17",0.309657800149858,4.18843443849439e-05,0.00176449087961979
"ENSG00000149201.10",0.391549197740549,1.40898144065855e-07,4.58876353039091e-05
"ENSG00000149218.5",0.219640120526899,0.00411443957022443,0.0390725638887519
"ENSG00000149311.20",0.234004261712161,0.00219784267449939,0.0259562052349177
"ENSG00000149452.16",0.253987034081281,0.000861810316030145,0.013838538216254
"ENSG00000149488.14",0.254677515076508,0.00083324455329084,0.0135079204768648
"ENSG00000149573.9",0.225169380336253,0.00324658885163587,0.0334506393381459
"ENSG00000149591.17",0.279123560779159,0.000237858859849167,0.00591321778621859
"ENSG00000149634.5",0.23946068510456,0.00171483036968901,0.0222140927492147
"ENSG00000149781.13",0.399283542041614,7.55174626093194e-08,3.09414532687829e-05
"ENSG00000150048.10",0.22550785478079,0.00319926946708764,0.0331447970115936
"ENSG00000150337.14",0.221001787688814,0.00388326981571458,0.037781196142703
"ENSG00000150471.17",0.41479995107052,2.05799440948643e-08,1.27510321912644e-05
"ENSG00000150630.4",0.233212068936295,0.00227742457601876,0.0265504435542012
"ENSG00000150656.15",0.261836146451427,0.000584297550218358,0.0107169030095285
"ENSG00000150687.12",0.326216146522944,1.50237165815356e-05,0.000869356428976648
"ENSG00000150782.12",0.230153319769708,0.00260984706860578,0.0290652981515969
"ENSG00000150967.19",0.279824869187819,0.000229053127140671,0.00577696368728091
"ENSG00000150995.21",0.357816333750886,1.78655056838043e-06,0.000231549714737592
"ENSG00000151012.13",0.248771772624577,0.00110840231289401,0.0165239107713889
"ENSG00000151062.15",0.221367814153026,0.00382315687420248,0.0374256855781756
"ENSG00000151376.18",0.336431988108348,7.74112180948446e-06,0.000566651277813865
"ENSG00000151388.11",0.370887796043355,6.90710280691504e-07,0.000123799726334836
"ENSG00000151491.14",0.348742434047308,3.37239494396098e-06,0.000335956661809572
"ENSG00000151572.18",0.229843782492373,0.00264582575470387,0.0293630020300317
"ENSG00000151655.19",0.310870465677403,3.89337745342939e-05,0.00168704209949387
"ENSG00000151726.15",0.241071876671189,0.00159196847783138,0.0211953748649637
"ENSG00000151929.10",0.230176774086418,0.00260713903418785,0.0290606199585231
"ENSG00000152049.7",0.268383269103553,0.000418648828798981,0.00867634009593558
"ENSG00000152078.10",0.214688585835899,0.00506300150783378,0.0450782498384929
"ENSG00000152137.8",0.28131904019976,0.000211293723342085,0.00542719358347723
"ENSG00000152229.18",0.242308988899131,0.0015031423417358,0.0203497465295539
"ENSG00000152242.11",0.307565074824068,4.74762309433776e-05,0.00192350669003927
"ENSG00000152492.15",0.220631680099527,0.00394491679255749,0.0381181899130232
"ENSG00000152582.14",0.267876943141885,0.000429712463385132,0.00880990973164183
"ENSG00000152760.10",0.271488841299442,0.000356356616726306,0.00773720267922937
"ENSG00000152779.14",0.22289611441784,0.00358111308332355,0.0357449963283568
"ENSG00000152785.8",0.212552094011279,0.00552960036225762,0.0481480565586069
"ENSG00000152953.13",0.331996467382507,1.03538087922009e-05,0.000674404627559689
"ENSG00000153029.16",0.308914976524685,4.37942351132331e-05,0.00181781855323768
"ENSG00000153071.15",0.29239616079305,0.00011451123519712,0.00358242476319266
"ENSG00000153162.9",0.216966605143757,0.00460463622868573,0.0423196722566221
"ENSG00000153165.19",0.22513279202086,0.00325174163090647,0.0334835803201934
"ENSG00000153250.21",0.351021231312333,2.88035276270966e-06,0.000304873338462973
"ENSG00000153446.16",0.269917396801634,0.000386715730676811,0.00824831209603949
"ENSG00000153551.14",0.26480048524276,0.000502961150338656,0.00978948847117679
"ENSG00000153832.12",0.262376085048556,0.000568633291138611,0.01050130856454
"ENSG00000154099.18",0.289186977662365,0.000137105097478273,0.00406878597107543
"ENSG00000154642.11",0.24870611628603,0.00111188235001826,0.016562017015971
"ENSG00000154734.16",0.297527643452279,8.54789291822936e-05,0.00289850167618159
"ENSG00000154760.14",0.23511627659162,0.00209039081121717,0.0252147187926637
"ENSG00000154914.17",0.278729347770883,0.000242945828226297,0.00600930172778249
"ENSG00000154957.14",0.21669612628404,0.00465703870723449,0.0426999728755642
"ENSG00000155265.11",0.376359494177382,4.58213677022968e-07,9.84289547162016e-05
"ENSG00000155465.20",0.245546676644011,0.00129166495752094,0.0183001477500861
"ENSG00000155761.14",0.242782053898589,0.00147038902349072,0.0200026942642773
"ENSG00000155897.10",0.231662520032798,0.00244069552317235,0.027903385970571
"ENSG00000156150.9",0.215663285968244,0.00486209863824563,0.0438351488191025
"ENSG00000156218.13",0.358423778891117,1.7109505892668e-06,0.000225198330669142
"ENSG00000156219.17",0.223229456081018,0.00353019158467134,0.0353797131282603
"ENSG00000156535.15",0.326396817705229,1.48516067903318e-05,0.000865310475446786
"ENSG00000156869.14",0.268343119982857,0.000419516402293315,0.00867831854027449
"ENSG00000156958.15",0.283833989279481,0.000184266334622657,0.00497440775602482
"ENSG00000157106.18",0.223397125170398,0.00350482592450739,0.0352606308753509
"ENSG00000157110.16",0.23297455051123,0.00230178980829504,0.0267119079488894
"ENSG00000157191.20",0.443804299184482,1.50756528099574e-09,1.91483404165674e-06
"ENSG00000157423.18",0.255806421008645,0.000788409629527718,0.0130816262696882
"ENSG00000157429.16",0.219771316472125,0.0040916397509578,0.0389872185272247
"ENSG00000157765.13",0.281695607711193,0.000207024679248836,0.00539871985527282
"ENSG00000157796.18",0.334749339654091,8.64858686133893e-06,0.000590591537738153
"ENSG00000157890.19",0.294619125092116,0.000100955562176799,0.00328263139686005
"ENSG00000158023.10",0.224410217526732,0.003355027165416,0.0342417658027572
"ENSG00000158055.17",0.373551229777584,5.66172657248796e-07,0.000111492124124738
"ENSG00000158163.15",0.271764588439358,0.000351262857816285,0.00766591956796141
"ENSG00000158195.11",0.230341847174286,0.00258815159962276,0.0289831625473239
"ENSG00000158246.8",0.250664465160205,0.00101227345369296,0.0155282503286005
"ENSG00000158270.12",0.357407160229064,1.83925607305978e-06,0.000232895244076116
"ENSG00000158428.4",0.33712741700155,7.39307352941533e-06,0.000557288566373108
"ENSG00000158486.14",0.215200536641052,0.00495657077567904,0.0444289934419812
"ENSG00000158683.10",0.231299381128657,0.00248046199049474,0.0282181710454715
"ENSG00000158715.6",0.213759697239732,0.0052613494664786,0.0464603274226105
"ENSG00000158806.14",0.220036927837397,0.00404582818067371,0.0387104230785892
"ENSG00000158815.11",0.235993694425825,0.00200900237223143,0.0246544382907222
"ENSG00000158859.10",0.376276835506482,4.61089068662284e-07,9.84289547162016e-05
"ENSG00000158869.11",0.233548573378669,0.00224330586176874,0.0262975075249245
"ENSG00000159023.22",0.38146694514619,3.10267461388102e-07,7.69875499724694e-05
"ENSG00000159086.15",0.239823251986822,0.00168645256961374,0.0219702464228719
"ENSG00000159167.12",0.312534357853224,3.52023138328034e-05,0.00156884978648194
"ENSG00000159189.13",0.313980490547831,3.22351687731753e-05,0.0014701436128276
"ENSG00000159216.19",0.372798354016883,5.99011217739787e-07,0.000115277893668514
"ENSG00000159403.18",0.349827240706697,3.12895666134837e-06,0.000320982200572057
"ENSG00000160255.18",0.336881052406861,7.51464238984566e-06,0.000560958167181343
"ENSG00000160271.16",0.246793161053817,0.0012177781322753,0.0176468267936885
"ENSG00000160712.13",0.376902584748507,4.39743444342477e-07,9.59058229977907e-05
"ENSG00000160789.24",0.30867282319071,4.44343305911694e-05,0.00183539073171947
"ENSG00000160838.14",0.268504988478658,0.000416028758427355,0.00865551068823105
"ENSG00000160908.15",0.233906670123802,0.00220750818719965,0.0260340438623179
"ENSG00000161298.19",0.218498010015177,0.0043177984607942,0.0402366230005704
"ENSG00000161638.11",0.28149258921147,0.000209316167880393,0.00541026046835601
"ENSG00000161647.19",0.262315727113853,0.00057036490530419,0.0105221348507207
"ENSG00000161912.18",0.211989130018354,0.00565878384371334,0.0488115741873854
"ENSG00000161921.17",0.243442576928225,0.00142574656935624,0.0196945296907865
"ENSG00000161929.15",0.283885395599862,0.000183749074969732,0.00496572101218734
"ENSG00000161955.17",0.275002796508373,0.000296286054848653,0.0068485483633488
"ENSG00000162032.16",0.245809456766545,0.00127575557184194,0.0181659298158637
"ENSG00000162148.11",0.253216240139411,0.000894759880038826,0.0142326770398411
"ENSG00000162367.12",0.28820412254993,0.000144817046395359,0.00421879292383177
"ENSG00000162496.9",0.234256615271442,0.00217302741407009,0.0257709689073868
"ENSG00000162543.6",0.300440753722453,7.22268015427357e-05,0.00257697169747638
"ENSG00000162591.16",0.255084157933452,0.000816831290405746,0.0133612139537522
"ENSG00000162692.12",0.234834583100274,0.00211714904398337,0.0253688382850517
"ENSG00000162714.13",0.244036771500174,0.00138664864334309,0.0192591774121621
"ENSG00000162733.19",0.349217126479005,3.26373481721751e-06,0.000330313368772017
"ENSG00000162769.13",0.235340866944865,0.00206927748189014,0.0250791297101408
"ENSG00000162772.17",0.216285702002108,0.00473757649692697,0.043161647956587
"ENSG00000162777.17",0.364624155458033,1.09480935189262e-06,0.000160759780151031
"ENSG00000162804.14",0.274668133981325,0.000301573451223184,0.0069329143723281
"ENSG00000162909.18",0.220649006409709,0.00394201130109684,0.0381150742584444
"ENSG00000162976.13",0.301113284479253,6.94540356584502e-05,0.00249553163766847
"ENSG00000163017.14",0.292976168134103,0.000110819072996526,0.00350141406881933
"ENSG00000163093.12",0.285834744176867,0.000165103790417408,0.00462035017355861
"ENSG00000163131.12",0.222173757984859,0.00369373950902662,0.0365053564573415
"ENSG00000163132.8",0.335462779104644,8.25216226845835e-06,0.000575007857858017
"ENSG00000163162.9",0.30387659880863,5.90752554690988e-05,0.0022431819352489
"ENSG00000163191.6",0.319521334557727,2.2907049676099e-05,0.00115229263944939
"ENSG00000163220.11",0.249318497815552,0.00107980904133464,0.0162118138753096
"ENSG00000163349.22",0.27415338263722,0.000309877271043541,0.00705992135992743
"ENSG00000163354.15",0.273410401967919,0.000322237437824512,0.00725129240926935
"ENSG00000163359.17",0.320757091661682,2.12070533516169e-05,0.00108832884099217
"ENSG00000163431.13",0.229569144844567,0.0026781234237935,0.0295664360428624
"ENSG00000163482.12",0.25036567902836,0.00102692177080831,0.0156678040503565
"ENSG00000163513.19",0.285382042477828,0.000169269464362307,0.00469973654975846
"ENSG00000163516.14",0.390498916665991,1.53163589797058e-07,4.68772852001765e-05
"ENSG00000163545.11",0.266906717082733,0.000451672121448533,0.00911344471894922
"ENSG00000163563.8",0.224219863843582,0.00338272470078264,0.0343725422295925
"ENSG00000163565.20",0.252560930820851,0.000923678588402732,0.0145109506377208
"ENSG00000163617.11",0.218516093480717,0.00431450947922486,0.0402315383341978
"ENSG00000163638.13",0.300768789788111,7.08616345541749e-05,0.00254251144432162
"ENSG00000163659.13",0.217934959585147,0.0044213385328222,0.0410059374769195
"ENSG00000163660.12",0.213380906079635,0.00534421058632742,0.0469754261330365
"ENSG00000163694.15",0.272579494237799,0.000336601158531682,0.00748745992134878
"ENSG00000163815.6",0.271247640677022,0.000360868251154707,0.00778856090406374
"ENSG00000163817.16",0.221277888449586,0.00383784732099734,0.0375116719874164
"ENSG00000163823.4",0.263867660571876,0.000527352425808763,0.0100196960903665
"ENSG00000163885.12",0.365474989018308,1.02899314537274e-06,0.000157468285505857
"ENSG00000164117.14",0.327112870817565,1.41876368672458e-05,0.000844377709010592
"ENSG00000164181.14",0.306651168155539,5.01320297444876e-05,0.00200236470377235
"ENSG00000164303.11",0.22489106791281,0.00328596988144612,0.0337675942145533
"ENSG00000164318.18",0.283315568422716,0.000189559136126004,0.00506881130000933
"ENSG00000164385.10",0.294257408520949,0.000103053886395126,0.00332218004580634
"ENSG00000164418.22",0.262681531366978,0.00055994447162982,0.0104342203281917
"ENSG00000164463.12",0.385106671447692,2.34042426178142e-07,6.35217415154579e-05
"ENSG00000164574.16",0.227608818117149,0.00291922539103965,0.031263525551678
"ENSG00000164604.14",0.245559229621348,0.00129090085963262,0.0183001477500861
"ENSG00000164674.17",0.221475962064266,0.00380555668325647,0.0373109056058526
"ENSG00000164675.11",0.284640426887562,0.000176305981174028,0.00481580735458477
"ENSG00000164691.18",0.250007231416034,0.00104475145818607,0.0158446694282393
"ENSG00000164692.19",0.2822245561152,0.000201163589954858,0.00530099447678761
"ENSG00000164694.17",0.256074053632433,0.000778111103186731,0.0129919188041283
"ENSG00000164707.16",0.263566651094312,0.000535453320745365,0.0101131008973193
"ENSG00000164733.22",0.276955389001409,0.000267113601941172,0.00632458789124639
"ENSG00000164776.11",0.329683773345041,1.20276312165827e-05,0.000754414606900867
"ENSG00000164796.18",0.335911534715079,8.01169453994057e-06,0.000567552892199265
"ENSG00000164828.18",0.240324839757706,0.00164789930806839,0.0216253743378608
"ENSG00000164867.11",0.235837759953057,0.00202325273129827,0.02475755738592
"ENSG00000165028.12",0.292920474774349,0.00011116871087579,0.00350270950679579
"ENSG00000165029.17",0.430077942448545,5.35596877550412e-09,4.38895725174617e-06
"ENSG00000165115.15",0.2449589266761,0.00132790775264598,0.0186575446020275
"ENSG00000165185.15",0.265003227842682,0.000497799690818387,0.00974288224780643
"ENSG00000165300.8",0.327132474359393,1.41698599178858e-05,0.000844377709010592
"ENSG00000165323.16",0.245707989267246,0.00128187730857574,0.0182428735404759
"ENSG00000165379.14",0.231614445049228,0.00244592668248715,0.0279378936669159
"ENSG00000165457.15",0.255249700111488,0.000810235088016763,0.0133219430038122
"ENSG00000165487.14",0.214736207178088,0.0050530157326702,0.0450318341804214
"ENSG00000165507.9",0.232133117455598,0.00239002184097088,0.0274474343698839
"ENSG00000165521.16",0.255883304625835,0.000785438380411887,0.0130493729088314
"ENSG00000165644.11",0.253151083515138,0.00089759754413053,0.0142599564812682
"ENSG00000165731.21",0.323034538153567,1.83813221430273e-05,0.000999873075801546
"ENSG00000165868.16",0.217040564006456,0.00459039989746922,0.042265287638786
"ENSG00000165923.17",0.399841945787338,7.21478492317157e-08,3.07596515801676e-05
"ENSG00000166046.11",0.329383627382261,1.22627467851521e-05,0.000765382202907174
"ENSG00000166106.4",0.227709789417963,0.00290634272900132,0.0312176847123977
"ENSG00000166147.15",0.292241395154291,0.000115515685098468,0.00360940338075817
"ENSG00000166148.4",0.235542593995372,0.00205047894344337,0.0249245594565812
"ENSG00000166278.16",0.245429946449372,0.00129879014185892,0.018360136880157
"ENSG00000166289.6",0.212071630956185,0.00563968518007951,0.0486964386912168
"ENSG00000166348.20",0.321709542611518,1.99787739482674e-05,0.00105294770665526
"ENSG00000166352.18",0.252590847507622,0.000922339893362673,0.0145087914101872
"ENSG00000166387.14",0.228311114627763,0.00283068052013389,0.0307035769653976
"ENSG00000166426.8",0.287109668955251,0.000153880067646108,0.00442196307512904
"ENSG00000166510.14",0.235853521887997,0.00202180813331557,0.0247518033786099
"ENSG00000166526.18",0.217832620690943,0.00444039546227466,0.0410926651833017
"ENSG00000166710.23",0.268123719994791,0.000424286828054248,0.00874140980783623
"ENSG00000166833.23",0.241734211574249,0.00154383355010706,0.0207832557887492
"ENSG00000166908.18",0.253556939152428,0.000880055684044072,0.0140604116614916
"ENSG00000166927.13",0.310304548662901,4.02855203314333e-05,0.00171706891439497
"ENSG00000167065.14",0.310804564408949,3.90889623500316e-05,0.00168873624247934
"ENSG00000167202.12",0.318629245971066,2.42132759516636e-05,0.00120982121394227
"ENSG00000167207.14",0.221149381038144,0.00385892876683633,0.0376823852424299
"ENSG00000167244.22",0.295946902647267,9.35907984775585e-05,0.00310376899964154
"ENSG00000167380.17",0.305315984026669,5.42639131751314e-05,0.00211282308099933
"ENSG00000167508.12",0.322399869234329,1.91308293486355e-05,0.0010283830659503
"ENSG00000167524.16",0.274518998115952,0.000303957768043556,0.00695625151496438
"ENSG00000167613.16",0.343445816804895,4.84264079995692e-06,0.000412810752487603
"ENSG00000167617.3",0.2356234048009,0.00204299200381414,0.0249150868328807
"ENSG00000167641.11",0.220473743981256,0.00397149046917687,0.0383021155613136
"ENSG00000167740.10",0.247675826254994,0.00116781916773879,0.017098622661711
"ENSG00000167895.15",0.278847229247932,0.000241414171268862,0.00598306750511502
"ENSG00000167992.14",0.237412753612381,0.00188345289749253,0.0236506939965411
"ENSG00000167994.13",0.317682485148658,2.56761934646479e-05,0.00124952556050278
"ENSG00000168026.19",0.404450621716592,4.93414947829063e-08,2.32115183698179e-05
"ENSG00000168038.11",0.253104896449519,0.000899614060720566,0.0142741386536443
"ENSG00000168071.22",0.219039251735894,0.00422032785406684,0.0397217445264394
"ENSG00000168229.4",0.345901808018917,4.09799913014084e-06,0.00037312355520777
"ENSG00000168398.7",0.269846046432906,0.000388149420693801,0.0082650123502805
"ENSG00000168404.13",0.314532013214949,3.11668866350845e-05,0.00143170419745217
"ENSG00000168487.20",0.276370381869211,0.000275561024279539,0.00646359806073236
"ENSG00000168542.16",0.290364820889891,0.000128368428363653,0.00389134031709056
"ENSG00000168575.10",0.335117105872613,8.4420371890556e-06,0.00058275290954777
"ENSG00000168610.16",0.36464933632291,1.09280511440216e-06,0.000160759780151031
"ENSG00000168646.14",0.326744356077335,1.45257625381539e-05,0.000856072245195559
"ENSG00000168679.18",0.341674523114888,5.45755446302158e-06,0.000453066196157311
"ENSG00000168769.14",0.346058566476639,4.05436557455129e-06,0.00037312355520777
"ENSG00000168772.11",0.264787639267805,0.000503289845426008,0.00978948847117679
"ENSG00000168778.13",0.343449321971947,4.84149187132861e-06,0.000412810752487603
"ENSG00000168807.17",0.289976981326044,0.000131186117283312,0.00396728683017616
"ENSG00000168887.11",0.306668646652118,5.00799540778657e-05,0.00200236470377235
"ENSG00000168890.14",0.297885837284143,8.37346539815214e-05,0.00285367567757475
"ENSG00000168899.5",0.28719180913568,0.000153181930055876,0.00440863654249529
"ENSG00000168961.17",0.262267028585526,0.000571765567094934,0.010540319811983
"ENSG00000169026.13",0.276953187463122,0.000267144935925181,0.00632458789124639
"ENSG00000169064.13",0.253599631463249,0.000878228866102507,0.0140400553087489
"ENSG00000169242.12",0.328232828648929,1.32051084961394e-05,0.000806319033684341
"ENSG00000169291.10",0.324237936111514,1.70356615228779e-05,0.00095111408717729
"ENSG00000169429.12",0.365930645051286,9.9531531739532e-07,0.000155116533790143
"ENSG00000169432.19",0.258323908633915,0.000696305034476353,0.0120323878091481
"ENSG00000169504.15",0.303561320380567,6.01812499497569e-05,0.00227836705286688
"ENSG00000169508.7",0.234907857002509,0.00211015892269543,0.0253209103038413
"ENSG00000169604.21",0.274702914611206,0.000301019895855041,0.00693273654977843
"ENSG00000169692.13",0.347686650893132,3.62652577752357e-06,0.000349280241973716
"ENSG00000169756.17",0.338284506046401,6.84661836095704e-06,0.000527838593126133
"ENSG00000169813.17",0.267569407493097,0.000436563779441754,0.00890765436880231
"ENSG00000169896.18",0.293530099967423,0.000107397058081728,0.00341025933306268
"ENSG00000169908.12",0.293735314411648,0.000106154583486983,0.00337925424100228
"ENSG00000170088.14",0.238442317725458,0.00179688055263656,0.0228116725030618
"ENSG00000170160.18",0.226268947067294,0.00309513445653413,0.0324229693193141
"ENSG00000170180.22",0.2243301705003,0.00336664942817746,0.0343465845076273
"ENSG00000170276.6",0.310365478829148,4.0137890563158e-05,0.00171647394731544
"ENSG00000170412.18",0.305422780988142,5.39220018143591e-05,0.00210877102137139
"ENSG00000170458.15",0.445082681602324,1.33580508042993e-09,1.78597139253482e-06
"ENSG00000170525.21",0.334219830375916,8.95439835883187e-06,0.000602361564077929
"ENSG00000170577.8",0.228860877748213,0.00276307060184707,0.0302413970265925
"ENSG00000170801.10",0.328296671047423,1.31510844036206e-05,0.000806319033684341
"ENSG00000170909.14",0.212582248468314,0.00552275582896247,0.0481480565586069
"ENSG00000171051.9",0.350005795024138,3.09052453608565e-06,0.000319140629228389
"ENSG00000171115.4",0.258369520842648,0.000694731660364009,0.0120137973915772
"ENSG00000171124.14",0.26907788576472,0.000403899432879367,0.00848656517240245
"ENSG00000171236.10",0.264405786851212,0.000513151555767222,0.00988293326092096
"ENSG00000171310.11",0.239140296133945,0.00174026840859561,0.0223838169030654
"ENSG00000171522.6",0.260165304427193,0.000635327768817976,0.01131200740507
"ENSG00000171574.18",0.242785701675302,0.0014701390165373,0.0200026942642773
"ENSG00000171631.16",0.241588891294975,0.00155427944092553,0.020857559766419
"ENSG00000171798.19",0.301580280728286,6.75877172244667e-05,0.00245410635118439
"ENSG00000171860.5",0.341967389447204,5.35101517881749e-06,0.000445678159303281
"ENSG00000171931.13",0.215385820635477,0.004918548589872,0.0441793255389467
"ENSG00000171962.18",0.305301189402687,5.43114384872875e-05,0.00211282308099933
"ENSG00000172116.23",0.229769354626012,0.0026545435149169,0.029434032697265
"ENSG00000172123.13",0.230267439436726,0.0025966947411624,0.0289831625473239
"ENSG00000172159.16",0.248072273690879,0.00114599699201354,0.0168666057868597
"ENSG00000172216.6",0.310144152804279,4.06765939639423e-05,0.00172505428458435
"ENSG00000172296.13",0.22971600557029,0.00266080830606209,0.0294649142976876
"ENSG00000172348.16",0.247694337492084,0.00116679181933385,0.0170934328642086
"ENSG00000172349.18",0.456765105125714,4.3199158984803e-10,7.83848739779251e-07
"ENSG00000172432.19",0.282049748921036,0.000203083255822166,0.00534603517891241
"ENSG00000172578.12",0.417315892560265,1.65639272262074e-08,1.07890626494191e-05
"ENSG00000172716.17",0.212393823976626,0.00556564943881028,0.0483530070773247
"ENSG00000172824.16",0.224228855054681,0.00338141180070815,0.0343725422295925
"ENSG00000172890.13",0.335542066739457,8.2091843077734e-06,0.000575007857858017
"ENSG00000172900.12",0.236801930338525,0.00193659229669695,0.0240917013285958
"ENSG00000172935.9",0.319820331319468,2.24843243008491e-05,0.00113778743070611
"ENSG00000172965.17",0.229451435510142,0.00269207514548483,0.0296650574996487
"ENSG00000173068.18",0.265248685112775,0.000491616297568185,0.0096702931881872
"ENSG00000173221.14",0.23955681013403,0.00170726465477814,0.0221612897421201
"ENSG00000173258.13",0.28687815375944,0.000155863798865934,0.00445377737074389
"ENSG00000173281.5",0.343748994465118,4.74421564959429e-06,0.00040992282362804
"ENSG00000173369.18",0.301215640852984,6.90408877888941e-05,0.00248919785254212
"ENSG00000173372.18",0.344120015374539,4.62634826290289e-06,0.000402476455214117
"ENSG00000173376.14",0.278023850167743,0.000252302929474549,0.00613912961440801
"ENSG00000173597.9",0.253130710558941,0.000898486510374816,0.0142651580144072
"ENSG00000173714.8",0.371640581352828,6.53084255422431e-07,0.000123799726334836
"ENSG00000173757.10",0.225391743034568,0.00321543146539915,0.033243746005207
"ENSG00000173868.12",0.243139796570881,0.00144605444275321,0.0198459548209244
"ENSG00000173926.6",0.21158071161031,0.00575418536057258,0.0492830649745871
"ENSG00000174327.7",0.235026626085906,0.00209887323076878,0.0252796347078841
"ENSG00000174669.12",0.21694381073027,0.00460903190308499,0.0423447513323935
"ENSG00000174697.5",0.226071743005945,0.0031218183747639,0.0326038215066894
"ENSG00000174844.15",0.301368889798874,6.84266241931193e-05,0.00247612754184873
"ENSG00000175155.11",0.236916902791807,0.00192648707817196,0.0240248165178215
"ENSG00000175267.15",0.289266210483629,0.000136500399285407,0.00406032745087492
"ENSG00000175354.20",0.222504061212137,0.00364185005878948,0.036208969488622
"ENSG00000175356.14",0.296311369797291,9.16589768850967e-05,0.00307178494698168
"ENSG00000175489.10",0.258139690920903,0.000702692996495324,0.0120818478028979
"ENSG00000175806.15",0.21110270134113,0.00586766620857335,0.0499685969481692
"ENSG00000175899.15",0.253822986958752,0.000868728075476458,0.0139320071346771
"ENSG00000176029.14",0.335276805459307,8.35380722376797e-06,0.00057981356531524
"ENSG00000176046.9",0.35105909120469,2.87278566647405e-06,0.000304873338462973
"ENSG00000176463.14",0.377822722777237,4.10063422584487e-07,9.18691063582702e-05
"ENSG00000176597.12",0.308369981518188,4.52472237192257e-05,0.00185689050749514
"ENSG00000176692.8",0.265901864505427,0.000475505906959676,0.00945170309428532
"ENSG00000176845.13",0.213416010097074,0.00533648272790109,0.0469399829421299
"ENSG00000176974.21",0.234577484525424,0.00214184228132897,0.0255556153422086
"ENSG00000177000.13",0.218509716285524,0.00431566909265397,0.0402315383341978
"ENSG00000177082.13",0.246859006116202,0.00121398483903824,0.0176121398435684
"ENSG00000177106.17",0.226469306311594,0.0030682348352888,0.0322505886750512
"ENSG00000177119.17",0.327359952173264,1.39651111949378e-05,0.00083668801812501
"ENSG00000177234.7",0.241277520152621,0.00157687885183515,0.0210607010899939
"ENSG00000177239.16",0.321559306435251,2.01679531241291e-05,0.00105634332621083
"ENSG00000177469.13",0.306554792530326,5.04200871885088e-05,0.00200621622697538
"ENSG00000177575.13",0.308843299597248,4.39827933665346e-05,0.001822667047129
"ENSG00000177674.16",0.257682006098943,0.000718798053704472,0.0122643547841416
"ENSG00000177675.9",0.327585073401255,1.37652388000502e-05,0.000827632002517144
"ENSG00000177688.7",0.257625433036335,0.000720812178203153,0.012270204462392
"ENSG00000177731.16",0.225382850024203,0.00321667234896661,0.033243746005207
"ENSG00000177989.14",0.260207301907413,0.000633996290605021,0.0113020405405188
"ENSG00000178038.17",0.239804676115596,0.00168789601808145,0.0219702464228719
"ENSG00000178150.10",0.220777324531182,0.00392055319597674,0.0380298272129058
"ENSG00000178209.17",0.258561477587255,0.000688146011882006,0.0119650740176856
"ENSG00000178685.14",0.245989189196808,0.00126497755832755,0.0180729263721462
"ENSG00000178726.7",0.27847219246015,0.00024631849824893,0.00604563170146625
"ENSG00000178882.15",0.228060550904532,0.00286198859509217,0.0308991828026188
"ENSG00000178904.19",0.217226289301728,0.00455482365970329,0.0419833764250517
"ENSG00000179331.3",0.225973463512688,0.0031351941379196,0.0326943089842248
"ENSG00000179342.4",0.256066285352603,0.000778408275081411,0.0129919188041283
"ENSG00000179348.13",0.262369478055008,0.000568822603031415,0.01050130856454
"ENSG00000180190.13",0.219909661128356,0.0040677207377015,0.0388306440592208
"ENSG00000180233.11",0.249243098769053,0.0010837117424499,0.0162511979890524
"ENSG00000180353.11",0.381388085584891,3.12156739249866e-07,7.69875499724694e-05
"ENSG00000180611.7",0.225543275547967,0.00319435375152916,0.0331104047171899
"ENSG00000180638.19",0.257615912344011,0.000721151645961156,0.012270204462392
"ENSG00000180694.14",0.216986933794423,0.00460071922611656,0.0423187045907429
"ENSG00000180884.10",0.24141166077483,0.00156710637900438,0.0209522122872885
"ENSG00000181031.16",0.339511425148682,6.30911107129112e-06,0.000498804471646131
"ENSG00000181378.14",0.245646188066577,0.0012856190534575,0.0182654255117343
"ENSG00000181458.10",0.232059581795522,0.00239787667550731,0.0275003436514277
"ENSG00000182022.18",0.256890675456594,0.000747447416968232,0.0125911185233714
"ENSG00000182107.7",0.217886472161355,0.0044303583919429,0.0410296734343878
"ENSG00000182118.8",0.251776003033896,0.000959445950038113,0.014952641391913
"ENSG00000182134.17",0.246609584567914,0.00122841121921363,0.0177706891809133
"ENSG00000182158.16",0.224609296688512,0.0033262791133078,0.034096912424956
"ENSG00000182179.13",0.252709980781722,0.000917026638266337,0.0144690855229067
"ENSG00000182326.16",0.481888721927189,3.28314725530219e-11,1.04252237158052e-07
"ENSG00000182541.18",0.310241207095533,4.04395339973031e-05,0.00172074620122863
"ENSG00000182718.18",0.264483997441102,0.000511117272103736,0.0098661945769386
"ENSG00000182771.19",0.229918735148689,0.00263707274120158,0.029291455550828
"ENSG00000182871.16",0.322385326871368,1.91483364246149e-05,0.0010283830659503
"ENSG00000183087.15",0.269489126496466,0.000395395431815287,0.00834238384917254
"ENSG00000183230.18",0.231079818566742,0.00250478981078802,0.0284058819479679
"ENSG00000183508.5",0.249032177532793,0.00109469792460718,0.0163630430094985
"ENSG00000183696.14",0.265240058141415,0.000491832413460531,0.0096702931881872
"ENSG00000183801.8",0.271589579931167,0.000354487831380258,0.00772571703426053
"ENSG00000183914.15",0.237875302249307,0.00184409970468401,0.0232947114858717
"ENSG00000184005.11",0.314749015366557,3.07557713256577e-05,0.00142178250497407
"ENSG00000184254.17",0.302951065654165,6.23774340842295e-05,0.00234751697487656
"ENSG00000184371.14",0.325486585522773,1.57380625649192e-05,0.000892397328876436
"ENSG00000184384.14",0.248637883997841,0.00111550952827739,0.0165744479799533
"ENSG00000184500.16",0.31004857622392,4.09113211141611e-05,0.0017292350919518
"ENSG00000184557.4",0.54002802228672,3.53338043991242e-14,1.49597438858492e-10
"ENSG00000184574.10",0.21234187257596,0.00557752810870908,0.0484028984590858
"ENSG00000184584.13",0.229724886047604,0.00265976454156852,0.0294649142976876
"ENSG00000184601.11",0.277745908184952,0.000256080429920586,0.00618835536576857
"ENSG00000184617.10",0.213390515819686,0.00534209408681824,0.0469730758350445
"ENSG00000184619.8",0.291234445810449,0.000122254687077266,0.00374172989858289
"ENSG00000184863.11",0.266440549218169,0.000462588184972082,0.00928209136085767
"ENSG00000184916.9",0.3215943609831,2.01236614342976e-05,0.00105620118061046
"ENSG00000185033.15",0.243081571233156,0.00144998984953099,0.0198459548209244
"ENSG00000185070.12",0.279120541918577,0.000237897436425438,0.00591321778621859
"ENSG00000185149.6",0.313261732248877,3.36791706592375e-05,0.00151852128530066
"ENSG00000185201.18",0.379729318650512,3.54543416676024e-07,8.46911835035292e-05
"ENSG00000185261.15",0.2269782264208,0.00300085606102704,0.0318291217195281
"ENSG00000185269.12",0.26148265271212,0.000594767430565564,0.0108229778213875
"ENSG00000185339.9",0.330044856803061,1.17504298327793e-05,0.000742527783686798
"ENSG00000185344.15",0.328063886855651,1.33490827340732e-05,0.0008112601643389
"ENSG00000185404.17",0.38187710007112,3.0061628213752e-07,7.63655541513942e-05
"ENSG00000185477.5",0.227557115828541,0.00292584192292632,0.0312948052076199
"ENSG00000185507.21",0.297484830786546,8.56896728265314e-05,0.00289850167618159
"ENSG00000185559.16",0.265512098169129,0.000485059581790412,0.00959122420035231
"ENSG00000185585.20",0.278444275632,0.000246687243031154,0.00604883787135174
"ENSG00000185722.18",0.314607551359296,3.10231943800853e-05,0.00142768515731396
"ENSG00000185745.10",0.214061575793432,0.00519613861170713,0.0460724290238033
"ENSG00000185760.18",0.296039025948721,9.30989417361445e-05,0.00309959687670155
"ENSG00000185811.20",0.321843980202372,1.98109093263181e-05,0.00105032923527362
"ENSG00000185885.17",0.418043933759026,1.555021498549e-08,1.03953187178001e-05
"ENSG00000185950.9",0.218311436623128,0.00435186377586134,0.0404798225918
"ENSG00000186230.7",0.263979776886989,0.000524364143363676,0.00998532408835641
"ENSG00000186300.12",0.295980397751669,9.34116836468954e-05,0.00310243540380979
"ENSG00000186409.19",0.237165093615576,0.0019048363557122,0.0238153270198388
"ENSG00000186453.13",0.260724580102613,0.000617806229199867,0.011091259109798
"ENSG00000186517.14",0.435776834349718,3.18586363708644e-09,3.64106634805628e-06
"ENSG00000186567.14",0.2507078195302,0.00101016395365261,0.0155229095486295
"ENSG00000186710.12",0.228811409121723,0.00276909385531864,0.0302942683921875
"ENSG00000186815.13",0.396894894881151,9.17142681638084e-08,3.58433469871573e-05
"ENSG00000186976.15",0.277077371759823,0.000265382775226171,0.00630457544549238
"ENSG00000187017.18",0.230337347469344,0.0025886675098995,0.0289831625473239
"ENSG00000187187.14",0.36749132905378,8.87754216254115e-07,0.000144561668945534
"ENSG00000187240.17",0.239800474142271,0.00168822269092021,0.0219702464228719
"ENSG00000187513.9",0.255211820405595,0.000811740108587242,0.0133302662231227
"ENSG00000187535.14",0.310849391878498,3.89833371020314e-05,0.00168704209949387
"ENSG00000187554.14",0.335470270493845,8.24809245276381e-06,0.000575007857858017
"ENSG00000187609.16",0.230910663490388,0.00252367970604761,0.0285436489638146
"ENSG00000187634.13",0.228102533203973,0.00285672113340229,0.0308991828026188
"ENSG00000187726.9",0.227890788113199,0.00288337822225827,0.0310210424805254
"ENSG00000187840.5",0.310581817419858,3.96178161971095e-05,0.00170354403904248
"ENSG00000187848.15",0.2818935100578,0.000204813429856397,0.00536765987467419
"ENSG00000187942.12",0.217655823843965,0.00447349135435668,0.0413688026482427
"ENSG00000187955.13",0.33965850540723,6.24743036099841e-06,0.000498804471646131
"ENSG00000188033.10",0.292163937655914,0.000116021480875923,0.00361637499621525
"ENSG00000188039.16",0.266261297512026,0.000466850195204124,0.00933075964498062
"ENSG00000188060.8",0.31345704388865,3.32808740350927e-05,0.00150970364841689
"ENSG00000188092.15",0.228524671028372,0.00280424151411392,0.030527579432785
"ENSG00000188130.14",0.23458519468468,0.00214109796296255,0.0255556153422086
"ENSG00000188313.13",0.260756541337843,0.000616818503023773,0.0110877636159189
"ENSG00000188316.15",0.279978034254946,0.000227170746735667,0.005759299879567
"ENSG00000188394.8",0.232285431374991,0.00237382637292492,0.0273232040559183
"ENSG00000188659.10",0.234956451901178,0.00210553468236631,0.0253121705851319
"ENSG00000188687.18",0.334566150156744,8.75324905313445e-06,0.000594542207745386
"ENSG00000188783.6",0.244261778573435,0.00137210078291924,0.0191093619454482
"ENSG00000188785.12",0.25708637418246,0.000740266146893187,0.0125150105515376
"ENSG00000188878.20",0.215888823666545,0.0048166419946998,0.0436048987227321
"ENSG00000188906.17",0.260747098503885,0.000617110171576846,0.0110877636159189
"ENSG00000188933.16",0.215113146777522,0.00497459532750064,0.0445591132244354
"ENSG00000189058.9",0.216085351880168,0.00477734325286438,0.0433424466616121
"ENSG00000189099.11",0.211761157292152,0.0057118596504391,0.0490860523342708
"ENSG00000189423.13",0.264446628953224,0.000512088307844779,0.00987620736971558
"ENSG00000196083.10",0.342577265375717,5.13545299906279e-06,0.000434853041783973
"ENSG00000196091.15",0.226086280879837,0.00311984416458196,0.0326011523294429
"ENSG00000196118.12",0.254988832607565,0.000820651993819254,0.0134064454012801
"ENSG00000196136.18",0.602531568478891,4.45322155000433e-18,2.828129675869e-14
"ENSG00000196189.14",0.220910413017097,0.00389840847982817,0.0378568782379121
"ENSG00000196209.13",0.256053133319577,0.000778911637943841,0.0129919188041283
"ENSG00000196218.14",0.260126796435176,0.000636550881905329,0.01131200740507
"ENSG00000196277.16",0.271820827344267,0.000350232301216515,0.00766317928320684
"ENSG00000196295.13",0.309197647192765,4.30580038230626e-05,0.00179901722223233
"ENSG00000196329.12",0.28844855490247,0.000142862172379138,0.00418142106497655
"ENSG00000196369.12",0.262165829985259,0.000574686386761483,0.010571150096236
"ENSG00000196547.15",0.264678985782696,0.000506077954059904,0.00979870294739614
"ENSG00000196565.15",0.25850556105743,0.000690058435162074,0.0119761988152858
"ENSG00000196569.14",0.315828336031746,2.87857402305365e-05,0.00136368804636612
"ENSG00000196576.16",0.233290984428406,0.00226938119609844,0.0265107949806322
"ENSG00000196652.12",0.263090604657033,0.000548499740932556,0.0102678989822474
"ENSG00000196696.13",0.268860023360218,0.00040847289133371,0.00856141654995895
"ENSG00000196954.14",0.234542143489518,0.00214525702088791,0.0255556153422086
"ENSG00000197142.11",0.255361718511762,0.000805799420056486,0.0132661844897569
"ENSG00000197181.12",0.252202504544394,0.000939856568395826,0.0146877559009058
"ENSG00000197249.14",0.370580687212706,7.06647258928129e-07,0.000123799726334836
"ENSG00000197256.11",0.234473892476389,0.00215186560889236,0.0256156710696779
"ENSG00000197329.12",0.219901703229398,0.00406909319708876,0.0388306440592208
"ENSG00000197355.11",0.212462500518815,0.00554998129104111,0.048266406962108
"ENSG00000197405.8",0.366149503445825,9.79515642360286e-07,0.000154639260078979
"ENSG00000197465.14",0.26959444176203,0.000393244453419052,0.00832471398268606
"ENSG00000197467.17",0.212568610330641,0.00552585050816655,0.0481480565586069
"ENSG00000197471.12",0.246080801021327,0.00125951598476258,0.0180154755410606
"ENSG00000197497.11",0.28528318022783,0.000170192114677397,0.00471862063555388
"ENSG00000197629.6",0.288865392769125,0.000139585170569349,0.00412311870694556
"ENSG00000197653.16",0.302165869770091,6.53138839903261e-05,0.0024150925691503
"ENSG00000197714.9",0.274590507136714,0.000302812339606357,0.00693887096438035
"ENSG00000197748.13",0.277146778318046,0.000264402614397905,0.00629456183940929
"ENSG00000197816.16",0.213540640570305,0.00530912707823192,0.0467641314730671
"ENSG00000197822.12",0.214681478500603,0.00506449336846273,0.0450782498384929
"ENSG00000197879.17",0.224902863860579,0.00328429205066511,0.0337640109117952
"ENSG00000197892.13",0.223432018701918,0.00349956779568214,0.0352496117025034
"ENSG00000197901.12",0.287542051855022,0.000150238124027236,0.00434680986863767
"ENSG00000197943.11",0.336346508930491,7.78495831031922e-06,0.000566651277813865
"ENSG00000197959.15",0.268377773570447,0.000418767482401904,0.00867634009593558
"ENSG00000197989.15",0.30791325303908,4.64996577121199e-05,0.00189171616143043
"ENSG00000198087.7",0.351829466553395,2.72285390073614e-06,0.000297335018308125
"ENSG00000198089.16",0.262881648467733,0.0005543184950608,0.0103691846318332
"ENSG00000198216.13",0.220934789749378,0.00389436463379057,0.03784565600313
"ENSG00000198336.9",0.225815358964297,0.00315682071304752,0.0328389502758174
"ENSG00000198399.16",0.268088202031733,0.000425063801125627,0.00874323541699943
"ENSG00000198520.12",0.425146133060192,8.33180238164072e-09,6.22508164414174e-06
"ENSG00000198542.15",0.216823384885154,0.00463231738258761,0.0425125572506767
"ENSG00000198547.10",0.276759482194532,0.000269915303476309,0.0063723591581865
"ENSG00000198556.14",0.243382758740718,0.00142973788104553,0.0197282082521453
"ENSG00000198624.13",0.212628766564768,0.00551221189576164,0.0481191473498395
"ENSG00000198682.13",0.260853160922011,0.000613841430354236,0.0110549342463682
"ENSG00000198691.14",0.267778403657438,0.000431896830483041,0.00883371592975902
"ENSG00000198909.8",0.371370375878454,6.66358802197464e-07,0.000123799726334836
"ENSG00000198951.12",0.221632492449348,0.00378021185129956,0.0371484416474131
"ENSG00000198959.12",0.283428865645283,0.00018839048298853,0.00505351999932167
"ENSG00000201581.1",0.220256753067543,0.00400826312845511,0.038517355013399
"ENSG00000203710.12",0.345348468370377,4.25561304009593e-06,0.000376673651768491
"ENSG00000203727.4",0.258518553512158,0.000689613639042445,0.0119761988152858
"ENSG00000203734.13",0.244838395018439,0.00133545410436243,0.0187261402942232
"ENSG00000203778.8",0.267886626256746,0.000429498366094289,0.00880990973164183
"ENSG00000203782.6",0.241539089126174,0.00155787412588485,0.0208837342584976
"ENSG00000203799.14",0.256356192424332,0.000767388483100591,0.0128758055721297
"ENSG00000203805.11",0.24587162506431,0.00127201805898916,0.0181427974857575
"ENSG00000203880.12",0.264019178623176,0.000523317671689038,0.0099728723285196
"ENSG00000204022.9",0.216411970861807,0.00471266664026285,0.0430305935520622
"ENSG00000204054.14",0.226197021583529,0.00310484281088717,0.0324978664709381
"ENSG00000204257.15",0.270962609682398,0.000366267938271182,0.00786500797624923
"ENSG00000204287.14",0.334855506822182,8.58847366273772e-06,0.000588067375888211
"ENSG00000204291.11",0.292897103199544,0.000111315742455903,0.00350270950679579
"ENSG00000204323.5",0.272779668498997,0.000333087507594034,0.00744188386579705
"ENSG00000204338.8",0.365706127134846,1.01177600589303e-06,0.000156720401693296
"ENSG00000204344.16",0.277731706893947,0.000256274843317267,0.00618835536576857
"ENSG00000204396.11",0.285268103404252,0.000170333233193044,0.00471862063555388
"ENSG00000204472.13",0.229360951391078,0.00270284465371811,0.0297231007525546
"ENSG00000204519.11",0.257363594522136,0.000730202050641819,0.0124051438637353
"ENSG00000204524.7",0.326238235439363,1.50025737191168e-05,0.000869356428976648
"ENSG00000204592.9",0.345448871913394,4.22659301401439e-06,0.000376673651768491
"ENSG00000204991.11",0.231341964447968,0.00247576858115903,0.0281900265652993
"ENSG00000205084.12",0.239060471076954,0.00174665958410484,0.0224319481370148
"ENSG00000205213.14",0.237983821716542,0.00183497607424489,0.0232130220989697
"ENSG00000205403.15",0.355592117571549,2.09142437776208e-06,0.000247109085899024
"ENSG00000205517.13",0.211832344184689,0.00569523859213286,0.0490211304519486
"ENSG00000205562.4",0.347245928620146,3.73790350075081e-06,0.000355523138308324
"ENSG00000205682.2",0.278075170055181,0.000251611131658338,0.00612816642139669
"ENSG00000205929.11",0.299693649779095,7.54285263004644e-05,0.00265022248078935
"ENSG00000206113.11",0.288315226044317,0.000143925410149731,0.00420399441916631
"ENSG00000213066.13",0.2409883813367,0.00159813267626907,0.0212551645943786
"ENSG00000213608.5",0.272379086775306,0.000340153301925824,0.0075459170667212
"ENSG00000213614.11",0.257938596623011,0.00070972775198114,0.0121408849047656
"ENSG00000213719.8",0.242751780138047,0.00147246538889889,0.0200026942642773
"ENSG00000214063.12",0.226641262175803,0.00304531722923051,0.0320863515446465
"ENSG00000214140.11",0.239838769332012,0.00168524764831466,0.0219702464228719
"ENSG00000214290.9",0.239978603882746,0.00167442484821876,0.0218803572115747
"ENSG00000214694.12",0.255088993807641,0.000816637901886043,0.0133612139537522
"ENSG00000215018.10",0.243088892477625,0.00144949447502986,0.0198459548209244
"ENSG00000215187.13",0.291681123755692,0.000119221198554184,0.00366305396311852
"ENSG00000215208.3",0.212665008495795,0.00550400967068665,0.0480971302595297
"ENSG00000215424.10",0.245580424652733,0.00128961165947768,0.0183001477500861
"ENSG00000215808.4",0.211124359178101,0.00586248166251133,0.0499411876836939
"ENSG00000216471.3",0.235445454185334,0.00205951173918316,0.0249846116095845
"ENSG00000216490.4",0.348439759301191,3.4434646081599e-06,0.000340367048408894
"ENSG00000216977.1",0.227852868931312,0.00288817564421509,0.0310488048624612
"ENSG00000219642.2",0.317568412584692,2.58579754211592e-05,0.00125596586926139
"ENSG00000220515.2",0.256952427578628,0.000745174495936117,0.0125750530988062
"ENSG00000220884.2",0.267699617432745,0.000433650704014126,0.00885532864475149
"ENSG00000221817.11",0.276820370981852,0.000269041611067124,0.00636356056418821
"ENSG00000221843.5",0.230634713059824,0.00255477296500325,0.0287672418572595
"ENSG00000221869.5",0.442993514814857,1.62735202231292e-09,1.96855349632453e-06
"ENSG00000221963.6",0.274401928085087,0.000305841673528106,0.00698677700776482
"ENSG00000221968.9",0.223402571941284,0.00350400467813333,0.0352606308753509
"ENSG00000221978.13",0.264604524226881,0.000507996911414282,0.00982088701724277
"ENSG00000222041.12",0.241356683575771,0.00157110490004693,0.0209946227122
"ENSG00000223561.7",0.316519540933433,2.75872230912974e-05,0.00131658969228471
"ENSG00000223745.8",0.264948205351106,0.000499195603600764,0.00975471351025832
"ENSG00000224363.2",0.218023234609371,0.00440495953211083,0.0408838827161898
"ENSG00000224383.8",0.282942377084154,0.000193456502387105,0.00513518864173421
"ENSG00000224389.9",0.598818037188254,8.02381481681681e-18,4.07657935583195e-14
"ENSG00000224593.1",0.2294040419764,0.00269771111421601,0.0296804204823074
"ENSG00000224678.3",0.24972953424096,0.001058759152672,0.0159807835741692
"ENSG00000224934.6",0.230921864769037,0.00252242485524569,0.0285421641861053
"ENSG00000224940.9",0.271259197257313,0.000360650884810403,0.00778856090406374
"ENSG00000225217.1",0.328414079069543,1.30522775610021e-05,0.000802825682523335
"ENSG00000225697.13",0.245416130933239,0.00129963581258157,0.0183618734966684
"ENSG00000225963.8",0.264861504462206,0.000501402533981029,0.00976773663398778
"ENSG00000226026.7",0.255536176880629,0.000798935725869695,0.0131788079508233
"ENSG00000226029.1",0.273961150322561,0.00031303234265821,0.00711203125254242
"ENSG00000226334.1",0.23859335061422,0.00178449015005172,0.0227339033509347
"ENSG00000227039.7",0.219807469059285,0.00408537699404695,0.0389713975891005
"ENSG00000227115.9",0.258501422447029,0.00069020017578941,0.0119761988152858
"ENSG00000227124.11",0.231179807846437,0.00249368417039185,0.0283432031232502
"ENSG00000227252.2",0.236616586557041,0.00195298421085103,0.0242126197697652
"ENSG00000227304.3",0.243206731346841,0.00144154242702998,0.0198157479836811
"ENSG00000227372.12",0.225447630355658,0.00320764313388675,0.0332044655786981
"ENSG00000227660.1",0.225789595436801,0.00316035755737658,0.0328622853172482
"ENSG00000228487.2",0.280199934155034,0.000224469133892527,0.00570218940827185
"ENSG00000228506.3",0.213268267999597,0.00536907459295391,0.0471613422838203
"ENSG00000228753.1",0.286280686556653,0.000161093926157065,0.0045672645158124
"ENSG00000228793.3",0.218445730535387,0.00432731961338798,0.0402957845083925
"ENSG00000228824.8",0.216472766292232,0.00470071509611255,0.0429386068272373
"ENSG00000229154.2",0.350564346754309,2.97317795218068e-06,0.000310813331354921
"ENSG00000229183.10",0.232899236517241,0.00230956496776176,0.0267696406166706
"ENSG00000229241.1",0.219643532862377,0.00411384511510758,0.0390725638887519
"ENSG00000229419.1",0.265002209262356,0.00049782549925807,0.00974288224780643
"ENSG00000229644.6",0.276594006358483,0.000272303045252581,0.00641085658809204
"ENSG00000229776.1",0.619441423240866,2.76115512922221e-19,2.33805412492106e-15
"ENSG00000229859.10",0.446064457580599,1.21688854682332e-09,1.71736776416404e-06
"ENSG00000229975.1",0.329207628894414,1.24026275260521e-05,0.000769176994788664
"ENSG00000230001.1",0.270764230926039,0.0003700701433495,0.00793324206878258
"ENSG00000230303.6",0.215313353496355,0.00493338835357607,0.0442836976487254
"ENSG00000230551.4",0.278587825549238,0.000244796585884925,0.00603744434100461
"ENSG00000230615.8",0.213034987466568,0.00542089896270797,0.0475343791334727
"ENSG00000231047.1",0.288459964486468,0.00014277152738088,0.00418142106497655
"ENSG00000231419.6",0.28684827161302,0.00015612157407444,0.00445405567031357
"ENSG00000231443.2",0.221401909262365,0.00381760027839043,0.0373856977147078
"ENSG00000232093.1",0.239609606608683,0.00170312215720899,0.0221188201224846
"ENSG00000232259.1",0.217050162246252,0.00458855523251983,0.0422636216721179
"ENSG00000232334.1",0.225833676032127,0.00315430830163455,0.0328306964358701
"ENSG00000232422.1",0.266279116323156,0.000466424903732152,0.00933075964498062
"ENSG00000232450.1",0.218951879154348,0.00423592742329762,0.0397948462773777
"ENSG00000232486.1",0.226651520337234,0.00304395496422172,0.0320853062058607
"ENSG00000232626.3",0.276698676893697,0.000270790427300093,0.00638186683363305
"ENSG00000232855.7",0.212449399769845,0.00555296710160564,0.0482758464346639
"ENSG00000232949.2",0.244973249684826,0.00132701360186091,0.0186575446020275
"ENSG00000233006.8",0.27218737584272,0.000343583796872183,0.00758961668864701
"ENSG00000233325.4",0.21264258826361,0.00550908249877714,0.0481083611950621
"ENSG00000233478.1",0.223861470401555,0.00343543347777141,0.0347829081848653
"ENSG00000233608.4",0.227086934184565,0.00298663817977295,0.0317180475254064
"ENSG00000233627.2",0.619441423240866,2.76115512922221e-19,2.33805412492106e-15
"ENSG00000233937.8",0.235198728402869,0.00208261702571165,0.0251784207417491
"ENSG00000234025.1",0.263370579121564,0.000540791727067951,0.0101760979575608
"ENSG00000234473.1",0.269737516015995,0.000390339634104774,0.00829773868214525
"ENSG00000234661.2",0.248479731681015,0.00112395851402217,0.0166300578422374
"ENSG00000235197.1",0.247740949853671,0.00116420856170203,0.0170752829635778
"ENSG00000235257.10",0.222263445994537,0.00367958436974288,0.0365031683272176
"ENSG00000235501.7",0.21294160467988,0.00544176950765534,0.0476680244148168
"ENSG00000235527.7",0.224469491468511,0.00334644435248789,0.0342091452258551
"ENSG00000235903.10",0.2252078105752,0.00324118461119648,0.0334155083921365
"ENSG00000236107.10",0.288308645328717,0.000143978079151072,0.00420399441916631
"ENSG00000236426.5",0.255716982872758,0.000791879067912194,0.0131134967158888
"ENSG00000237172.4",0.323839601485692,1.74704331972158e-05,0.000963627424013528
"ENSG00000237399.7",0.294000448059363,0.000104569223414198,0.00334555665288524
"ENSG00000237441.10",0.213545949933298,0.00530796449684067,0.0467641314730671
"ENSG00000237515.9",0.25133805248453,0.000979950554263339,0.0151752616423277
"ENSG00000237788.1",0.235664395099421,0.00203920385369689,0.024903342028857
"ENSG00000237862.2",0.278964519802393,0.000239899106155229,0.00595714271130136
"ENSG00000237990.3",0.323239913531885,1.81447823066031e-05,0.000989124259516394
"ENSG00000238057.10",0.227612175512544,0.00291879620108711,0.031263525551678
"ENSG00000238077.1",0.26657658665348,0.000459377709119816,0.00923225628541984
"ENSG00000240583.14",0.268470440096552,0.00041677088302218,0.0086638549438727
"ENSG00000240764.4",0.219182630480206,0.00419484076927187,0.0395257937914738
"ENSG00000240801.1",0.286541177024445,0.000158793832145958,0.00451717773572651
"ENSG00000240809.1",0.245002705569138,0.00132517647226044,0.0186501151938127
"ENSG00000241484.10",0.231109862999096,0.00250144812354233,0.0283933363191894
"ENSG00000241535.1",0.249845758803311,0.0010528756940137,0.0159499965593067
"ENSG00000241684.7",0.216682250270011,0.00465974141384931,0.0427025292698463
"ENSG00000241956.11",0.340684838092584,5.8326689341049e-06,0.000476422150910182
"ENSG00000242159.1",0.223712611073747,0.00345754306948675,0.0349371386611662
"ENSG00000242242.7",0.257938874003899,0.000709718004036977,0.0121408849047656
"ENSG00000242574.9",0.357494834110423,1.82783969826674e-06,0.000232895244076116
"ENSG00000242575.1",0.216542081213573,0.00468712191598704,0.0428915554869665
"ENSG00000243509.6",0.339325464961347,6.38792350701145e-06,0.000500840805088308
"ENSG00000243620.2",0.399554679436119,7.386288022636e-08,3.07596515801676e-05
"ENSG00000243649.9",0.43070361396991,5.06141633744051e-09,4.38895725174617e-06
"ENSG00000243660.12",0.283000967025402,0.000192839729444072,0.00512417117894117
"ENSG00000243715.1",0.234778111684154,0.00212255060668443,0.0253976227327389
"ENSG00000244480.1",0.225893111094664,0.00314616848477259,0.032795288477094
"ENSG00000244482.10",0.29509164132306,9.82746594293449e-05,0.00321710202768511
"ENSG00000244509.4",0.312804855818512,3.46284657879547e-05,0.00155501365684449
"ENSG00000244607.7",0.227154620544845,0.00297781627965406,0.0316662128289201
"ENSG00000244694.8",0.22271147273253,0.00360960313931441,0.0359587249207859
"ENSG00000244734.4",0.256730414407072,0.000753375970923755,0.012674178668461
"ENSG00000244879.9",0.230215243055332,0.00260270292018718,0.029036654493419
"ENSG00000245532.10",0.222256005459158,0.00368075682107089,0.0365031683272176
"ENSG00000245832.7",0.222173324983544,0.00369380796691741,0.0365053564573415
"ENSG00000246263.4",0.278769430856329,0.000242424010162274,0.00600223891827705
"ENSG00000246273.8",0.216133498823147,0.00476775951481742,0.0432864170675149
"ENSG00000247774.8",0.281815976158563,0.000205677117506536,0.00538086077859788
"ENSG00000247950.8",0.233969001458433,0.00220133042119759,0.0259853144468785
"ENSG00000248441.8",0.21943272792379,0.00415071429871091,0.0392410105434139
"ENSG00000249212.1",0.247983989711777,0.00115082394094054,0.0169180443123337
"ENSG00000249307.8",0.413366316879412,2.32713650852736e-08,1.40552868042103e-05
"ENSG00000249853.9",0.342079670010914,5.31069528840183e-06,0.000443774975037078
"ENSG00000250174.5",0.245284979067857,0.0013076889551226,0.0184547098963128
"ENSG00000250241.7",0.263703321143695,0.000531761061594015,0.0100694315661523
"ENSG00000250295.6",0.252302844521201,0.000935301588446051,0.0146482529292818
"ENSG00000250318.1",0.260119530835011,0.000636781899352445,0.01131200740507
"ENSG00000250538.6",0.249277879326404,0.00108190987582011,0.016233760528918
"ENSG00000250651.1",0.233588069415069,0.00223933188113342,0.0262873141295898
"ENSG00000250742.5",0.261262323053837,0.000601380478251795,0.0109085916230921
"ENSG00000251247.12",0.243082554741716,0.00144992329378629,0.0198459548209244
"ENSG00000251369.9",0.279338485971881,0.000235127332460133,0.0058788775851228
"ENSG00000251372.6",0.213014902304542,0.00542538183263282,0.0475449554179638
"ENSG00000251441.3",0.317277293230535,2.6327405989016e-05,0.00127208821984729
"ENSG00000251442.7",0.368597906815814,8.18310194960143e-07,0.000137665787301805
"ENSG00000251493.5",0.254779164612716,0.000829113509235529,0.0134839759763829
"ENSG00000253208.1",0.319014405525803,2.36409247932338e-05,0.00118685852277177
"ENSG00000253223.1",0.271777732465198,0.000351021747163419,0.00766591956796141
"ENSG00000253276.5",0.258584714144315,0.000687352726018987,0.011959466643192
"ENSG00000253304.2",0.2720537493862,0.000345993860348042,0.00762958509932406
"ENSG00000253641.6",0.22301503032395,0.00356287193319137,0.0356469616852542
"ENSG00000253678.3",0.30653968435985,5.04653847591728e-05,0.00200621622697538
"ENSG00000253720.2",0.234946581388385,0.00210647320413958,0.0253121705851319
"ENSG00000253901.1",0.237797263088465,0.00185068625348585,0.0233546859897174
"ENSG00000253981.6",0.244699532586997,0.00134419671988519,0.0188343239245689
"ENSG00000254066.2",0.258297992056529,0.000697200477357632,0.0120323878091481
"ENSG00000254165.1",0.219690114833594,0.00410573789701974,0.0390556122616695
"ENSG00000254453.2",0.329303233928692,1.23264560852411e-05,0.000767472950817108
"ENSG00000254477.2",0.242807931444711,0.00146861629810999,0.0200026942642773
"ENSG00000254542.1",0.211712430305464,0.00572326164147727,0.049141032038823
"ENSG00000254629.1",0.264122765949015,0.000520575687185027,0.00995047718702877
"ENSG00000254682.2",0.236119767418258,0.00199754775847194,0.0245494463998368
"ENSG00000254758.1",0.245557639609055,0.00129099762057513,0.0183001477500861
"ENSG00000255008.4",0.273065507890589,0.000328129105902897,0.00735698471072489
"ENSG00000255396.2",0.228160413376839,0.00284947336913789,0.0308547195209761
"ENSG00000255565.1",0.253963848663982,0.000862784948601168,0.0138454365441033
"ENSG00000255817.1",0.220866744031115,0.00390566216107588,0.0379119357576654
"ENSG00000255920.4",0.307578052733661,4.74394872514502e-05,0.00192350669003927
"ENSG00000256029.6",0.308175664274844,4.57761523780287e-05,0.00187556709493397
"ENSG00000256713.8",0.233148967443149,0.00228387474117835,0.0266012242320741
"ENSG00000257108.2",0.260906010663681,0.000612218619064813,0.0110455891904144
"ENSG00000257607.1",0.248543584417585,0.00112054027134221,0.0166074005326173
"ENSG00000258033.1",0.32121143506835,2.06125053125107e-05,0.00106830699912142
"ENSG00000258461.5",0.214874832804753,0.00502404752407018,0.0448284649408041
"ENSG00000258667.2",0.219906269386734,0.00406830564364663,0.0388306440592208
"ENSG00000258752.2",0.219272320153202,0.00417896791653873,0.0393908430366729
"ENSG00000258890.8",0.272597914868486,0.000336276391967715,0.00748745992134878
"ENSG00000259221.5",0.235583112320901,0.00204672189911729,0.0249245594565812
"ENSG00000259690.1",0.259027857455699,0.000672384301385849,0.0117473028941573
"ENSG00000259924.1",0.352546966593653,2.58993001042644e-06,0.000286052139368969
"ENSG00000259948.2",0.216327133320751,0.00472939009126552,0.0431318050944882
"ENSG00000260314.3",0.322445424517501,1.90760845656579e-05,0.0010283830659503
"ENSG00000260604.2",0.280903092097713,0.000216104359633398,0.00552283606415213
"ENSG00000260661.1",0.341007000175684,5.70795646618409e-06,0.000467739413259595
"ENSG00000261188.2",0.22698595320316,0.00299984345929856,0.0318291217195281
"ENSG00000261371.6",0.211516816424092,0.0057692398039724,0.0493454541213168
"ENSG00000261420.1",0.214326878369624,0.00513942727601246,0.0456492556267638
"ENSG00000262061.7",0.25614440030594,0.000775424772016869,0.0129592865023319
"ENSG00000262700.1",0.281586961126505,0.000208248062907656,0.00541026046835601
"ENSG00000262801.6",0.371208410471017,6.7443886600804e-07,0.000123799726334836
"ENSG00000263917.1",0.24311157143706,0.00144796093834755,0.0198459548209244
"ENSG00000264673.1",0.252573299903201,0.000923124887497548,0.0145109506377208
"ENSG00000264801.1",0.222417969219825,0.00365531112255336,0.0363001831298761
"ENSG00000266896.1",0.216219950526894,0.00475059441090083,0.0432232628295537
"ENSG00000267078.1",0.326709377425939,1.45582494163871e-05,0.000856072245195559
"ENSG00000267272.5",0.266547744582322,0.000460056654422048,0.00923859224686427
"ENSG00000267333.1",0.240855906918221,0.00160795753620323,0.0213299975416035
"ENSG00000267385.1",0.259862972553069,0.000644989158251916,0.0114178812453473
"ENSG00000267498.2",0.218557837647031,0.00430692573475264,0.0401795205434893
"ENSG00000267534.4",0.229528162748778,0.00268297345650165,0.0295930077488155
"ENSG00000267560.1",0.233137268110419,0.00228507245483807,0.0266029768882912
"ENSG00000267750.6",0.314264001987323,3.16817827579037e-05,0.00145011230161987
"ENSG00000268030.1",0.258464339015854,0.000691471419692164,0.0119900672180478
"ENSG00000268471.6",0.246558134817186,0.00123140649010862,0.0177949107167031
"ENSG00000268584.1",0.294021188352898,0.000104446145754566,0.00334555665288524
"ENSG00000269473.1",0.211605619384091,0.00574832631745457,0.0492715128348176
"ENSG00000269821.1",0.348044454942589,3.53842915514229e-06,0.000345718137800306
"ENSG00000270480.1",0.23183732813,0.00242175962660833,0.0277491925100277
"ENSG00000270504.1",0.253253401562916,0.000893145139292944,0.0142248062529521
"ENSG00000270606.1",0.223326930347808,0.00351542521400104,0.0353392745196946
"ENSG00000270681.1",0.276168270853709,0.000278536681918059,0.00652135237858476
"ENSG00000270765.7",0.298508433107959,8.07819126138776e-05,0.00276563736675247
"ENSG00000271605.6",0.264271022882738,0.000516674366455272,0.00991320160956441
"ENSG00000272037.1",0.259415445704728,0.000659539212805986,0.0116128633106459
"ENSG00000272514.6",0.21596867029332,0.00480064064514018,0.0435174217038945
"ENSG00000272515.1",0.211395774561305,0.00579785518007034,0.0495068622317065
"ENSG00000272668.2",0.237266258729401,0.00189607500608282,0.0237739355278982
"ENSG00000272732.1",0.242536688989462,0.00148729495742652,0.0201825607924711
"ENSG00000272750.1",0.347529180086943,3.66595420994346e-06,0.000351419753944127
"ENSG00000272983.1",0.229625373071807,0.00267148200527739,0.0295316176588606
"ENSG00000273064.1",0.211869053211247,0.00568668449683245,0.0489803644478107
"ENSG00000273212.1",0.213144370555488,0.00539654352672656,0.0473698670385054
"ENSG00000273274.2",0.234386951691126,0.00216031067008919,0.0256871315970517
"ENSG00000273419.1",0.216097659031911,0.0047748918492808,0.0433356833323616
"ENSG00000273664.1",0.245818432083989,0.00127521536252471,0.0181659298158637
"ENSG00000273759.1",0.223628324250885,0.00347011874664663,0.035050268994459
"ENSG00000273888.1",0.252393721938327,0.000931193665194977,0.014619970752131
"ENSG00000274265.5",0.246082196421322,0.00125943296300653,0.0180154755410606
"ENSG00000274370.1",0.216501113872472,0.00469515165300963,0.0429122529566222
"ENSG00000274461.2",0.241233775796778,0.00158007773755858,0.0210923356632688
"ENSG00000274698.1",0.239465193660314,0.00171447483283446,0.0222140927492147
"ENSG00000277283.1",0.238971844074333,0.00175378053359187,0.022477944951985
"ENSG00000278875.1",0.288232283951253,0.000144590556970024,0.00421703090552185
"ENSG00000278893.1",0.222068465545629,0.00371042003295162,0.0366184149561267
"ENSG00000278925.1",0.217887895415196,0.00443009339631421,0.0410296734343878
"ENSG00000279103.1",0.21226343069938,0.00559550677396082,0.0484302073522749
"ENSG00000279108.1",0.211959610643502,0.00566563150175623,0.0488374743939985
"ENSG00000279159.1",0.283605469134941,0.000186582205325912,0.00502091923929465
"ENSG00000279176.1",0.261328020825816,0.000599401542039342,0.0108839152054506
"ENSG00000279237.1",0.294837031234473,9.97108451463338e-05,0.00325154634050362
"ENSG00000279488.1",0.249819389003834,0.00105420793697894,0.0159499965593067
"ENSG00000279521.1",0.222877074012031,0.00358404159954436,0.0357601762581404
"ENSG00000279833.1",0.219685705112818,0.00410650475734831,0.0390556122616695
"ENSG00000279905.1",0.304952071822404,5.54443279398368e-05,0.0021416398608125
"ENSG00000280304.1",0.223941995975484,0.00342352650471462,0.0346900055042942
"ENSG00000280916.3",0.235560290110995,0.00204883730818017,0.0249245594565812
"ENSG00000282961.1",0.23615737399655,0.00199414245769862,0.0245194583024772
"ENSG00000283128.3",0.316496410810438,2.76265576373594e-05,0.00131658969228471
"ENSG00000284430.1",0.228197874893328,0.00284479130496034,0.0308171571513465
"ENSG00000284649.1",0.215205077082247,0.00495563589080124,0.0444289934419812
"ENSG00000284931.1",0.219019714756173,0.00422381151252726,0.0397250958358867
"ENSG00000285413.1",0.304768762901084,5.6048012072748e-05,0.00215725401618791
"ENSG00000285700.1",0.21301281294012,0.0054258483547879,0.0475449554179638
"ENSG00000285758.2",0.243178939339405,0.0014434142988569,0.0198307482065235
"ENSG00000285844.2",0.294602389755012,0.00010105175579044,0.00328263139686005
"ENSG00000285934.1",0.249841305276742,0.00105310058465865,0.0159499965593067
"ENSG00000286018.1",0.216220530925149,0.00475047935958595,0.0432232628295537
"ENSG00000286463.1",0.24954839379811,0.00106798886768276,0.0160533261572456
"ENSG00000286488.1",0.33175297676765,1.05190581463787e-05,0.000683415943970481
"ENSG00000286736.1",0.254013266778039,0.00086070880659521,0.01383787919409
"ENSG00000286812.1",0.226926788602126,0.00300760491224735,0.0318475146251852
"ENSG00000286962.1",0.297543769016311,8.53996776334935e-05,0.00289850167618159
"ENSG00000287081.1",0.281503203462917,0.00020919578139953,0.00541026046835601
"ENSG00000287195.1",0.279560007339411,0.000232342519207875,0.00582070711581622
"ENSG00000287271.1",0.236725869326925,0.00194330397268748,0.0241397314514328
"ENSG00000287274.1",0.213786677271619,0.00525549165607604,0.046436610274539
"ENSG00000287427.1",0.242251182954359,0.00150718995773167,0.0203871919575387
"ENSG00000287458.1",0.285132806805168,0.000171604494190473,0.00473319105963147
"ENSG00000287527.1",0.271566496865321,0.000354915237530293,0.00772571703426053
"ENSG00000287636.2",0.230712557153963,0.00254596676009035,0.0287062554844986
"ENSG00000287655.1",0.254680258939365,0.000833132794498069,0.0135079204768648
"ENSG00000287705.1",0.357124290736994,1.87655434714403e-06,0.000233677010198529
"ENSG00000287726.1",0.285594099471645,0.000167306107053373,0.00467285593550075
"ENSG00000287766.1",0.214787970787097,0.00504218137701012,0.0449584182240042
"ENSG00000287819.1",0.220775836793636,0.00392080138056924,0.0380298272129058
"ENSG00000287881.1",0.223402110860313,0.00350407419169689,0.0352606308753509
"ENSG00000287966.1",0.246246110296747,0.00124971538660558,0.0179460259841389
"ENSG00000288235.1",0.24547699679116,0.00129591388632444,0.018339888832479
"ENSG00000288656.1",0.332061807793857,1.03098841852299e-05,0.000673269891921323
"ENSG00000288736.1",0.252196349504032,0.000940136641139738,0.0146877559009058
"ENSG00000288793.1",0.241419657375066,0.00156652555614624,0.0209522122872885
"ENSG00000288812.1",0.222639889522833,0.00362070320649882,0.0360410358756621
"ENSG00000288855.1",0.226799086660717,0.00302441928226031,0.0319855632919478
"ENSG00000288911.1",0.213978583124151,0.0052139939067855,0.0461823874526054
"ENSG00000289027.1",0.226114614422994,0.00311599977494639,0.0325743795403141
"ENSG00000289183.1",0.221525613776451,0.00379750073677638,0.037246297766923
"ENSG00000289192.1",0.268976906103369,0.000406013314000145,0.00851689200292791
"ENSG00000289264.1",0.218612650858356,0.00429698590118238,0.0401231567729942
"ENSG00000289273.1",0.335945265555315,7.99389053101897e-06,0.000567552892199265
"ENSG00000289308.1",0.260313601501413,0.000630637679867825,0.0112579683637965
"ENSG00000289552.1",0.26491789852534,0.000499966027254904,0.00975471351025832
"ENSG00000289628.1",0.222991586304138,0.00356646149450007,0.035654789982206
