"Gene","Median_R","P_value","FDR"
"ENSG00000224389",0.876889558289607,2.50353082259481e-55,7.70386504728875e-51
"ENSG00000131095",0.761639166370383,1.77752345179578e-33,3.64653011057732e-29
"ENSG00000133321",0.699121614070412,2.91844809548636e-26,4.49032423971531e-22
"ENSG00000159403",0.688542313424298,3.19479477411321e-25,3.27912295203332e-21
"ENSG00000229776",0.6878420613285,3.72966668793599e-25,3.27912295203332e-21
"ENSG00000233627",0.6878420613285,3.72966668793599e-25,3.27912295203332e-21
"ENSG00000145623",0.681801364139161,1.39258282733763e-24,1.07131396907084e-20
"ENSG00000134817",0.679172594068182,2.44644409008414e-24,1.67293283422376e-20
"ENSG00000196136",0.676016671269097,4.77508067609407e-24,2.93877565129533e-20
"ENSG00000205403",0.6632574088527,6.56740493066354e-23,3.67440335502507e-19
"ENSG00000182541",0.662079514782126,8.31160849349889e-23,4.26274694269913e-19
"ENSG00000168610",0.658026191662807,1.85433172752301e-22,8.77869167989816e-19
"ENSG00000026508",0.651077046203316,7.13409220785742e-22,3.13614693457412e-18
"ENSG00000132470",0.650471595967108,8.00937155644067e-22,3.28619175379723e-18
"ENSG00000064886",0.649099434302875,1.04011911017301e-21,3.90823514718306e-18
"ENSG00000142089",0.648903456384497,1.07955279965735e-21,3.90823514718306e-18
"ENSG00000185201",0.648600320100808,1.14345192796342e-21,3.90958919192114e-18
"ENSG00000069431",0.641312160451311,4.46935078558627e-21,1.44769328814801e-17
"ENSG00000138080",0.639806395060645,5.89628969071222e-21,1.81440626362596e-17
"ENSG00000013364",0.635577742264212,1.27341444667569e-20,3.73195327172421e-17
"ENSG00000088280",0.631965419428922,2.4352803898757e-20,6.81258619611408e-17
"ENSG00000106565",0.631439907467191,2.67426328806298e-20,7.15586346958903e-17
"ENSG00000069535",0.628848832934931,4.23180677450087e-20,1.07067927758214e-16
"ENSG00000135926",0.628693524463383,4.34924313329546e-20,1.07067927758214e-16
"ENSG00000273259",0.627387680787851,5.47146311906836e-20,1.29513740846132e-16
"ENSG00000197249",0.622690420582655,1.23832854286447e-19,2.8226552534093e-16
"ENSG00000105559",0.621260975063238,1.58343933473941e-19,3.48039965775723e-16
"ENSG00000182326",0.619055409400888,2.30816000687501e-19,4.89839308493502e-16
"ENSG00000159189",0.614642376107873,4.8628462027371e-19,9.97596689004173e-16
"ENSG00000185885",0.611450063458683,8.27655114240312e-19,1.64313568873567e-15
"ENSG00000128274",0.610951632378574,8.98824481079297e-19,1.72866418323576e-15
"ENSG00000172936",0.610482629380127,9.71242245694405e-19,1.81133735663686e-15
"ENSG00000170348",0.608411854212767,1.36536403361057e-18,2.47146953189791e-15
"ENSG00000158710",0.606817150524297,1.77185570650215e-18,3.11563107431339e-15
"ENSG00000110002",0.605226809476659,2.29439345774663e-18,3.92239308232108e-15
"ENSG00000213719",0.602427705255699,3.60330770236591e-18,5.96446675794565e-15
"ENSG00000163840",0.602291814879549,3.68272677762146e-18,5.96446675794565e-15
"ENSG00000111321",0.600673261532142,4.77086099988566e-18,7.52866331735803e-15
"ENSG00000173369",0.599981888154356,5.32631925895469e-18,8.19507481182769e-15
"ENSG00000134755",0.597255599436873,8.20194410218029e-18,1.2311718239624e-14
"ENSG00000143570",0.595277166152826,1.1190931586993e-17,1.63984450854737e-14
"ENSG00000067182",0.59480381269677,1.20508193087561e-17,1.72478051985601e-14
"ENSG00000143772",0.593992107307804,1.36780810337099e-17,1.90306977552038e-14
"ENSG00000003989",0.593839937662318,1.40062013166107e-17,1.90306977552038e-14
"ENSG00000221963",0.593740768640086,1.42241663970391e-17,1.90306977552038e-14
"ENSG00000164761",0.592295244979645,1.78041644598626e-17,2.33136063301656e-14
"ENSG00000216490",0.590106561405255,2.49582985023323e-17,3.20006983964071e-14
"ENSG00000149489",0.589589537954497,2.70212943138612e-17,3.39387456582096e-14
"ENSG00000187091",0.588975409805449,2.96889911521104e-17,3.65435854293096e-14
"ENSG00000073331",0.586895792302245,4.07772403919367e-17,4.92077349545364e-14
"ENSG00000138496",0.585260330620686,5.2253368358909e-17,6.18438711977057e-14
"ENSG00000132481",0.583116266952854,7.21754997837051e-17,8.38107350695914e-14
"ENSG00000178927",0.582415962133864,8.01649276875687e-17,9.13642649926616e-14
"ENSG00000126246",0.580549015720446,1.05926040513482e-16,1.18529313406577e-13
"ENSG00000012779",0.579448951839576,1.24723948381794e-16,1.37071619271591e-13
"ENSG00000185499",0.579207114007708,1.29273990106562e-16,1.39579621879268e-13
"ENSG00000224081",0.578805098906244,1.37198962806103e-16,1.45582292533427e-13
"ENSG00000123374",0.577869043159046,1.57535728682761e-16,1.64328455695794e-13
"ENSG00000181804",0.577438282739586,1.67856816220967e-16,1.72176331625053e-13
"ENSG00000177575",0.577324464051497,1.70692450152832e-16,1.72214691019769e-13
"ENSG00000129450",0.576229333021168,2.00480243721374e-16,1.99005743864326e-13
"ENSG00000115107",0.575319461349393,2.29041239346047e-16,2.23747841814493e-13
"ENSG00000100504",0.573857185835758,2.83464771040889e-16,2.72586810452195e-13
"ENSG00000275395",0.572808207247327,3.30090942956889e-16,3.12540261435982e-13
"ENSG00000240583",0.572622469278825,3.39093329108317e-16,3.16199391615792e-13
"ENSG00000021355",0.571638814377783,3.90915612087762e-16,3.59082245228794e-13
"ENSG00000051523",0.571058281899391,4.25048230207239e-16,3.84693651174623e-13
"ENSG00000203747",0.569898828875729,5.02150776642099e-16,4.47889382574802e-13
"ENSG00000169242",0.56866296508494,5.99361922380719e-16,5.26959002157128e-13
"ENSG00000158270",0.568414760806074,6.20991454043983e-16,5.38285887995534e-13
"ENSG00000149131",0.567679975917669,6.89588181633274e-16,5.88404356051268e-13
"ENSG00000134531",0.567595516676644,6.97931853499002e-16,5.88404356051268e-13
"ENSG00000111783",0.566070534887942,8.66695969495265e-16,7.20809956035359e-13
"ENSG00000188313",0.565744085200965,9.07690705709575e-16,7.44838890562534e-13
"ENSG00000130429",0.565418559824381,9.50452008732862e-16,7.69666031913885e-13
"ENSG00000143226",0.565064838411556,9.99146855132726e-16,7.98590831847903e-13
"ENSG00000160255",0.562960950369332,1.34326067953923e-15,1.04617938006504e-12
"ENSG00000002586",0.562819046453586,1.37024052050301e-15,1.04617938006504e-12
"ENSG00000002586",0.562819046453586,1.37024052050301e-15,1.04617938006504e-12
"ENSG00000018280",0.562763617825039,1.3809220496987e-15,1.04617938006504e-12
"ENSG00000205730",0.56269678903653,1.39390857216517e-15,1.04617938006504e-12
"ENSG00000028137",0.561513153061504,1.64468425843466e-15,1.21952346989281e-12
"ENSG00000077238",0.561393606171365,1.6723351412099e-15,1.22526421345978e-12
"ENSG00000197747",0.560993692904524,1.76817140354295e-15,1.28023930423115e-12
"ENSG00000144749",0.560569046457777,1.87580035730263e-15,1.34237508360271e-12
"ENSG00000110077",0.560095408107247,2.00339432002228e-15,1.41720574748795e-12
"ENSG00000174837",0.559917452676261,2.05349060470335e-15,1.4361366565439e-12
"ENSG00000171903",0.559650127887713,2.13105040501236e-15,1.47363332725933e-12
"ENSG00000204264",0.558808315107159,2.39442934686013e-15,1.637363996924e-12
"ENSG00000126561",0.558271644144195,2.57864344094085e-15,1.74395639482707e-12
"ENSG00000170458",0.557743150078269,2.77353477911269e-15,1.85537417875773e-12
"ENSG00000125810",0.55738511892265,2.91365470774766e-15,1.92815016487766e-12
"ENSG00000181826",0.557180778579153,2.99669700348203e-15,1.95884825499861e-12
"ENSG00000183196",0.557115522199974,3.02369986066665e-15,1.95884825499861e-12
"ENSG00000104375",0.556400471739256,3.33558454336413e-15,2.13838765767502e-12
"ENSG00000127507",0.554953629465712,4.06560756010219e-15,2.57952321318484e-12
"ENSG00000147065",0.553119840843501,5.2176055539255e-15,3.27665628786522e-12
"ENSG00000167208",0.552666412675526,5.54828874698531e-15,3.44913012772186e-12
"ENSG00000138193",0.552486225174756,5.68529891156895e-15,3.49896036213599e-12
"ENSG00000100336",0.55231284464288,5.82024575807714e-15,3.54654658351584e-12
"ENSG00000158714",0.552100989018157,5.98938438824627e-15,3.6138301253944e-12
"ENSG00000138119",0.551970550138151,6.09589698585625e-15,3.64238722424793e-12
"ENSG00000171885",0.551690232434349,6.33108512556711e-15,3.74654137469137e-12
"ENSG00000119655",0.550607738822708,7.32524333784121e-15,4.29356929508666e-12
"ENSG00000091409",0.550380105898913,7.55289300843793e-15,4.38523818218211e-12
"ENSG00000102007",0.549905692017111,8.04973470950068e-15,4.62317193564928e-12
"ENSG00000060138",0.5498474019731,8.11293658277205e-15,4.62317193564928e-12
"ENSG00000114698",0.549199292261587,8.84908870764608e-15,4.99640656351716e-12
"ENSG00000125730",0.54874189405684,9.40742033841986e-15,5.26336615734284e-12
"ENSG00000180353",0.548360247693622,9.89944672997762e-15,5.48875269864633e-12
"ENSG00000116132",0.548055198359396,1.03106844609688e-14,5.65257504725441e-12
"ENSG00000090339",0.548005959155349,1.03786068559039e-14,5.65257504725441e-12
"ENSG00000103710",0.54766021186869,1.08679844341735e-14,5.86718626330501e-12
"ENSG00000166710",0.54727904912349,1.14335732106165e-14,6.11885069281897e-12
"ENSG00000135842",0.546885094479431,1.20482805941087e-14,6.37048561248267e-12
"ENSG00000162598",0.546846133528774,1.21107957991107e-14,6.37048561248267e-12
"ENSG00000025708",0.546002578207864,1.35445657252549e-14,7.06429451690752e-12
"ENSG00000171940",0.54575268669138,1.40001857861001e-14,7.24056667243482e-12
"ENSG00000167207",0.545222194613588,1.50174958073206e-14,7.70197301638118e-12
"ENSG00000158869",0.545127165878753,1.52071882344755e-14,7.7348032454757e-12
"ENSG00000173372",0.544378732574669,1.6785079820385e-14,8.46738485627682e-12
"ENSG00000185561",0.544139056369566,1.73233124292357e-14,8.66785317190962e-12
"ENSG00000149499",0.543895490212246,1.78875056726505e-14,8.84389910534368e-12
"ENSG00000122862",0.543863657420547,1.79625534279208e-14,8.84389910534368e-12
"ENSG00000167851",0.543658664843728,1.84532408469248e-14,9.01338297367571e-12
"ENSG00000010327",0.543245965252911,1.94810645986216e-14,9.44049322565014e-12
"ENSG00000177119",0.542504314901615,2.14701454166236e-14,1.03231142931303e-11
"ENSG00000100368",0.541677933798048,2.39198819522655e-14,1.1411823371087e-11
"ENSG00000163430",0.541265343090095,2.5242885335019e-14,1.19503702696801e-11
"ENSG00000204592",0.541115818366647,2.5739737886012e-14,1.20925681561582e-11
"ENSG00000159399",0.540930338666382,2.6369322175449e-14,1.22944966967109e-11
"ENSG00000169504",0.540532666741013,2.77701623500252e-14,1.28502772306012e-11
"ENSG00000047457",0.540441384258562,2.81018059061658e-14,1.29066980797692e-11
"ENSG00000002933",0.540357475362766,2.8410062798644e-14,1.29516215176278e-11
"ENSG00000066336",0.539765546327294,3.06802208989727e-14,1.38837023162233e-11
"ENSG00000171051",0.539581256428363,3.14224154026261e-14,1.41157746973666e-11
"ENSG00000118640",0.539386709146043,3.22249008451444e-14,1.43713717218374e-11
"ENSG00000006747",0.538999111722627,3.38836647865302e-14,1.50024191771382e-11
"ENSG00000067066",0.537021223275722,4.37315453623233e-14,1.92243873412773e-11
"ENSG00000081237",0.536947401398323,4.41485507774078e-14,1.92700596386155e-11
"ENSG00000155659",0.536630749319168,4.59816343381693e-14,1.9905215492293e-11
"ENSG00000100365",0.536585328371719,4.62505819478406e-14,1.9905215492293e-11
"ENSG00000142227",0.536520479519099,4.66372244341905e-14,1.99279628344915e-11
"ENSG00000162493",0.53646822989531,4.69510368354554e-14,1.99279628344915e-11
"ENSG00000134824",0.536273033573792,4.81416924391826e-14,2.02933720512127e-11
"ENSG00000018408",0.535820389442285,5.10170511278132e-14,2.13591387388445e-11
"ENSG00000127418",0.535491222219579,5.32124268904344e-14,2.21277405442222e-11
"ENSG00000128340",0.535218260791498,5.51025075792485e-14,2.27599243386394e-11
"ENSG00000162645",0.535016073610768,5.65445276191221e-14,2.31998427186083e-11
"ENSG00000117519",0.534756126200722,5.84526072487148e-14,2.36863085528192e-11
"ENSG00000145287",0.534749786495342,5.84999171329214e-14,2.36863085528192e-11
"ENSG00000015285",0.534681757890174,5.90099323306065e-14,2.37366488585284e-11
"ENSG00000101336",0.533976321492568,6.4560624396461e-14,2.58007731678948e-11
"ENSG00000117525",0.532842274797832,7.45662064268538e-14,2.96071136021567e-11
"ENSG00000203710",0.532761970350992,7.53293512381157e-14,2.971839482435e-11
"ENSG00000182492",0.531590528598236,8.73655213920114e-14,3.42472843856685e-11
"ENSG00000240065",0.531305923478772,9.05613601236415e-14,3.51894595182974e-11
"ENSG00000184557",0.531275243990279,9.09125838978501e-14,3.51894595182974e-11
"ENSG00000167613",0.531086753684798,9.30997461654782e-14,3.58108173625512e-11
"ENSG00000233670",0.530092792560224,1.05508309893015e-13,4.03316982860603e-11
"ENSG00000157227",0.529784581502629,1.09673071493431e-13,4.16649352592081e-11
"ENSG00000108679",0.528829257581019,1.23624964653239e-13,4.66771461633064e-11
"ENSG00000223953",0.528633510289694,1.26689956668312e-13,4.74544878737947e-11
"ENSG00000163565",0.528599756617167,1.27225895281037e-13,4.74544878737947e-11
"ENSG00000243509",0.528476487395442,1.29201973503902e-13,4.79012425140009e-11
"ENSG00000107968",0.528352321952096,1.31222620283465e-13,4.83590715133268e-11
"ENSG00000182718",0.527851389981175,1.39691772787953e-13,5.11737527646535e-11
"ENSG00000111817",0.527428751658079,1.47249185164138e-13,5.36230997144481e-11
"ENSG00000099377",0.527265465782693,1.50274352686242e-13,5.44028515395415e-11
"ENSG00000124491",0.52714061766719,1.52628128824759e-13,5.49318453824035e-11
"ENSG00000129667",0.52657137409611,1.63822970657249e-13,5.86181448030799e-11
"ENSG00000204577",0.526299071576279,1.6945693667469e-13,6.02835705821222e-11
"ENSG00000136167",0.525760951755186,1.81150768799949e-13,6.40732351438165e-11
"ENSG00000110719",0.525406494130674,1.89278736292542e-13,6.65655459793611e-11
"ENSG00000173281",0.525007363781149,1.98856289885997e-13,6.95364290042262e-11
"ENSG00000108639",0.524283449842072,2.17445103294028e-13,7.52066337872172e-11
"ENSG00000165389",0.524273916453281,2.17700847503096e-13,7.52066337872172e-11
"ENSG00000196954",0.524235380373087,2.187376096437e-13,7.52066337872172e-11
"ENSG00000069702",0.523978618919819,2.25769162463667e-13,7.71929851925773e-11
"ENSG00000176971",0.523818142624294,2.30275109894306e-13,7.82986263167688e-11
"ENSG00000148175",0.523618026213038,2.36016862652653e-13,7.98100098631587e-11
"ENSG00000235750",0.523433222305788,2.4144287969222e-13,8.11986917364917e-11
"ENSG00000137076",0.523069812732396,2.52469335671217e-13,8.44455043182032e-11
"ENSG00000185591",0.522728345071026,2.63275753146777e-13,8.75840159549471e-11
"ENSG00000159216",0.522676270919688,2.64962817163314e-13,8.76713527930052e-11
"ENSG00000086062",0.521972227538409,2.88831127878895e-13,9.5057876653362e-11
"ENSG00000002549",0.521672247821902,2.99625235852227e-13,9.80858272089865e-11
"ENSG00000171631",0.521408426797936,3.09441936705291e-13,1.00763463241219e-10
"ENSG00000102265",0.521153150979876,3.19238279389782e-13,1.03406319298762e-10
"ENSG00000123609",0.520852521976526,3.31162441012528e-13,1.06707127066361e-10
"ENSG00000185650",0.520415865994346,3.49257279225354e-13,1.1195151037836e-10
"ENSG00000116489",0.520301507603639,3.54153027549028e-13,1.12932611023199e-10
"ENSG00000075234",0.519626439637751,3.84443047608144e-13,1.21959602690699e-10
"ENSG00000082074",0.519165902105585,4.06538380637819e-13,1.28307682553713e-10
"ENSG00000178202",0.519024469945988,4.1356850152897e-13,1.29860509480096e-10
"ENSG00000110651",0.518691663625696,4.30581087345442e-13,1.34516154515675e-10
"ENSG00000113916",0.518592594343169,4.35775567694903e-13,1.35201542434327e-10
"ENSG00000112936",0.518566220960801,4.37168642669165e-13,1.35201542434327e-10
"ENSG00000197142",0.518522013956148,4.39513436300074e-13,1.35247074618259e-10
"ENSG00000038945",0.518316988108817,4.50549202487709e-13,1.37953234417431e-10
"ENSG00000108798",0.518170653787392,4.58590230295238e-13,1.39720183828169e-10
"ENSG00000163513",0.517468451480906,4.99159628913732e-13,1.51331429565846e-10
"ENSG00000136286",0.517127738224597,5.20081924272055e-13,1.56901578173526e-10
"ENSG00000159167",0.517009120128748,5.27564248732088e-13,1.58382507921793e-10
"ENSG00000141526",0.516865885069419,5.36739048534606e-13,1.60354699043756e-10
"ENSG00000089820",0.516788736681288,5.41744851011012e-13,1.61068333867738e-10
"ENSG00000014257",0.51629867730106,5.74619660210554e-13,1.70021117153838e-10
"ENSG00000160791",0.516021979235747,5.94030351949585e-13,1.74923464020982e-10
"ENSG00000184743",0.51589925051129,6.02842740402525e-13,1.76673112453967e-10
"ENSG00000117228",0.51578527194905,6.11140646124902e-13,1.78256113389151e-10
"ENSG00000186517",0.515709662157888,6.16706403524676e-13,1.79031032540201e-10
"ENSG00000100300",0.51560870212454,6.24215164626067e-13,1.80360084937778e-10
"ENSG00000175591",0.515425734689104,6.38050371036466e-13,1.83496131004992e-10
"ENSG00000141574",0.515288917230463,6.4859037913795e-13,1.85659750203098e-10
"ENSG00000163638",0.515059199495016,6.66669225472673e-13,1.89927936125028e-10
"ENSG00000106799",0.515021618849775,6.69673114180603e-13,1.89927936125028e-10
"ENSG00000139178",0.514827122688092,6.85431158631031e-13,1.91864465490618e-10
"ENSG00000196411",0.514822146933988,6.85838988193364e-13,1.91864465490618e-10
"ENSG00000074695",0.514821967040463,6.85853737292603e-13,1.91864465490618e-10
"ENSG00000135245",0.514552769541341,7.08273879861514e-13,1.972398536751e-10
"ENSG00000286710",0.514266314011792,7.32914070599668e-13,2.0318226829273e-10
"ENSG00000163191",0.513460477927861,8.06786836985855e-13,2.2248639876507e-10
"ENSG00000163694",0.513429385887842,8.09777611519819e-13,2.2248639876507e-10
"ENSG00000150337",0.512801526218244,8.72531730538119e-13,2.38662634774391e-10
"ENSG00000197324",0.512502416670851,9.04066732224074e-13,2.46194172424772e-10
"ENSG00000142347",0.511911158388438,9.69696817462399e-13,2.6290317592029e-10
"ENSG00000111679",0.511763291507726,9.86820966831358e-13,2.66372410450303e-10
"ENSG00000182957",0.511711568214393,9.9288007271349e-13,2.66837603471961e-10
"ENSG00000149781",0.511537820050979,1.01349978678126e-12,2.71194916859417e-10
"ENSG00000064932",0.511277912402006,1.04512398586995e-12,2.78446366174807e-10
"ENSG00000243649",0.510657287237346,1.12456927864748e-12,2.98321084849484e-10
"ENSG00000184371",0.509845356989002,1.23741530238052e-12,3.26847585277711e-10
"ENSG00000138964",0.509498597333332,1.28889750991265e-12,3.38991061325061e-10
"ENSG00000164574",0.509384932038261,1.30622177151768e-12,3.41940459297706e-10
"ENSG00000155629",0.509352387092041,1.31122365127809e-12,3.41940459297706e-10
"ENSG00000101974",0.509037994269034,1.36051198235254e-12,3.53296833088206e-10
"ENSG00000141510",0.508533247243779,1.44343302681687e-12,3.7325479916982e-10
"ENSG00000129566",0.508495052992814,1.44990386518745e-12,3.73359345100823e-10
"ENSG00000198604",0.508314477934588,1.48088056160233e-12,3.79747138680224e-10
"ENSG00000142606",0.507443446349264,1.63956802922033e-12,4.18695331080231e-10
"ENSG00000131435",0.507249496536611,1.67708996737135e-12,4.26507541123562e-10
"ENSG00000137462",0.507032378432818,1.72008457510554e-12,4.356415024292e-10
"ENSG00000105697",0.506819980973085,1.76318022753598e-12,4.44726081653584e-10
"ENSG00000197712",0.506715480251215,1.78476696428259e-12,4.48333461427788e-10
"ENSG00000075643",0.506660876013129,1.79614854219451e-12,4.49358397889509e-10
"ENSG00000165507",0.50607789820519,1.92214627161238e-12,4.78933482348634e-10
"ENSG00000177663",0.505543375788915,2.04519292712008e-12,5.07537715752735e-10
"ENSG00000198001",0.505436631574542,2.07066652440634e-12,5.11795584650859e-10
"ENSG00000117226",0.505375181033189,2.08547075801509e-12,5.13392849325123e-10
"ENSG00000169756",0.505132293010047,2.14499903459875e-12,5.2594350830815e-10
"ENSG00000188488",0.504464315089269,2.31735414871097e-12,5.65949379874079e-10
"ENSG00000110852",0.504166363602506,2.39850551017001e-12,5.81457397741444e-10
"ENSG00000168995",0.504161873141419,2.39974943172895e-12,5.81457397741444e-10
"ENSG00000068079",0.504072379974674,2.42467147318282e-12,5.85192082923777e-10
"ENSG00000163131",0.503848030446843,2.48825907266843e-12,5.98193032688694e-10
"ENSG00000174125",0.503736027395553,2.52060776994924e-12,6.01960688397996e-10
"ENSG00000132256",0.503714456666016,2.5268845873942e-12,6.01960688397996e-10
"ENSG00000124570",0.503692552230043,2.53327405263033e-12,6.01960688397996e-10
"ENSG00000213654",0.50364015943287,2.54862064744943e-12,6.03278112025491e-10
"ENSG00000164111",0.503203490678292,2.68009051299977e-12,6.31967396674551e-10
"ENSG00000139832",0.503125948493381,2.70411559752273e-12,6.3519881806847e-10
"ENSG00000131724",0.503056472603245,2.72581914734358e-12,6.37862409141114e-10
"ENSG00000104518",0.502828279917401,2.79830183769585e-12,6.52343516284671e-10
"ENSG00000125844",0.502794827379223,2.80908382145663e-12,6.52385866821611e-10
"ENSG00000118785",0.502694358539135,2.84170886932566e-12,6.57481694187137e-10
"ENSG00000077150",0.502500948452484,2.9055543597576e-12,6.69735721037159e-10
"ENSG00000188404",0.502372244113076,2.94881029302129e-12,6.77170077140679e-10
"ENSG00000163823",0.502277457740138,2.98106627276622e-12,6.80439619342994e-10
"ENSG00000005844",0.502265498898013,2.9851601654525e-12,6.80439619342994e-10
"ENSG00000114978",0.501306357176806,3.33191701025333e-12,7.5667712353886e-10
"ENSG00000136048",0.501273457048182,3.34448026688216e-12,7.56737843915425e-10
"ENSG00000251442",0.500542595794298,3.6357371099523e-12,8.19625658223093e-10
"ENSG00000170525",0.500473699464873,3.66443084981146e-12,8.2307931467444e-10
"ENSG00000221869",0.500221697256043,3.77127003962843e-12,8.43996521159608e-10
"ENSG00000103522",0.500036044168144,3.85190953166221e-12,8.58920000784851e-10
"ENSG00000163220",0.499943822400954,3.89258685632273e-12,8.64420902863514e-10
"ENSG00000181284",0.499916608350065,3.90467000838517e-12,8.64420902863514e-10
"ENSG00000204261",0.499604924891681,4.04568371557258e-12,8.92428525416483e-10
"ENSG00000092969",0.499421771486823,4.13084181121605e-12,9.07959030105288e-10
"ENSG00000154734",0.49887337362374,4.39636623296554e-12,9.62882432176624e-10
"ENSG00000049323",0.498818004416991,4.4240786283403e-12,9.65515940080054e-10
"ENSG00000168961",0.49877821648922,4.44409726629339e-12,9.66457675465584e-10
"ENSG00000140379",0.498098336463336,4.8000794808562e-12,1.04013571599355e-09
"ENSG00000168394",0.498067812295837,4.81669503214226e-12,1.04013571599355e-09
"ENSG00000105835",0.497961609397749,4.87494207416277e-12,1.0490329895534e-09
"ENSG00000133048",0.49790456623029,4.90650926937295e-12,1.05095254473944e-09
"ENSG00000267056",0.497883863008503,4.91801528800464e-12,1.05095254473944e-09
"ENSG00000149573",0.49774685419476,4.99482258830542e-12,1.0636725307082e-09
"ENSG00000163545",0.497670484512807,5.03813993237439e-12,1.06907670354471e-09
"ENSG00000121749",0.497641034392295,5.05494151715048e-12,1.06907670354471e-09
"ENSG00000140067",0.49758336769944,5.08799869650383e-12,1.07238284855353e-09
"ENSG00000167772",0.497509282475806,5.13077600794495e-12,1.07770811820124e-09
"ENSG00000144909",0.496715728940306,5.61145498685513e-12,1.17466457724834e-09
"ENSG00000132475",0.495999652076123,6.08253928264826e-12,1.26896202580103e-09
"ENSG00000076944",0.495758378238173,6.24975004780017e-12,1.29944127345207e-09
"ENSG00000175489",0.495489104404661,6.44163794470308e-12,1.33482884063571e-09
"ENSG00000135899",0.494575338428803,7.13640177240291e-12,1.47383459959988e-09
"ENSG00000120889",0.494453154881079,7.23464656432032e-12,1.48912738513221e-09
"ENSG00000177674",0.494373057249665,7.29976243779017e-12,1.49752193157119e-09
"ENSG00000166289",0.494266465374211,7.38730015507269e-12,1.51044518519533e-09
"ENSG00000137767",0.494160311024324,7.47549123008919e-12,1.52341600087619e-09
"ENSG00000042493",0.493667163821549,7.89877435451741e-12,1.60436359364495e-09
"ENSG00000101608",0.493190476117354,8.33000003424744e-12,1.68638658588067e-09
"ENSG00000183255",0.493042622325172,8.46833646047178e-12,1.70877147253533e-09
"ENSG00000169871",0.492944361217981,8.56150350446629e-12,1.72192539764338e-09
"ENSG00000107736",0.492712563724287,8.78524415235048e-12,1.76116959645687e-09
"ENSG00000100342",0.492573456704771,8.92223078791409e-12,1.7828239338032e-09
"ENSG00000143546",0.492245609772377,9.25333418293413e-12,1.84300064386569e-09
"ENSG00000115594",0.492125992459457,9.37708499818748e-12,1.86162361009177e-09
"ENSG00000131401",0.491754199397738,9.77207071008339e-12,1.93380167132274e-09
"ENSG00000261371",0.491562535813913,9.98195236316865e-12,1.96900409050914e-09
"ENSG00000169385",0.49140963071675,1.01525233477203e-11,1.99625206681181e-09
"ENSG00000198951",0.49127991225928,1.02994443375592e-11,2.01869109016161e-09
"ENSG00000175567",0.491247209000289,1.03368090459123e-11,2.01958278070358e-09
"ENSG00000106624",0.491083068060762,1.05263428206818e-11,2.05010519796215e-09
"ENSG00000081041",0.490989928674241,1.06353867362142e-11,2.06480833215636e-09
"ENSG00000165195",0.490817402060967,1.08402779904199e-11,2.09796876931574e-09
"ENSG00000154589",0.490485175547295,1.12456749888801e-11,2.16960445616188e-09
"ENSG00000135677",0.490390630206024,1.13637080300178e-11,2.18552514687317e-09
"ENSG00000089159",0.490312188811599,1.14625483896415e-11,2.19766690994423e-09
"ENSG00000122122",0.490247820280498,1.15442790679908e-11,2.20646307751685e-09
"ENSG00000102287",0.490176263415,1.16358009590106e-11,2.21707038458621e-09
"ENSG00000102158",0.490127261979379,1.16988801088874e-11,2.22220949821409e-09
"ENSG00000135046",0.489960274270842,1.19163447426763e-11,2.25655237182544e-09
"ENSG00000171049",0.4895139718623,1.25169892735832e-11,2.36092830372429e-09
"ENSG00000120690",0.489494209899317,1.25442537910738e-11,2.36092830372429e-09
"ENSG00000131626",0.489291794224681,1.28268554520181e-11,2.40675607298476e-09
"ENSG00000140853",0.488898152279444,1.33942358426574e-11,2.50557705380093e-09
"ENSG00000178695",0.487896035715045,1.49507997192108e-11,2.78827884217912e-09
"ENSG00000162777",0.48779633801282,1.51149292152029e-11,2.81037221637597e-09
"ENSG00000144649",0.487516794084877,1.55845141775815e-11,2.88895584501529e-09
"ENSG00000183876",0.487346428976277,1.58776084568743e-11,2.93444905366328e-09
"ENSG00000235568",0.48723855650926,1.60659493039034e-11,2.96036761664499e-09
"ENSG00000109861",0.486766845659756,1.69153164801037e-11,3.10757085806418e-09
"ENSG00000116701",0.486180759016733,1.80314761353491e-11,3.30276537879144e-09
"ENSG00000110079",0.486033885897446,1.83221935632788e-11,3.34605661916449e-09
"ENSG00000152229",0.48568684901142,1.90272946386317e-11,3.46454384982233e-09
"ENSG00000123104",0.485444669511085,1.95348721337863e-11,3.54647247965116e-09
"ENSG00000129219",0.485303900963999,1.98359167199139e-11,3.59053429003054e-09
"ENSG00000184500",0.48505957644247,2.03691426541854e-11,3.67624198096535e-09
"ENSG00000204287",0.484967637710329,2.05733738729124e-11,3.70224480010094e-09
"ENSG00000115825",0.484497601296867,2.16489408544764e-11,3.88443853046033e-09
"ENSG00000010610",0.484333656780962,2.2036767189936e-11,3.94253139516693e-09
"ENSG00000198959",0.484189096228418,2.23843240421038e-11,3.99310388071662e-09
"ENSG00000102034",0.484120252840667,2.25517029254608e-11,4.01133527411723e-09
"ENSG00000134516",0.483662533700281,2.36958317646631e-11,4.20269818479661e-09
"ENSG00000125257",0.483572651198758,2.39270267320461e-11,4.23150842872715e-09
"ENSG00000213064",0.483354466695186,2.44973786365321e-11,4.31996180746914e-09
"ENSG00000150093",0.483302130305425,2.46361389304917e-11,4.33201866953765e-09
"ENSG00000176046",0.483192091797105,2.49303768744858e-11,4.37126813208933e-09
"ENSG00000143545",0.482675242658298,2.63586334347589e-11,4.60394933718572e-09
"ENSG00000154188",0.482658209791717,2.64070277529339e-11,4.60394933718572e-09
"ENSG00000138685",0.482256571543495,2.75734767018829e-11,4.79373460491717e-09
"ENSG00000105639",0.481888817934383,2.86852370225124e-11,4.95900063852108e-09
"ENSG00000131386",0.481312470562995,3.05155760031766e-11,5.26064596509665e-09
"ENSG00000169813",0.481198029434077,3.08922566113498e-11,5.31070681812546e-09
"ENSG00000134769",0.480443599295943,3.34907217903156e-11,5.74137320853255e-09
"ENSG00000140931",0.480132812532935,3.46217248871732e-11,5.91877621237829e-09
"ENSG00000266970",0.47989950899763,3.54950042458856e-11,6.05125911719884e-09
"ENSG00000155926",0.479873001269688,3.55955663771118e-11,6.05163960528445e-09
"ENSG00000168899",0.479795305561572,3.58919141203315e-11,6.08521201824155e-09
"ENSG00000155366",0.479538672623978,3.68878660841078e-11,6.23688689637454e-09
"ENSG00000149485",0.47944435708602,3.72605817193209e-11,6.28264449680516e-09
"ENSG00000147588",0.478303375615792,4.20690912809043e-11,7.07404413604365e-09
"ENSG00000100441",0.478183774132472,4.26066594470562e-11,7.1449162098355e-09
"ENSG00000164181",0.477523508598144,4.56963368136508e-11,7.6422156327699e-09
"ENSG00000169105",0.477007438062845,4.82614379179631e-11,8.04932773773203e-09
"ENSG00000172380",0.476828525692024,4.91828771558311e-11,8.18084051804992e-09
"ENSG00000131981",0.476749010939335,4.95978491109911e-11,8.22628582139865e-09
"ENSG00000127314",0.47672507626943,4.97234226823134e-11,8.22628582139865e-09
"ENSG00000189067",0.476404807101788,5.14336634251411e-11,8.48641657328924e-09
"ENSG00000107438",0.476029654144046,5.35095576126229e-11,8.80532677462904e-09
"ENSG00000155368",0.475848281879813,5.45420752388076e-11,8.95129994265913e-09
"ENSG00000013588",0.475507794020175,5.6532809248323e-11,9.2438221816328e-09
"ENSG00000010671",0.475492330963166,5.66248694019818e-11,9.2438221816328e-09
"ENSG00000125089",0.475343854008618,5.75162634988696e-11,9.36449979040855e-09
"ENSG00000251441",0.47451792112055,6.27286031397319e-11,1.01861982892656e-08
"ENSG00000056998",0.474417150763492,6.33950545420616e-11,1.02673295703596e-08
"ENSG00000167004",0.474102862877587,6.55179918515494e-11,1.05833052244403e-08
"ENSG00000117676",0.473742819119384,6.80347140514743e-11,1.09610692188061e-08
"ENSG00000158195",0.473682624968314,6.84645144901815e-11,1.10015145686259e-08
"ENSG00000144843",0.473344371889576,7.09290983063465e-11,1.13678656931401e-08
"ENSG00000205336",0.473151864078565,7.23699148413334e-11,1.15686598415455e-08
"ENSG00000213694",0.47303901460017,7.32276756684565e-11,1.16754509620194e-08
"ENSG00000019991",0.472686210064435,7.59733414739934e-11,1.20819207433474e-08
"ENSG00000132357",0.47261355900953,7.65510000303658e-11,1.21424091388372e-08
"ENSG00000096433",0.472276440515166,7.92876407176921e-11,1.25441608234695e-08
"ENSG00000137752",0.472230481077572,7.9667992698506e-11,1.2572017801633e-08
"ENSG00000130303",0.47201185647508,8.1501631232861e-11,1.28284818224941e-08
"ENSG00000204472",0.471623129344362,8.48634319555277e-11,1.33235588170178e-08
"ENSG00000164776",0.471565639278638,8.53718865462269e-11,1.33692808793918e-08
"ENSG00000131873",0.471394943971764,8.68990059657423e-11,1.35738893988722e-08
"ENSG00000289273",0.471251044956052,8.82069246998743e-11,1.37433087942508e-08
"ENSG00000143384",0.471096546497515,8.96324123966783e-11,1.3930144415508e-08
"ENSG00000167202",0.470939815706134,9.11012924753873e-11,1.41227656022802e-08
"ENSG00000102580",0.470126506424527,9.91060535195879e-11,1.52866740797231e-08
"ENSG00000103742",0.470076706275417,9.96177303920312e-11,1.53271839981179e-08
"ENSG00000167565",0.469838167963999,1.0210431634515e-10,1.56705936287927e-08
"ENSG00000072952",0.469759601941459,1.02936394192141e-10,1.57589986173163e-08
"ENSG00000011304",0.469192523298593,1.09140089277269e-10,1.66672894652115e-08
"ENSG00000161921",0.469113360010683,1.10034416711641e-10,1.67622726289635e-08
"ENSG00000140299",0.468849297458069,1.13069223167683e-10,1.71763550469458e-08
"ENSG00000122694",0.468828573111933,1.13310804449825e-10,1.71763550469458e-08
"ENSG00000144837",0.468721386482182,1.14568268026501e-10,1.73242984948967e-08
"ENSG00000087266",0.468149150477221,1.21513560851541e-10,1.83294867378608e-08
"ENSG00000011201",0.468069447007386,1.22512714106878e-10,1.84350182811582e-08
"ENSG00000118503",0.468021193218016,1.2312147998638e-10,1.84814350348335e-08
"ENSG00000144224",0.46782162972686,1.25670417685015e-10,1.87946864762585e-08
"ENSG00000162511",0.467810110136933,1.25819102239349e-10,1.87946864762585e-08
"ENSG00000086730",0.467665504783603,1.27700093235038e-10,1.90294783003806e-08
"ENSG00000019582",0.467493730687654,1.29969894232438e-10,1.93209351947854e-08
"ENSG00000161714",0.467320568330787,1.32297567463731e-10,1.96195698602117e-08
"ENSG00000172037",0.467229039097637,1.3354417465437e-10,1.97568333772321e-08
"ENSG00000112343",0.46696787668357,1.37164007872246e-10,2.0206415911006e-08
"ENSG00000117298",0.466962485193345,1.37239728499943e-10,2.0206415911006e-08
"ENSG00000091879",0.466893702059301,1.38209310993985e-10,2.03006058133982e-08
"ENSG00000121316",0.466828482211259,1.39134789696507e-10,2.03400992426261e-08
"ENSG00000139218",0.466828173722899,1.39139181417288e-10,2.03400992426261e-08
"ENSG00000102699",0.46662970453933,1.41992643374905e-10,2.07080456015762e-08
"ENSG00000000971",0.466592040071043,1.42540519573609e-10,2.07388031599012e-08
"ENSG00000205929",0.466431757102854,1.44895013031901e-10,2.1031647834989e-08
"ENSG00000130055",0.466361867467661,1.45933415406939e-10,2.11325320418934e-08
"ENSG00000137193",0.466299949167973,1.46859399243344e-10,2.12167015658037e-08
"ENSG00000135404",0.466236493200604,1.47814281353736e-10,2.13046419944597e-08
"ENSG00000158122",0.465838192138352,1.53946649518421e-10,2.21366649485087e-08
"ENSG00000170365",0.465574186434688,1.58146366476973e-10,2.26875523973399e-08
"ENSG00000091317",0.465434909833572,1.60406417379993e-10,2.29582617470565e-08
"ENSG00000101916",0.465273859705372,1.63058787700574e-10,2.3283735569012e-08
"ENSG00000254087",0.465166278541722,1.64854171337088e-10,2.34856137054856e-08
"ENSG00000102218",0.464894785689012,1.69470536173423e-10,2.40372672556201e-08
"ENSG00000123338",0.464892636684666,1.69507571638813e-10,2.40372672556201e-08
"ENSG00000135077",0.464315753861636,1.79738075937398e-10,2.54294256218189e-08
"ENSG00000187116",0.464276800637967,1.8045001492445e-10,2.54715956846567e-08
"ENSG00000070190",0.463974008885698,1.86077934098309e-10,2.61907528407428e-08
"ENSG00000095637",0.463947019340524,1.8658775092586e-10,2.61907528407428e-08
"ENSG00000133639",0.463934670228752,1.86821469145426e-10,2.61907528407428e-08
"ENSG00000143110",0.463564207483163,1.93966097664808e-10,2.70690465185554e-08
"ENSG00000146535",0.463489743874407,1.95433769538654e-10,2.72121626979342e-08
"ENSG00000100599",0.463392218708143,1.97372251645934e-10,2.74200403054116e-08
"ENSG00000283307",0.46335849937369,1.98046802306921e-10,2.74517846873359e-08
"ENSG00000136244",0.463111297478112,2.03060651153563e-10,2.80835162125728e-08
"ENSG00000070404",0.463082310342713,2.03656567221461e-10,2.81027797602637e-08
"ENSG00000119280",0.463010571629172,2.0513865653669e-10,2.82439675120672e-08
"ENSG00000155307",0.462935686818583,2.06696879117743e-10,2.83949837688e-08
"ENSG00000162599",0.462884339150251,2.077719499444e-10,2.84791021990605e-08
"ENSG00000104728",0.462856265283394,2.08362021723148e-10,2.84819863646954e-08
"ENSG00000057252",0.462839338913077,2.087185728987e-10,2.84819863646954e-08
"ENSG00000117318",0.462785910014876,2.09847922551273e-10,2.85727445696804e-08
"ENSG00000078061",0.462692294129826,2.11840999830179e-10,2.87804470056259e-08
"ENSG00000146112",0.462462008347896,2.16822062814563e-10,2.93922842155495e-08
"ENSG00000148204",0.462133959371909,2.24113973878441e-10,3.02984887308874e-08
"ENSG00000110446",0.462117253485255,2.24491597252123e-10,3.02984887308874e-08
"ENSG00000168140",0.460884679333122,2.54118613986639e-10,3.41815080237628e-08
"ENSG00000273749",0.460874711547152,2.54372979898664e-10,3.41815080237628e-08
"ENSG00000097033",0.460590953272593,2.61718392494195e-10,3.50919319121193e-08
"ENSG00000108691",0.460493772293026,2.64280905587387e-10,3.53584870727612e-08
"ENSG00000132561",0.460436931042842,2.65790958691728e-10,3.54833812618735e-08
"ENSG00000263528",0.460170708124806,2.72975324863345e-10,3.63636220636141e-08
"ENSG00000100345",0.459587607740384,2.89373613599748e-10,3.84648157135699e-08
"ENSG00000155465",0.459189922876881,3.01100068402237e-10,3.9937290107214e-08
"ENSG00000111348",0.459083617560446,3.04311749094076e-10,4.02275311108263e-08
"ENSG00000105329",0.45907427561573,3.04595565735816e-10,4.02275311108263e-08
"ENSG00000145779",0.458491372447551,3.22820403729759e-10,4.25431668675467e-08
"ENSG00000198805",0.458421521136303,3.25073878637637e-10,4.27486042454589e-08
"ENSG00000152766",0.457865663009379,3.43557050519117e-10,4.50828893755832e-08
"ENSG00000171100",0.457722883131756,3.4846643410911e-10,4.56298260017257e-08
"ENSG00000185624",0.457639931837203,3.51349753122207e-10,4.59097010746351e-08
"ENSG00000177706",0.457389099942186,3.60209579374263e-10,4.68899079731171e-08
"ENSG00000139350",0.457384470285929,3.60375121397446e-10,4.68899079731171e-08
"ENSG00000152049",0.45701451984658,3.73844022365458e-10,4.8539781671856e-08
"ENSG00000131042",0.456934565532008,3.76818290440667e-10,4.88229576144851e-08
"ENSG00000136997",0.456876781859828,3.78982056166955e-10,4.90001505561745e-08
"ENSG00000129226",0.45681948633493,3.81139407949373e-10,4.91757730038495e-08
"ENSG00000105355",0.456705767196226,3.85456525740304e-10,4.95274199865586e-08
"ENSG00000165168",0.456705299907451,3.85474362627739e-10,4.95274199865586e-08
"ENSG00000115935",0.456581414191588,3.90231479901465e-10,4.99871579295921e-08
"ENSG00000132274",0.456569887771231,3.90676962240573e-10,4.99871579295921e-08
"ENSG00000164687",0.455931646287185,4.16127031565812e-10,5.31330332586854e-08
"ENSG00000069869",0.455861717819757,4.19011019630536e-10,5.33905055737924e-08
"ENSG00000123815",0.455801874765434,4.21494409073677e-10,5.35959750248561e-08
"ENSG00000162618",0.455695541579774,4.2594222966296e-10,5.40498733657262e-08
"ENSG00000137507",0.455469616405474,4.35543679327521e-10,5.51545271615905e-08
"ENSG00000205362",0.455202375262551,4.47171399884317e-10,5.65107117751137e-08
"ENSG00000115956",0.455073039188029,4.52906106143576e-10,5.71181422059432e-08
"ENSG00000129151",0.45503898211648,4.54427973834051e-10,5.71928736638913e-08
"ENSG00000127951",0.454972935015844,4.57393450648767e-10,5.74486174014851e-08
"ENSG00000160883",0.454655794829986,4.7189553301999e-10,5.91493659555647e-08
"ENSG00000124762",0.454280736449405,4.89620435502836e-10,6.12463416312734e-08
"ENSG00000169908",0.454183064618694,4.94340955800288e-10,6.17107388678131e-08
"ENSG00000168710",0.454162542562246,4.95338375807547e-10,6.17107388678131e-08
"ENSG00000104689",0.454120399893848,4.97392713756488e-10,6.18414892432915e-08
"ENSG00000116815",0.453591410271506,5.23890765971377e-10,6.50047042357711e-08
"ENSG00000173442",0.453436382349879,5.31911644797284e-10,6.58671433951792e-08
"ENSG00000125733",0.453312096574075,5.38427616137854e-10,6.65401389710604e-08
"ENSG00000213445",0.453198996992173,5.44424153753847e-10,6.714637298322e-08
"ENSG00000119537",0.452245669857171,5.97601939564106e-10,7.33167433122123e-08
"ENSG00000140030",0.452239077745831,5.97986583218176e-10,7.33167433122123e-08
"ENSG00000160789",0.452238376555842,5.98027511093373e-10,7.33167433122123e-08
"ENSG00000168884",0.452214041745897,5.99449592928899e-10,7.33208574271977e-08
"ENSG00000204257",0.45219706220317,6.00443782388335e-10,7.33208574271977e-08
"ENSG00000270504",0.452119669634795,6.04995516537993e-10,7.37303842966618e-08
"ENSG00000088298",0.452088680501232,6.06827436624028e-10,7.38074856908877e-08
"ENSG00000067167",0.451795603331249,6.24419973999194e-10,7.57974415775274e-08
"ENSG00000157600",0.451747620008848,6.2734684907633e-10,7.59809878033453e-08
"ENSG00000137198",0.451730388118596,6.28401189261386e-10,7.59809878033453e-08
"ENSG00000167553",0.451527412874276,6.40949969804341e-10,7.73463234149771e-08
"ENSG00000143815",0.451461802301001,6.45057853870281e-10,7.76897075510618e-08
"ENSG00000146425",0.451013504998767,6.73814716514275e-10,8.09946345960049e-08
"ENSG00000136830",0.450904747888561,6.80975753459794e-10,8.16958514053208e-08
"ENSG00000092036",0.450808364605311,6.8738349196102e-10,8.23041432475661e-08
"ENSG00000092010",0.450657155177228,6.97553783555882e-10,8.33597088449771e-08
"ENSG00000135063",0.450618266480985,7.0019284836337e-10,8.33818371325076e-08
"ENSG00000198363",0.45061450503659,7.00448618833784e-10,8.33818371325076e-08
"ENSG00000132965",0.450465929777962,7.10623986971637e-10,8.44298120737113e-08
"ENSG00000166130",0.4499637041957,7.46088302498711e-10,8.84725597090186e-08
"ENSG00000197905",0.449938866060174,7.47885916588957e-10,8.85151747125976e-08
"ENSG00000166278",0.449632103051427,7.70435391800254e-10,9.10089745738096e-08
"ENSG00000204482",0.449192529020432,8.03896508105057e-10,9.47797063119112e-08
"ENSG00000173193",0.449168315093945,8.0577996345939e-10,9.4820118682877e-08
"ENSG00000152977",0.44847878656452,8.61240399797791e-10,1.0115301367396e-07
"ENSG00000055208",0.448372653839782,8.70098058386217e-10,1.01998695057755e-07
"ENSG00000229140",0.448293643915232,8.76749194768382e-10,1.02582989435029e-07
"ENSG00000174032",0.448252170377159,8.80260117765655e-10,1.02798346656109e-07
"ENSG00000105281",0.44807174233289,8.95692943170576e-10,1.0440251230017e-07
"ENSG00000119139",0.44794507902548,9.06682898003165e-10,1.05483728307574e-07
"ENSG00000083312",0.447722634773078,9.26299453110617e-10,1.07562591589132e-07
"ENSG00000128016",0.447678289977118,9.30258794865949e-10,1.07818921414746e-07
"ENSG00000068697",0.447363143584936,9.5887163218815e-10,1.10926307765766e-07
"ENSG00000176014",0.447113501381558,9.82139048293951e-10,1.13404813486309e-07
"ENSG00000100060",0.446597046173099,1.03201854696664e-09,1.18941103847406e-07
"ENSG00000008394",0.446459873338953,1.04567281210035e-09,1.20289509435335e-07
"ENSG00000142961",0.446347557142461,1.05698265143877e-09,1.21363694589827e-07
"ENSG00000104951",0.44592170137602,1.10094813997304e-09,1.26176447535383e-07
"ENSG00000099860",0.44543875034597,1.15294690166157e-09,1.31890267873345e-07
"ENSG00000136240",0.445218967353,1.17738886075882e-09,1.34436400828462e-07
"ENSG00000112851",0.444974611904457,1.20515117800275e-09,1.37097641587803e-07
"ENSG00000196616",0.444565466842327,1.25305773122711e-09,1.42284474189375e-07
"ENSG00000197771",0.444295040589408,1.28572604323626e-09,1.45725089511845e-07
"ENSG00000228408",0.443923921301777,1.33190044442073e-09,1.50404552204457e-07
"ENSG00000173535",0.44389608120245,1.33542814462501e-09,1.50526721122347e-07
"ENSG00000130755",0.443592494573208,1.37448703448445e-09,1.54646124406419e-07
"ENSG00000104972",0.443539202167198,1.3814564349258e-09,1.55146632903419e-07
"ENSG00000188015",0.443238300915681,1.42145230717915e-09,1.5934765171773e-07
"ENSG00000003402",0.442910177611502,1.46634106985651e-09,1.63582658303788e-07
"ENSG00000137033",0.442903962512342,1.46720439658928e-09,1.63582658303788e-07
"ENSG00000100330",0.442857578035254,1.47366309124226e-09,1.64005644281037e-07
"ENSG00000012211",0.442732599495054,1.49120238936739e-09,1.65658050272973e-07
"ENSG00000163755",0.442487012372361,1.5262568859629e-09,1.69246763585046e-07
"ENSG00000185404",0.441884454558093,1.61566918927627e-09,1.78839468677731e-07
"ENSG00000156587",0.44169315618573,1.64509855173e-09,1.81770099223826e-07
"ENSG00000091436",0.441581028962278,1.66258813568379e-09,1.8337334090058e-07
"ENSG00000108622",0.441436021949601,1.68547270915304e-09,1.85564816479633e-07
"ENSG00000239713",0.440930216217226,1.7677026114323e-09,1.94270516996409e-07
"ENSG00000125753",0.440784258545982,1.79214266869015e-09,1.96605398220796e-07
"ENSG00000182511",0.440456845137183,1.84815937940504e-09,2.02389894743956e-07
"ENSG00000186522",0.440091348549603,1.91268868976243e-09,2.08799885956538e-07
"ENSG00000074219",0.440086947853111,1.91347874170492e-09,2.08799885956538e-07
"ENSG00000214212",0.439853802128235,1.95578864450218e-09,2.13039037765031e-07
"ENSG00000132109",0.439776947159465,1.9699327196389e-09,2.14200599465471e-07
"ENSG00000003436",0.439234071516457,2.07269155391689e-09,2.24976594346139e-07
"ENSG00000172164",0.439066303900535,2.10548102883549e-09,2.28133317673682e-07
"ENSG00000091986",0.438961501139077,2.12621779594961e-09,2.29975304101797e-07
"ENSG00000242247",0.437822784185571,2.36462376717974e-09,2.55312991451421e-07
"ENSG00000186431",0.437627411181442,2.40804041095583e-09,2.59545427411323e-07
"ENSG00000145685",0.437471711545491,2.44319059478367e-09,2.62578552196915e-07
"ENSG00000076053",0.437465010238064,2.44471451983674e-09,2.62578552196915e-07
"ENSG00000128284",0.437175281252068,2.51148540341715e-09,2.69253448177647e-07
"ENSG00000110422",0.437157626525675,2.51561050146476e-09,2.69253448177647e-07
"ENSG00000064012",0.436918434759957,2.57214716153056e-09,2.74535294316383e-07
"ENSG00000215244",0.436911184390296,2.57387990414261e-09,2.74535294316383e-07
"ENSG00000163251",0.43686609649689,2.58468062759894e-09,2.75210353883995e-07
"ENSG00000160183",0.436668489888744,2.6325350636415e-09,2.79821654502163e-07
"ENSG00000169902",0.436571752296686,2.65627267410865e-09,2.81858009405763e-07
"ENSG00000141968",0.436151161796737,2.76190089035063e-09,2.92561838891117e-07
"ENSG00000268500",0.435820798304724,2.84770022189899e-09,3.00703697927499e-07
"ENSG00000172216",0.435817630377711,2.84853529006454e-09,3.00703697927499e-07
"ENSG00000118705",0.435696545767116,2.88063101231313e-09,3.03571155859246e-07
"ENSG00000126264",0.435389875541097,2.96348847909929e-09,3.11769119585789e-07
"ENSG00000177464",0.435111954484163,3.04056110337338e-09,3.18787551185709e-07
"ENSG00000142627",0.434750968206103,3.14356100531135e-09,3.29026051889254e-07
"ENSG00000172340",0.434559607354818,3.19951886512162e-09,3.34161401898558e-07
"ENSG00000124782",0.434546170010605,3.20348412713099e-09,3.34161401898558e-07
"ENSG00000204580",0.434376318649755,3.25401657027681e-09,3.3885819932507e-07
"ENSG00000156273",0.433939921227658,3.38740036498948e-09,3.51558462163427e-07
"ENSG00000177426",0.433869963095984,3.40926763075285e-09,3.53232267789652e-07
"ENSG00000101972",0.433615258088264,3.49003873593069e-09,3.60993183132972e-07
"ENSG00000092531",0.433392188637509,3.56229138837843e-09,3.6723226332724e-07
"ENSG00000182158",0.433013641361855,3.68821792105113e-09,3.79578066443429e-07
"ENSG00000135929",0.432735256875804,3.78355333889832e-09,3.88265222695138e-07
"ENSG00000007866",0.43273037776338,3.78524524920517e-09,3.88265222695138e-07
"ENSG00000147421",0.432670297392321,3.80613899299134e-09,3.89758765698268e-07
"ENSG00000155850",0.432618890187235,3.82410480282345e-09,3.90948016586323e-07
"ENSG00000069399",0.432551282041903,3.84785708646048e-09,3.92723908008497e-07
"ENSG00000135604",0.432457577189456,3.88101315432843e-09,3.95452108559584e-07
"ENSG00000105483",0.432337121143107,3.92403971891938e-09,3.99175372663098e-07
"ENSG00000105939",0.431963350029352,4.06049849453205e-09,4.11695748513147e-07
"ENSG00000187498",0.431937237466098,4.07020099065009e-09,4.12000739750936e-07
"ENSG00000172716",0.431752085588008,4.13964101855987e-09,4.18290572441051e-07
"ENSG00000184357",0.431735459414745,4.14593216542703e-09,4.18290572441051e-07
"ENSG00000166123",0.431659019687754,4.17497489720011e-09,4.2053135036544e-07
"ENSG00000100055",0.431601249646891,4.19705429370539e-09,4.22064557927785e-07
"ENSG00000163629",0.431399438420238,4.27507273527778e-09,4.29208933800874e-07
"ENSG00000126458",0.431248306248363,4.33441309107183e-09,4.34457848985219e-07
"ENSG00000179241",0.431110128142069,4.38936171296441e-09,4.38959304009794e-07
"ENSG00000102531",0.431058112662777,4.41021999595979e-09,4.39906935869286e-07
"ENSG00000137393",0.431025410797481,4.42338239466219e-09,4.40505899833479e-07
"ENSG00000152518",0.430852307547827,4.49368935721948e-09,4.46784519871915e-07
"ENSG00000165801",0.430766174994054,4.52907292585883e-09,4.49539529709359e-07
"ENSG00000014123",0.430749370470226,4.5360075385011e-09,4.49539529709359e-07
"ENSG00000067560",0.43072202586231,4.54731354998464e-09,4.49935474469863e-07
"ENSG00000166927",0.430644302312734,4.57959803282245e-09,4.52402538253651e-07
"ENSG00000186918",0.430545544289275,4.62093868564089e-09,4.55754888572248e-07
"ENSG00000142512",0.430508447177888,4.63656052767175e-09,4.56563969784048e-07
"ENSG00000246705",0.430368858817667,4.69579971903502e-09,4.61658622856695e-07
"ENSG00000120885",0.430157679651754,4.78681042122696e-09,4.69107421280242e-07
"ENSG00000011422",0.429776073391477,4.95560059621266e-09,4.84876761674581e-07
"ENSG00000151726",0.429699562807937,4.99012623808063e-09,4.87479887613388e-07
"ENSG00000197943",0.429498323098979,5.0820471505421e-09,4.95672757263016e-07
"ENSG00000185753",0.429456292093252,5.10145083041562e-09,4.95890849985802e-07
"ENSG00000116497",0.429443627752837,5.10731133331605e-09,4.95890849985802e-07
"ENSG00000184730",0.429429270725823,5.11396298816639e-09,4.95890849985802e-07
"ENSG00000134013",0.429423771038682,5.11651322210101e-09,4.95890849985802e-07
"ENSG00000285744",0.429315133029711,5.16714129887527e-09,5.00010289462232e-07
"ENSG00000149658",0.429229759325125,5.20726620519491e-09,5.031020272096e-07
"ENSG00000116117",0.428417046091328,5.60458291512668e-09,5.3895070457587e-07
"ENSG00000122786",0.428243976838633,5.69288920539093e-09,5.46588413816817e-07
"ENSG00000135862",0.428037403662023,5.80004697345954e-09,5.56009487437062e-07
"ENSG00000020577",0.428015432125747,5.81155822468391e-09,5.5624656202169e-07
"ENSG00000135535",0.427944446519351,5.84889946858409e-09,5.58951349215123e-07
"ENSG00000139679",0.427333096779115,6.1802106740908e-09,5.89697497249991e-07
"ENSG00000249740",0.427281423783856,6.20902855642588e-09,5.91530113740982e-07
"ENSG00000116729",0.427129857918568,6.29430549030021e-09,5.97803606628142e-07
"ENSG00000267801",0.42703514588368,6.34816615427784e-09,6.01990042833398e-07
"ENSG00000186451",0.426647760357565,6.57312453230642e-09,6.21407643957398e-07
"ENSG00000011600",0.426560667402355,6.62474790898326e-09,6.25327431457769e-07
"ENSG00000213928",0.426520301911336,6.64880641464849e-09,6.26637277156396e-07
"ENSG00000026025",0.426473193190593,6.67699048588967e-09,6.28331349332712e-07
"ENSG00000158769",0.426246860790311,6.81401327990306e-09,6.40246768394434e-07
"ENSG00000160219",0.426164316008713,6.8646575280472e-09,6.43202631200946e-07
"ENSG00000198876",0.426161528443709,6.86637411768851e-09,6.43202631200946e-07
"ENSG00000255521",0.426017619845066,6.95555754593243e-09,6.49964362054136e-07
"ENSG00000285630",0.426009041066468,6.96090911841232e-09,6.49964362054136e-07
"ENSG00000105246",0.425994097753668,6.97024046138908e-09,6.49964362054136e-07
"ENSG00000171388",0.425942336069477,7.00265630484152e-09,6.51999212746092e-07
"ENSG00000049245",0.425899087283628,7.02985229248636e-09,6.53542642732297e-07
"ENSG00000121361",0.425415841877855,7.34073659209628e-09,6.79153963859398e-07
"ENSG00000143119",0.425402534442654,7.34948232045949e-09,6.79153963859398e-07
"ENSG00000159388",0.425325353443915,7.40040448231254e-09,6.82065368061283e-07
"ENSG00000104774",0.425321201746481,7.40315328650944e-09,6.82065368061283e-07
"ENSG00000137757",0.425047120146967,7.58681314507659e-09,6.97941447235566e-07
"ENSG00000244509",0.424973531390678,7.63686720622155e-09,7.01497545283133e-07
"ENSG00000143418",0.424938500206073,7.66080658499013e-09,7.02647809935369e-07
"ENSG00000139572",0.424582320719085,7.90835150328761e-09,7.24273191842757e-07
"ENSG00000128791",0.424550346367091,7.93094688337431e-09,7.25263291219002e-07
"ENSG00000170909",0.424498979445701,7.96737674025941e-09,7.2751370044885e-07
"ENSG00000065911",0.424323101187468,8.0933362106175e-09,7.37920420364805e-07
"ENSG00000116717",0.424030711351207,8.30699567350985e-09,7.54049766564144e-07
"ENSG00000100292",0.423799117734304,8.48007593721292e-09,7.68627089071918e-07
"ENSG00000004700",0.423671917844014,8.57661087985515e-09,7.76233735279125e-07
"ENSG00000106080",0.423621210984456,8.61538789215221e-09,7.78598285513386e-07
"ENSG00000168575",0.423272446813811,8.88671100997229e-09,8.01940971257676e-07
"ENSG00000127325",0.423127047581667,9.00224004270201e-09,8.11176956351468e-07
"ENSG00000164144",0.422908714149313,9.17844162492976e-09,8.25845045854791e-07
"ENSG00000139146",0.422775839351864,9.28729675499039e-09,8.34419549619166e-07
"ENSG00000000938",0.422718946354403,9.33428453071214e-09,8.37418669326746e-07
"ENSG00000131446",0.422593468200797,9.43872746422623e-09,8.45556103432808e-07
"ENSG00000182118",0.422545134706546,9.47925787006104e-09,8.47952683655576e-07
"ENSG00000088930",0.422472771297187,9.54025228025583e-09,8.52170226902852e-07
"ENSG00000154640",0.422414445788687,9.58968926287637e-09,8.55344689847048e-07
"ENSG00000100906",0.422089070169718,9.87003962225008e-09,8.79076293070563e-07
"ENSG00000156127",0.42199981429862,9.94831373809237e-09,8.84767370949649e-07
"ENSG00000287467",0.421961543714229,9.98205846715414e-09,8.85210095536793e-07
"ENSG00000117091",0.421775099382027,1.01480370596074e-08,8.98634234239538e-07
"ENSG00000160712",0.421729168435547,1.01893324978996e-08,9.00994654095882e-07
"ENSG00000282572",0.421241265878476,1.06381053495186e-08,9.39327913387052e-07
"ENSG00000168077",0.42117674158547,1.06988612837645e-08,9.42834122864467e-07
"ENSG00000092330",0.421166586861944,1.07084533322869e-08,9.42834122864467e-07
"ENSG00000044115",0.420599000827781,1.12579594634558e-08,9.89799796027036e-07
"ENSG00000163659",0.420239787258443,1.16196554004778e-08,1.0201427560157e-06
"ENSG00000169245",0.420033203832962,1.18327075686659e-08,1.03736774160395e-06
"ENSG00000176393",0.41994339413375,1.19264980792276e-08,1.04350817526908e-06
"ENSG00000260549",0.419933705126539,1.19366592257479e-08,1.04350817526908e-06
"ENSG00000128342",0.419895938919791,1.19763453854939e-08,1.04406862096193e-06
"ENSG00000117500",0.419895317627459,1.19769993240465e-08,1.04406862096193e-06
"ENSG00000114331",0.419822707618594,1.2053661947645e-08,1.04860934002042e-06
"ENSG00000285938",0.419813738136153,1.20631647721054e-08,1.04860934002042e-06
"ENSG00000124067",0.419447219145719,1.24577077097367e-08,1.08137822748665e-06
"ENSG00000132661",0.41914447513916,1.27929416976619e-08,1.10891380822663e-06
"ENSG00000089157",0.418816295973646,1.31661481976267e-08,1.13805818072294e-06
"ENSG00000117862",0.418790070340494,1.31964201995055e-08,1.13907501368635e-06
"ENSG00000285972",0.418639514957656,1.33715056568242e-08,1.15245909848331e-06
"ENSG00000163563",0.418624636537955,1.33889291468798e-08,1.15245909848331e-06
"ENSG00000137841",0.418396546837114,1.36587869696091e-08,1.17404523080673e-06
"ENSG00000138413",0.418363198971041,1.36986776580216e-08,1.17479204431323e-06
"ENSG00000121236",0.418357377597467,1.37056526682844e-08,1.17479204431323e-06
"ENSG00000023697",0.418324222631777,1.3745443274174e-08,1.17656406240023e-06
"ENSG00000177697",0.418134515633842,1.39752657223661e-08,1.19457465780181e-06
"ENSG00000179776",0.418051299151334,1.40772423134702e-08,1.20162247009738e-06
"ENSG00000069974",0.418033255798186,1.40994476185092e-08,1.2018509753927e-06
"ENSG00000174963",0.417992506582718,1.41497203417733e-08,1.20446803418271e-06
"ENSG00000133789",0.417962767238515,1.41865189480625e-08,1.20593248914303e-06
"ENSG00000198160",0.417647027842736,1.45829303008925e-08,1.23624188704326e-06
"ENSG00000114737",0.417441831998358,1.48462474876082e-08,1.25680530313254e-06
"ENSG00000148841",0.41728919066501,1.50450864828098e-08,1.27188846496984e-06
"ENSG00000184489",0.416887264902509,1.55809947362243e-08,1.31538647468613e-06
"ENSG00000153029",0.416840085113049,1.56450938647985e-08,1.31898857097967e-06
"ENSG00000135916",0.416637278229438,1.59235322214296e-08,1.3369684407035e-06
"ENSG00000109381",0.416567927941406,1.6019834520542e-08,1.34322165631095e-06
"ENSG00000198087",0.416437570538654,1.62023727263781e-08,1.35667867628873e-06
"ENSG00000160271",0.416342822028862,1.63363026588292e-08,1.36603452559102e-06
"ENSG00000162733",0.416300459559683,1.63965274031888e-08,1.36921015264838e-06
"ENSG00000268001",0.416271167126198,1.64382959852772e-08,1.37083805978036e-06
"ENSG00000276045",0.415754765859442,1.71916759864366e-08,1.43172463722498e-06
"ENSG00000154727",0.415677061518105,1.73078766766882e-08,1.4394540029596e-06
"ENSG00000161638",0.415326965444055,1.78408578441523e-08,1.47978134118667e-06
"ENSG00000136305",0.415301207395754,1.78806891592892e-08,1.48108900890888e-06
"ENSG00000171236",0.415256933399957,1.7949352897779e-08,1.48477819185607e-06
"ENSG00000211892",0.415185233961697,1.80610887341516e-08,1.49201563094581e-06
"ENSG00000102755",0.41481489324253,1.86489643939811e-08,1.53851456389165e-06
"ENSG00000001617",0.414777318595515,1.8709628493445e-08,1.54145297992045e-06
"ENSG00000095970",0.414735902409806,1.87767147236688e-08,1.54378481174746e-06
"ENSG00000012660",0.414728887783559,1.87880999609848e-08,1.54378481174746e-06
"ENSG00000134061",0.414389085904666,1.93476476869734e-08,1.5852296768178e-06
"ENSG00000258659",0.414375850586217,1.936976337201e-08,1.5852296768178e-06
"ENSG00000121691",0.414356669285206,1.94018577274185e-08,1.58574758562583e-06
"ENSG00000163453",0.41406489868588,1.9896405266636e-08,1.62401109513242e-06
"ENSG00000141756",0.413885751898025,2.02060424829355e-08,1.64525097934344e-06
"ENSG00000024422",0.413883428018512,2.02100893731905e-08,1.64525097934344e-06
"ENSG00000106560",0.413687147755505,2.05547279619803e-08,1.67109666802129e-06
"ENSG00000130829",0.413609066945449,2.06933921153474e-08,1.68015055982446e-06
"ENSG00000223552",0.413524872856606,2.08439211521916e-08,1.69014266586361e-06
"ENSG00000094963",0.413469935284392,2.09427103440495e-08,1.69581594834357e-06
"ENSG00000289692",0.413442020761752,2.09930788903962e-08,1.69581594834357e-06
"ENSG00000148926",0.413295360317239,2.12596312167612e-08,1.71481355649325e-06
"ENSG00000034677",0.413068717908841,2.16779629330426e-08,1.74626773658531e-06
"ENSG00000175793",0.412977409505772,2.18487260403783e-08,1.75772286984189e-06
"ENSG00000136051",0.412861511990036,2.2067339418993e-08,1.77299260731397e-06
"ENSG00000176974",0.412766186541291,2.22487240122831e-08,1.78523529414856e-06
"ENSG00000215717",0.412298908769046,2.31588008977482e-08,1.8534268432393e-06
"ENSG00000119403",0.412248487036825,2.32591164592048e-08,1.85839091887365e-06
"ENSG00000061273",0.41223740527509,2.32812199150459e-08,1.85839091887365e-06
"ENSG00000138600",0.412219684451018,2.33166075002346e-08,1.85880478237621e-06
"ENSG00000179066",0.412059707795208,2.3638423147301e-08,1.87959058679263e-06
"ENSG00000168615",0.411887274518904,2.39900801025169e-08,1.90509095461845e-06
"ENSG00000166598",0.41167051253598,2.44392824526456e-08,1.93826185472374e-06
"ENSG00000041982",0.411522947234614,2.47497027475642e-08,1.9603548338431e-06
"ENSG00000258818",0.411417059985482,2.49747815855206e-08,1.97564004871372e-06
"ENSG00000113328",0.41136286370143,2.50907440513498e-08,1.97998255736444e-06
"ENSG00000204642",0.410759472094527,2.64172855746748e-08,2.0817226932238e-06
"ENSG00000234906",0.410656050011198,2.66513246963205e-08,2.09747970218714e-06
"ENSG00000146376",0.410555599410903,2.68805474246969e-08,2.11281789362139e-06
"ENSG00000166794",0.410428857652368,2.71724711035979e-08,2.13303898163244e-06
"ENSG00000134802",0.410272526298756,2.75367490060762e-08,2.15745989843885e-06
"ENSG00000167895",0.410265310143208,2.75536767219052e-08,2.15745989843885e-06
"ENSG00000120708",0.410218897214904,2.76627919247796e-08,2.16270859211922e-06
"ENSG00000027697",0.41020693102214,2.76909913328667e-08,2.16270859211922e-06
"ENSG00000080371",0.409962413644354,2.82733083887506e-08,2.20259809047755e-06
"ENSG00000056972",0.409576980077221,2.92151939274636e-08,2.27309721248017e-06
"ENSG00000130208",0.409532293293776,2.93263269521735e-08,2.27886296205122e-06
"ENSG00000005059",0.409463933116888,2.9497120946847e-08,2.2892444029669e-06
"ENSG00000214274",0.408991374933198,3.07042080941851e-08,2.37836927073685e-06
"ENSG00000188643",0.408984239735029,3.07227929649648e-08,2.37836927073685e-06
"ENSG00000116478",0.408782774890677,3.12520295055292e-08,2.41630013051292e-06
"ENSG00000215483",0.40869942628185,3.14735349006962e-08,2.43037293842967e-06
"ENSG00000100353",0.408577958708153,3.17990488110718e-08,2.45243190479775e-06
"ENSG00000030066",0.408223167169048,3.27684718216918e-08,2.52403357921677e-06
"ENSG00000117899",0.407924593019627,3.36062430346272e-08,2.58532827665387e-06
"ENSG00000108342",0.407853134970641,3.38097799602254e-08,2.59773919834222e-06
"ENSG00000185507",0.407755927579343,3.40885629148132e-08,2.61589341150781e-06
"ENSG00000185022",0.40732427081825,3.53534345940844e-08,2.70620867992329e-06
"ENSG00000259207",0.407191357410387,3.5751907004721e-08,2.73331101204789e-06
"ENSG00000189190",0.407039614000462,3.62121089100775e-08,2.76163324753632e-06
"ENSG00000162458",0.407013549655956,3.62917266974001e-08,2.76427973745643e-06
"ENSG00000167994",0.406996844979725,3.63428422886225e-08,2.76475140396908e-06
"ENSG00000174485",0.406978799151648,3.6398139493388e-08,2.76553962590256e-06
"ENSG00000259366",0.4066970861404,3.72719384168035e-08,2.82843918362979e-06
"ENSG00000198887",0.406661892214908,3.73825068605838e-08,2.83333620964011e-06
"ENSG00000179403",0.406446988811023,3.80645372191956e-08,2.88148078550821e-06
"ENSG00000112078",0.406318800674664,3.84770397962175e-08,2.90912891550173e-06
"ENSG00000224397",0.406172047205996,3.89545590389806e-08,2.94161887300003e-06
"ENSG00000121578",0.405999432634879,3.95235173705922e-08,2.98092567776437e-06
"ENSG00000142102",0.405946813096332,3.96985400155619e-08,2.99046137909149e-06
"ENSG00000115461",0.405717325839718,4.04706038353536e-08,3.04489345041932e-06
"ENSG00000231389",0.405617432188672,4.08111645840091e-08,3.06302721116861e-06
"ENSG00000137845",0.405592265298301,4.08973976742603e-08,3.06576058765491e-06
"ENSG00000160691",0.405435680717619,4.14378733400767e-08,3.09872718935805e-06
"ENSG00000166128",0.405230022167688,4.21581694284649e-08,3.14561657357765e-06
"ENSG00000090382",0.405227485879118,4.21671271480821e-08,3.14561657357765e-06
"ENSG00000112799",0.405118618041488,4.25533576281025e-08,3.17058576496845e-06
"ENSG00000140450",0.404899674585624,4.33404204322578e-08,3.22313753452195e-06
"ENSG00000187634",0.404893336202135,4.33634128198391e-08,3.22313753452195e-06
"ENSG00000092929",0.40478038107624,4.37751264268471e-08,3.24981469338224e-06
"ENSG00000136518",0.40441735746589,4.51239076173434e-08,3.34591056674913e-06
"ENSG00000158711",0.404228317775024,4.58419859642908e-08,3.39383627545705e-06
"ENSG00000155561",0.404218249501304,4.58805371958317e-08,3.39383627545705e-06
"ENSG00000170876",0.404106378563938,4.63109899084547e-08,3.41746230566659e-06
"ENSG00000101680",0.404070251407442,4.64508254158663e-08,3.41958086051923e-06
"ENSG00000135269",0.40363579515203,4.81645436668866e-08,3.53306159169829e-06
"ENSG00000156313",0.403531376334649,4.85853879809654e-08,3.55545673947745e-06
"ENSG00000115414",0.403391040171366,4.91565585257643e-08,3.59298246782617e-06
"ENSG00000085449",0.403350295394442,4.93235949630624e-08,3.60091498031638e-06
"ENSG00000132205",0.403095198602606,5.03818429325027e-08,3.67381533345728e-06
"ENSG00000152601",0.403013305637576,5.07261690271553e-08,3.69454597231627e-06
"ENSG00000165458",0.402807568153974,5.16012110235173e-08,3.75383561611271e-06
"ENSG00000140575",0.402756943814304,5.18187385896907e-08,3.76424534433008e-06
"ENSG00000100647",0.402745824991443,5.18666328479122e-08,3.76424534433008e-06
"ENSG00000188428",0.402571475232378,5.2623226557047e-08,3.81465707329434e-06
"ENSG00000111684",0.402537082229753,5.27737221087669e-08,3.82106582760229e-06
"ENSG00000174776",0.402411297277513,5.33276551419209e-08,3.85210939912486e-06
"ENSG00000142798",0.40225256053604,5.40346748446374e-08,3.89860495737206e-06
"ENSG00000083168",0.402140831892162,5.45377074246051e-08,3.93029117768138e-06
"ENSG00000228382",0.402123369808082,5.4616731695253e-08,3.93138261456451e-06
"ENSG00000100209",0.402043699760995,5.49786742058273e-08,3.95281252958345e-06
"ENSG00000085063",0.40195159589427,5.53999746715826e-08,3.9738182298227e-06
"ENSG00000197965",0.401851061153613,5.58633782286581e-08,4.00239318941157e-06
"ENSG00000143036",0.401629889290272,5.68959831892558e-08,4.06690637560925e-06
"ENSG00000124224",0.401500580595523,5.75081628877373e-08,4.1011383276511e-06
"ENSG00000101955",0.40127567286083,5.85880303455855e-08,4.17331219859805e-06
"ENSG00000141753",0.401117616090348,5.93585421941521e-08,4.22330881016982e-06
"ENSG00000104894",0.401055367024009,5.96646632669456e-08,4.24018710866155e-06
"ENSG00000128394",0.401039475500097,5.97430552704857e-08,4.24086112291438e-06
"ENSG00000107566",0.400961950621001,6.01269013505072e-08,4.25828540473604e-06
"ENSG00000187514",0.400904810842335,6.04113301111591e-08,4.27351137972549e-06
"ENSG00000139567",0.400860621855854,6.06321781857983e-08,4.27544517094122e-06
"ENSG00000241158",0.40085932875064,6.06386525373464e-08,4.27544517094122e-06
"ENSG00000109062",0.40085320268647,6.06693336911357e-08,4.27544517094122e-06
"ENSG00000150048",0.400843781766599,6.0716545551193e-08,4.27544517094122e-06
"ENSG00000116747",0.400674090123095,6.15730002174625e-08,4.33079854329544e-06
"ENSG00000104870",0.400512738038308,6.23981139872128e-08,4.38382366122035e-06
"ENSG00000118855",0.400469298221593,6.26220616053933e-08,4.39120542985914e-06
"ENSG00000135069",0.400464685838018,6.26458853408346e-08,4.39120542985914e-06
"ENSG00000160808",0.400419834937254,6.28780019381997e-08,4.40246160555695e-06
"ENSG00000242574",0.400270105349238,6.36588910677988e-08,4.45207135440524e-06
"ENSG00000196352",0.400137763040795,6.43568442078821e-08,4.49577482398399e-06
"ENSG00000118217",0.399952508022566,6.53462017070803e-08,4.54425608797802e-06
"ENSG00000198019",0.399771807059684,6.63252952130344e-08,4.60713766206658e-06
"ENSG00000085117",0.399533137414549,6.76400839146207e-08,4.69316947513125e-06
"ENSG00000150457",0.399446075123054,6.81258939101438e-08,4.72155407072736e-06
"ENSG00000121552",0.399373401571731,6.85339775117623e-08,4.74449393923948e-06
"ENSG00000138646",0.399328205283538,6.87889504495062e-08,4.75679456906114e-06
"ENSG00000100644",0.399244874675666,6.92614456175236e-08,4.78409249055541e-06
"ENSG00000004455",0.39907940159475,7.02089509316028e-08,4.84410277593561e-06
"ENSG00000134882",0.39890179424159,7.12397781972151e-08,4.90972106312363e-06
"ENSG00000283608",0.398801643433186,7.18274394840721e-08,4.94468449173125e-06
"ENSG00000169252",0.398437294976086,7.40048537586706e-08,5.08888795499846e-06
"ENSG00000168404",0.397881586328912,7.74483146676767e-08,5.31973111373604e-06
"ENSG00000184113",0.397835450468706,7.77410085940958e-08,5.33087417698456e-06
"ENSG00000030582",0.397815108301041,7.78703997970415e-08,5.33087417698456e-06
"ENSG00000135446",0.397759349588086,7.8226126897815e-08,5.34927639311014e-06
"ENSG00000144908",0.397356860228264,8.08405646476956e-08,5.51580012270264e-06
"ENSG00000089060",0.397136206215126,8.23092349546189e-08,5.60358357969808e-06
"ENSG00000118508",0.39708113250571,8.26797781831428e-08,5.62259035193739e-06
"ENSG00000096968",0.396606982830952,8.59368182894943e-08,5.83119685204921e-06
"ENSG00000186063",0.396358708643412,8.76910223394913e-08,5.93174302505172e-06
"ENSG00000150681",0.396356363295093,8.77077562848867e-08,5.93174302505172e-06
"ENSG00000287736",0.396317968818351,8.79821350046568e-08,5.94376785590186e-06
"ENSG00000100979",0.396231800970087,8.86009182105315e-08,5.979007577137e-06
"ENSG00000139687",0.39606770106952,8.97909089390769e-08,6.0526743699305e-06
"ENSG00000165476",0.396048872920831,8.99284201214782e-08,6.05531147478802e-06
"ENSG00000115084",0.395973545243755,9.04805988870694e-08,6.08583385563476e-06
"ENSG00000158473",0.395767884783581,9.20047769012642e-08,6.18159605852773e-06
"ENSG00000112118",0.395711643169412,9.24258614893598e-08,6.2031158336981e-06
"ENSG00000163735",0.395511756148707,9.39374416801549e-08,6.28400642474289e-06
"ENSG00000129493",0.395484688923933,9.41439428128242e-08,6.29098242830885e-06
"ENSG00000128815",0.395204332865561,9.63086082840071e-08,6.41666310447578e-06
"ENSG00000198682",0.395200628646987,9.63375261363515e-08,6.41666310447578e-06
"ENSG00000143178",0.395133544421488,9.68626784908194e-08,6.44466668652863e-06
"ENSG00000198113",0.395090421669649,9.72017031226631e-08,6.46023932719349e-06
"ENSG00000144579",0.394871488379155,9.89405572318708e-08,6.56871375866047e-06
"ENSG00000030419",0.394818100239771,9.93690902157828e-08,6.59005526750015e-06
"ENSG00000174348",0.394758416126193,9.98502670075451e-08,6.61483835598747e-06
"ENSG00000155962",0.394737722761447,1.0001761928804e-07,6.61880038867003e-06
"ENSG00000177105",0.394604375332087,1.01102502820428e-07,6.68340755486621e-06
"ENSG00000023892",0.394504150613869,1.01925328265371e-07,6.72335734487028e-06
"ENSG00000092607",0.394461151370444,1.0228030923341e-07,6.73954962683191e-06
"ENSG00000089050",0.394144543505633,1.04930823730407e-07,6.89942587143607e-06
"ENSG00000187554",0.394117706269501,1.05158498202935e-07,6.90701666318192e-06
"ENSG00000198721",0.393803281535955,1.07861471018481e-07,7.05680804101375e-06
"ENSG00000127603",0.393799118124376,1.07897705163687e-07,7.05680804101375e-06
"ENSG00000104408",0.39366087410774,1.09107493019033e-07,7.12217698400917e-06
"ENSG00000114013",0.393658470940831,1.09128637981292e-07,7.12217698400917e-06
"ENSG00000197405",0.393529121405907,1.10272574056414e-07,7.18921112047451e-06
"ENSG00000086544",0.393498382426635,1.10546108462775e-07,7.19941767114607e-06
"ENSG00000168062",0.393481602751277,1.10695698791125e-07,7.20153920338371e-06
"ENSG00000115183",0.393441437383316,1.11054560793788e-07,7.21670718445333e-06
"ENSG00000008282",0.393288740992178,1.12429053882885e-07,7.2911840802616e-06
"ENSG00000114480",0.393164665345793,1.13557917007796e-07,7.33715244866809e-06
"ENSG00000265531",0.393158449837991,1.13614751780526e-07,7.33715244866809e-06
"ENSG00000114439",0.393070361040299,1.14423176730986e-07,7.37388480495478e-06
"ENSG00000145907",0.392953523094279,1.15503957516485e-07,7.4357484951826e-06
"ENSG00000187735",0.392914497938318,1.15867126011294e-07,7.45133375469079e-06
"ENSG00000121039",0.392741888479045,1.17486604746354e-07,7.52403288502563e-06
"ENSG00000183765",0.392434557218502,1.20423961780795e-07,7.6649176733473e-06
"ENSG00000184988",0.39243354401606,1.20433761051066e-07,7.6649176733473e-06
"ENSG00000007908",0.3922275774303,1.22441738809289e-07,7.78466360875915e-06
"ENSG00000113140",0.392179019397768,1.22919787937298e-07,7.80699218659758e-06
"ENSG00000166801",0.392072734465411,1.23972405860115e-07,7.8622482897149e-06
"ENSG00000288656",0.392065407661638,1.24045286125588e-07,7.8622482897149e-06
"ENSG00000155760",0.391960863168676,1.25089683323921e-07,7.92028752107756e-06
"ENSG00000142733",0.391831063474382,1.26398114071558e-07,7.99490804976358e-06
"ENSG00000225924",0.391817030262685,1.26540357652498e-07,7.99568765027241e-06
"ENSG00000104881",0.391717286673068,1.27555810650913e-07,8.05158442123055e-06
"ENSG00000138061",0.391414552542559,1.30685897663477e-07,8.22385775644275e-06
"ENSG00000152952",0.39139828491145,1.30856163099714e-07,8.2261610845851e-06
"ENSG00000103187",0.391324874235087,1.31627165920939e-07,8.26618601983495e-06
"ENSG00000023445",0.391234894099956,1.32578132271628e-07,8.31741954385839e-06
"ENSG00000104635",0.391119235662181,1.33810159914909e-07,8.38616342342483e-06
"ENSG00000073712",0.39106034878916,1.34441649232698e-07,8.4171687287662e-06
"ENSG00000133246",0.390898192995561,1.36195369799786e-07,8.51830064934761e-06
"ENSG00000122008",0.390772330252211,1.37571674182361e-07,8.59348035451378e-06
"ENSG00000117151",0.390749349985569,1.37824397599456e-07,8.59348035451378e-06
"ENSG00000196664",0.39074896151006,1.37828673646597e-07,8.59348035451378e-06
"ENSG00000286695",0.390737407374608,1.37955911059723e-07,8.59348035451378e-06
"ENSG00000234745",0.390691771044988,1.38459572734429e-07,8.61613341189861e-06
"ENSG00000116473",0.390562845716225,1.39891987878682e-07,8.69647727475311e-06
"ENSG00000139921",0.390451389087059,1.41141756251062e-07,8.76531609153919e-06
"ENSG00000165806",0.390409826177679,1.41610536907903e-07,8.77097383435391e-06
"ENSG00000121933",0.390405412511691,1.41660405422913e-07,8.77097383435391e-06
"ENSG00000213639",0.390275717181023,1.43133326320518e-07,8.83550394691072e-06
"ENSG00000163428",0.390223806602877,1.43726966970172e-07,8.86325897315856e-06
"ENSG00000127311",0.390147626563623,1.44602423557139e-07,8.90831987527581e-06
"ENSG00000144802",0.390076588208389,1.45423395620896e-07,8.94993746009239e-06
"ENSG00000175318",0.389999623397209,1.46317899648472e-07,8.99599282314239e-06
"ENSG00000152558",0.389637530507954,1.50597472249584e-07,9.24987108994852e-06
"ENSG00000088827",0.389589068039876,1.51179271587544e-07,9.2763480464445e-06
"ENSG00000278463",0.389538148901896,1.51792884004715e-07,9.30472236373124e-06
"ENSG00000243749",0.389470548517509,1.52611206171735e-07,9.34557619167487e-06
"ENSG00000145390",0.389334235506417,1.54274191045048e-07,9.42865026184352e-06
"ENSG00000166483",0.389300284538862,1.54691077771429e-07,9.44474969282224e-06
"ENSG00000101347",0.388774731320299,1.61283728798584e-07,9.82776812394064e-06
"ENSG00000133574",0.388743089240589,1.61689128785337e-07,9.84272575861997e-06
"ENSG00000165140",0.38846568193727,1.65285335835001e-07,1.00318744661038e-05
"ENSG00000177989",0.388431555752833,1.65732993173861e-07,1.0049134317135e-05
"ENSG00000110057",0.388412488649507,1.65983615500461e-07,1.00544248350004e-05
"ENSG00000067900",0.388363967211731,1.66623031199375e-07,1.0073327929405e-05
"ENSG00000131459",0.388222344107468,1.68502866916894e-07,1.01769778621524e-05
"ENSG00000160410",0.388163180103388,1.69294183740081e-07,1.02147463177446e-05
"ENSG00000245532",0.388134713367372,1.69676193025819e-07,1.02177608841301e-05
"ENSG00000130589",0.388009958025572,1.71360109662664e-07,1.03024107523267e-05
"ENSG00000138434",0.387810555939243,1.74084883865717e-07,1.04525659440309e-05
"ENSG00000134871",0.387582867287753,1.77246946622238e-07,1.06283483938717e-05
"ENSG00000099998",0.387574949723814,1.77357887048392e-07,1.06283483938717e-05
"ENSG00000147168",0.387523733661791,1.78077131999703e-07,1.06610690776165e-05
"ENSG00000197622",0.387472060116709,1.78805632962652e-07,1.0679925870379e-05
"ENSG00000106066",0.3874717475531,1.78810048203697e-07,1.0679925870379e-05
"ENSG00000197321",0.387464482295805,1.7891270590733e-07,1.0679925870379e-05
"ENSG00000148848",0.3872851255808,1.81464983041392e-07,1.0804497958764e-05
"ENSG00000134470",0.387280850649334,1.81526239590569e-07,1.0804497958764e-05
"ENSG00000167461",0.387182917987185,1.82934977926157e-07,1.0877826358925e-05
"ENSG00000155660",0.387138630872637,1.83575471011102e-07,1.08990903572676e-05
"ENSG00000130309",0.386880690029297,1.87348792001586e-07,1.10973956255492e-05
"ENSG00000198142",0.386659261270237,1.90647151964138e-07,1.12819118466163e-05
"ENSG00000105137",0.386138607638245,1.98623288444329e-07,1.16976762335099e-05
"ENSG00000120693",0.386113755425686,1.99011894373039e-07,1.17093575786752e-05
"ENSG00000204252",0.385750647477336,2.04773410085713e-07,1.20138939469162e-05
"ENSG00000117280",0.385627408964108,2.06764920313847e-07,1.21076501006617e-05
"ENSG00000261795",0.385557614542731,2.07900997717574e-07,1.21537114814292e-05
"ENSG00000288819",0.385510931865066,2.08664207981303e-07,1.21840891992422e-05
"ENSG00000062716",0.38548502838271,2.09088858077067e-07,1.21973124943081e-05
"ENSG00000213853",0.385427604887491,2.10033186061915e-07,1.22407977301084e-05
"ENSG00000085719",0.385232893024559,2.13265717018798e-07,1.23939804421199e-05
"ENSG00000213977",0.385115372790652,2.15239740153749e-07,1.2485122118777e-05
"ENSG00000119900",0.384984492125435,2.17458775210472e-07,1.26019612632329e-05
"ENSG00000127022",0.384939182671196,2.18232072952368e-07,1.26348774203015e-05
"ENSG00000071127",0.384792378693564,2.20755709247754e-07,1.27675585662013e-05
"ENSG00000107854",0.384781797795887,2.20938675955486e-07,1.27675585662013e-05
"ENSG00000071242",0.384675451653282,2.22785714044059e-07,1.28622176220709e-05
"ENSG00000134970",0.384559347330885,2.24819114521328e-07,1.2967448532428e-05
"ENSG00000185811",0.384514362110014,2.25611732668267e-07,1.30009817184792e-05
"ENSG00000174123",0.384389397665228,2.27827611484301e-07,1.31163915071935e-05
"ENSG00000115380",0.384328958559908,2.28906784030412e-07,1.31539114065058e-05
"ENSG00000163162",0.384186821008579,2.31464049800123e-07,1.3276195838748e-05
"ENSG00000111145",0.384178648064472,2.31611921795589e-07,1.3276195838748e-05
"ENSG00000273983",0.383857552190466,2.37493581971678e-07,1.35713138429573e-05
"ENSG00000078246",0.383803789389928,2.384922519272e-07,1.36157394736619e-05
"ENSG00000099203",0.383669211572295,2.41009758487643e-07,1.37467141578902e-05
"ENSG00000123992",0.383640561654566,2.41548978710071e-07,1.37647132830858e-05
"ENSG00000130600",0.383580370754798,2.42685596509539e-07,1.38166904269964e-05
"ENSG00000186470",0.383500641365642,2.44199055552116e-07,1.38900061690383e-05
"ENSG00000166979",0.383477178300488,2.4464616001033e-07,1.39025884318335e-05
"ENSG00000168994",0.383430093388157,2.45545760057996e-07,1.39408378754698e-05
"ENSG00000184584",0.383344333233955,2.47192428768075e-07,1.40213924756704e-05
"ENSG00000125735",0.383294289464476,2.48158190819346e-07,1.40502738691682e-05
"ENSG00000163660",0.383055405278264,2.52818249590524e-07,1.4279741012438e-05
"ENSG00000125676",0.383049840701644,2.52927793235528e-07,1.4279741012438e-05
"ENSG00000007350",0.383039109442027,2.53139175948424e-07,1.4279741012438e-05
"ENSG00000143333",0.38291598331403,2.5557662867185e-07,1.43928734433828e-05
"ENSG00000113368",0.382914183812565,2.55612418328633e-07,1.43928734433828e-05
"ENSG00000171928",0.382622895926322,2.61469416850806e-07,1.4709208218159e-05
"ENSG00000119686",0.382610285479859,2.61725857314678e-07,1.47101882763238e-05
"ENSG00000168918",0.382530878622556,2.63346179279841e-07,1.47759164661317e-05
"ENSG00000055211",0.382529447137096,2.63375477111441e-07,1.47759164661317e-05
"ENSG00000171860",0.382507434920033,2.63826388324332e-07,1.47877333725252e-05
"ENSG00000107731",0.382245956770459,2.69239498288822e-07,1.5077411904174e-05
"ENSG00000137575",0.382219605693612,2.6979087551866e-07,1.50945542208368e-05
"ENSG00000127241",0.382185261552758,2.70511124183818e-07,1.51211050197719e-05
"ENSG00000151702",0.382138002980756,2.71505217083432e-07,1.51491541978085e-05
"ENSG00000169241",0.381913748732503,2.76270300408892e-07,1.53871306501039e-05
"ENSG00000178602",0.38184587785614,2.77728167417108e-07,1.5454342075514e-05
"ENSG00000119729",0.381322894273714,2.89211422318935e-07,1.60353403380149e-05
"ENSG00000169967",0.381290664798388,2.8993375673614e-07,1.60609209042025e-05
"ENSG00000138594",0.381248585195389,2.90879453325119e-07,1.60947242484865e-05
"ENSG00000182240",0.381240255236871,2.91067010408252e-07,1.60947242484865e-05
"ENSG00000087253",0.381211414134162,2.91717290176283e-07,1.61162018910316e-05
"ENSG00000114353",0.381102791905831,2.94178893523401e-07,1.62085459471837e-05
"ENSG00000115325",0.381058758336565,2.95182436305313e-07,1.62428492623224e-05
"ENSG00000124731",0.381052324911927,2.95329330633997e-07,1.62428492623224e-05
"ENSG00000100911",0.380926704103636,2.98211686554092e-07,1.6372114217025e-05
"ENSG00000137693",0.380910989285891,2.98574149999975e-07,1.63774041778952e-05
"ENSG00000136436",0.380815879462691,3.00776878028299e-07,1.64835371160941e-05
"ENSG00000213722",0.380802519085416,3.01087544975987e-07,1.64858824448418e-05
"ENSG00000100297",0.380568702061902,3.06574421268415e-07,1.67414681769881e-05
"ENSG00000140464",0.380557339014528,3.06843495769572e-07,1.67414681769881e-05
"ENSG00000115604",0.380501145188285,3.08177478604775e-07,1.67993576113837e-05
"ENSG00000163734",0.380368145193376,3.11356904071158e-07,1.69576542514649e-05
"ENSG00000164867",0.38023308114843,3.14617777397803e-07,1.70898821643163e-05
"ENSG00000134352",0.380077711419629,3.18409307777339e-07,1.72805841603603e-05
"ENSG00000244682",0.379923313647322,3.22220402001791e-07,1.74720109434345e-05
"ENSG00000089356",0.379811811316617,3.249997789221e-07,1.76072063327304e-05
"ENSG00000181381",0.379797096258317,3.25368284312255e-07,1.76116672732748e-05
"ENSG00000173757",0.379603128652886,3.3026328245564e-07,1.78512305707096e-05
"ENSG00000286153",0.379598764226477,3.30374230144908e-07,1.78512305707096e-05
"ENSG00000185339",0.379582766996762,3.30781199215552e-07,1.78575422144929e-05
"ENSG00000121005",0.379530286596106,3.32119669211814e-07,1.7914086697609e-05
"ENSG00000104626",0.379411632029312,3.35164983328043e-07,1.80625164045018e-05
"ENSG00000179583",0.379350060778164,3.36755741409e-07,1.81323668847555e-05
"ENSG00000001036",0.379264327089446,3.38982795803628e-07,1.82100424426031e-05
"ENSG00000197081",0.379260367259846,3.39085997647587e-07,1.82100424426031e-05
"ENSG00000106100",0.379144113693363,3.42129249192627e-07,1.83414656030584e-05
"ENSG00000120949",0.379108879335103,3.43056751277466e-07,1.83751825070673e-05
"ENSG00000109323",0.378915334817633,3.48194624682878e-07,1.86341652012896e-05
"ENSG00000059377",0.378284697788443,3.65451202335541e-07,1.95406853141082e-05
"ENSG00000113732",0.37827006913042,3.6586104436735e-07,1.95456181549863e-05
"ENSG00000249751",0.378073729053886,3.71404504537735e-07,1.97902327508834e-05
"ENSG00000116044",0.377777206878986,3.79929027167918e-07,2.01920138583958e-05
"ENSG00000077420",0.377763510784272,3.80327253923334e-07,2.01957381496615e-05
"ENSG00000164949",0.37759496900932,3.85260560064393e-07,2.04400654384508e-05
"ENSG00000162542",0.377491854212566,3.8830889340807e-07,2.05840504185239e-05
"ENSG00000270164",0.377331598293024,3.93092285895457e-07,2.08017812924764e-05
"ENSG00000074047",0.377248659748354,3.95589948840424e-07,2.08980152887855e-05
"ENSG00000026950",0.376871798594481,4.0713137195489e-07,2.14708596020495e-05
"ENSG00000116678",0.376673966482544,4.13318175890813e-07,2.17784707337536e-05
"ENSG00000154553",0.376458044419402,4.20173277318285e-07,2.2120739246601e-05
"ENSG00000163946",0.376390858179635,4.22328390448499e-07,2.22151952664636e-05
"ENSG00000105383",0.376308639671952,4.24980070547045e-07,2.23355879263427e-05
"ENSG00000114850",0.376273907595997,4.26105012060469e-07,2.23756031247862e-05
"ENSG00000090487",0.376235995539297,4.27336200049502e-07,2.24035430019777e-05
"ENSG00000072364",0.376235105991798,4.27365128758641e-07,2.24035430019777e-05
"ENSG00000131747",0.376216671595681,4.27965049859598e-07,2.24158987477098e-05
"ENSG00000112039",0.376112130962515,4.31382434199949e-07,2.25756807231307e-05
"ENSG00000166401",0.376080599939985,4.32418279126395e-07,2.26106631865377e-05
"ENSG00000143344",0.375952546886379,4.3664951836944e-07,2.28071129112095e-05
"ENSG00000102054",0.375944508311508,4.36916452006955e-07,2.28071129112095e-05
"ENSG00000127920",0.37590390346478,4.38267186316533e-07,2.28582336564955e-05
"ENSG00000006327",0.375875255855007,4.3922255977032e-07,2.28886648759564e-05
"ENSG00000164219",0.375768091651705,4.42814078985327e-07,2.30471883724837e-05
"ENSG00000166822",0.375762165195615,4.4301351625907e-07,2.30471883724837e-05
"ENSG00000129675",0.37569093565009,4.4541726300612e-07,2.3152668948014e-05
"ENSG00000122861",0.375571659171764,4.49470368595545e-07,2.3343632375396e-05
"ENSG00000116711",0.375326914506862,4.57897645321795e-07,2.37212564677479e-05
"ENSG00000124783",0.375172278701846,4.63299844444234e-07,2.39205751899966e-05
"ENSG00000101160",0.375147543691563,4.64169593464619e-07,2.39253379063539e-05
"ENSG00000182103",0.375136223120645,4.64568175364604e-07,2.39258441712462e-05
"ENSG00000143622",0.375124183706097,4.64992425732844e-07,2.39276704425603e-05
"ENSG00000179627",0.374902460766806,4.72872127472406e-07,2.42925227154939e-05
"ENSG00000158517",0.374887920628782,4.73393296891436e-07,2.42990133977369e-05
"ENSG00000070756",0.374751778228182,4.78299826189408e-07,2.45099787701923e-05
"ENSG00000157191",0.374738422365796,4.78783776723789e-07,2.45143666844334e-05
"ENSG00000168679",0.374363481183348,4.9256236991276e-07,2.51779555597267e-05
"ENSG00000130202",0.374291145614796,4.95263856823615e-07,2.52950363521598e-05
"ENSG00000140497",0.374243117233837,4.97065368968439e-07,2.53659959102766e-05
"ENSG00000244482",0.374215222888863,4.98114540066317e-07,2.53984765980459e-05
"ENSG00000163820",0.374093602362382,5.02713751119088e-07,2.55905832083318e-05
"ENSG00000112249",0.374022256544879,5.0543062671152e-07,2.57076218928379e-05
"ENSG00000010278",0.373779056209079,5.14797615540416e-07,2.61624314209904e-05
"ENSG00000197471",0.373763979958323,5.15383712836998e-07,2.61706066195051e-05
"ENSG00000110799",0.373614738898226,5.21220040585975e-07,2.64451493634157e-05
"ENSG00000110108",0.373513676641363,5.25208060019716e-07,2.66255394117409e-05
"ENSG00000162692",0.373497682044516,5.25841889419518e-07,2.66357310637324e-05
"ENSG00000115919",0.373472452811989,5.26843152338634e-07,2.66583269283852e-05
"ENSG00000170345",0.37346462217745,5.27154294031015e-07,2.66583269283852e-05
"ENSG00000196843",0.373423075056744,5.28808062771405e-07,2.67200028039437e-05
"ENSG00000102524",0.373158518076031,5.39455527546268e-07,2.72133204813996e-05
"ENSG00000212743",0.373146368771069,5.39949380056387e-07,2.7215925181155e-05
"ENSG00000205744",0.373089766494669,5.42255884515768e-07,2.73098168221264e-05
"ENSG00000126804",0.373032044212193,5.44617722090728e-07,2.74063394017594e-05
"ENSG00000109320",0.372778132244932,5.55124318160727e-07,2.78747477948958e-05
"ENSG00000237484",0.372774292305639,5.55284687321953e-07,2.78747477948958e-05
"ENSG00000174851",0.372762610997611,5.55772811371421e-07,2.7876513368413e-05
"ENSG00000010704",0.372748547459232,5.56361025007706e-07,2.78832922826338e-05
"ENSG00000128591",0.372670594776638,5.59632230636837e-07,2.80016308961899e-05
"ENSG00000204392",0.372593357101026,5.62891550187048e-07,2.81390134948765e-05
"ENSG00000169239",0.372583888580319,5.6329235385558e-07,2.81390134948765e-05
"ENSG00000101187",0.372544525498766,5.64961522793791e-07,2.81995068603577e-05
"ENSG00000168040",0.372455000749001,5.6877538114388e-07,2.83668655244076e-05
"ENSG00000181481",0.372386000754157,5.71731632501681e-07,2.84681647173815e-05
"ENSG00000112096",0.372370788341796,5.72385368559553e-07,2.84776759277519e-05
"ENSG00000088205",0.372317164205694,5.74695504661737e-07,2.85464569321243e-05
"ENSG00000173889",0.372267652650625,5.76836376635612e-07,2.86296919061791e-05
"ENSG00000099250",0.372232435029337,5.78363815888711e-07,2.86823712208338e-05
"ENSG00000136636",0.372193576233902,5.80053661705554e-07,2.87430133301181e-05
"ENSG00000124795",0.37216587436675,5.81261206709916e-07,2.87796779611867e-05
"ENSG00000177485",0.371818144662259,5.96624746474385e-07,2.94929103590519e-05
"ENSG00000143537",0.371366980033959,6.17137112668355e-07,3.04091965268705e-05
"ENSG00000197019",0.371294103984028,6.20513001270252e-07,3.05510817201411e-05
"ENSG00000164244",0.371250203780946,6.2255512658985e-07,3.06271244691013e-05
"ENSG00000011198",0.371229361750682,6.23526890287204e-07,3.06504304599327e-05
"ENSG00000101670",0.371205100578895,6.24659896919028e-07,3.06816190710173e-05
"ENSG00000116670",0.371115068502507,6.28881644111791e-07,3.08643476118151e-05
"ENSG00000196924",0.370964307934771,6.36012135783804e-07,3.11639404147949e-05
"ENSG00000072786",0.370897136146476,6.39213952614336e-07,3.12716879965793e-05
"ENSG00000260604",0.370801544511056,6.43796985500734e-07,3.14708829830478e-05
"ENSG00000084652",0.370253467175686,6.70685769662916e-07,3.26040165941031e-05
"ENSG00000131236",0.370191543528885,6.737903196222e-07,3.27290855807645e-05
"ENSG00000164134",0.370132868041441,6.76744681243158e-07,3.28466677148493e-05
"ENSG00000116962",0.37002565558792,6.82174900846359e-07,3.30841387688639e-05
"ENSG00000117115",0.369932177923805,6.86943395332502e-07,3.32629774369343e-05
"ENSG00000043462",0.36976627498769,6.95484932409006e-07,3.36500980190093e-05
"ENSG00000101017",0.369741747738937,6.96756293822966e-07,3.36851291021529e-05
"ENSG00000101346",0.369728567588563,6.97440398671303e-07,3.36917361819676e-05
"ENSG00000171522",0.369642962039358,7.01899319594398e-07,3.3880542529504e-05
"ENSG00000035928",0.369621076373747,7.03043635738616e-07,3.39091830077566e-05
"ENSG00000105971",0.369565604767305,7.05952014481079e-07,3.40227962249206e-05
"ENSG00000171812",0.369473139404333,7.10825528074891e-07,3.4230865649328e-05
"ENSG00000068650",0.369452669247419,7.11908770256195e-07,3.4256226236628e-05
"ENSG00000177469",0.369429220616797,7.13151564480864e-07,3.42892186596956e-05
"ENSG00000178691",0.368986059171787,7.37032629531824e-07,3.52995612077094e-05
"ENSG00000100075",0.36892279288624,7.40503572557665e-07,3.54362416058424e-05
"ENSG00000204338",0.36891307673958,7.41038004463785e-07,3.54362416058424e-05
"ENSG00000135363",0.368892172795011,7.42189064350581e-07,3.5463729640056e-05
"ENSG00000153922",0.368818082325242,7.46282561792843e-07,3.56316632916825e-05
"ENSG00000160447",0.368749298493968,7.5010215394311e-07,3.57862689630037e-05
"ENSG00000248208",0.368720315529732,7.51717171275698e-07,3.58355395731925e-05
"ENSG00000136634",0.368682696484946,7.53818367870103e-07,3.58859740550726e-05
"ENSG00000128262",0.368680498339023,7.53941317646057e-07,3.58859740550726e-05
"ENSG00000253250",0.368606775107296,7.58076014414247e-07,3.60548919869478e-05
"ENSG00000100567",0.368572057186618,7.60030624365148e-07,3.6119941888748e-05
"ENSG00000136732",0.368545031043664,7.61555518526124e-07,3.61644852100091e-05
"ENSG00000173905",0.368525638704565,7.62651490333278e-07,3.61886070324374e-05
"ENSG00000275620",0.368511396686534,7.63457346847997e-07,3.61895414301926e-05
"ENSG00000257594",0.368504511262586,7.63847236413301e-07,3.61895414301926e-05
"ENSG00000067082",0.368430335164473,7.68059555519058e-07,3.63611209883576e-05
"ENSG00000090054",0.368410644412221,7.69181474817467e-07,3.6386244954778e-05
"ENSG00000197329",0.368385547218822,7.70613704497246e-07,3.64259983330096e-05
"ENSG00000149115",0.368293033222137,7.75915250171164e-07,3.66484483166033e-05
"ENSG00000125355",0.368227980978136,7.79663919070295e-07,3.67422948130736e-05
"ENSG00000253305",0.368227474388474,7.79693179284319e-07,3.67422948130736e-05
"ENSG00000114450",0.368207653059636,7.80838866619972e-07,3.67681309925475e-05
"ENSG00000162695",0.36788572752101,7.99672906756633e-07,3.76261998267815e-05
"ENSG00000115165",0.367668514892666,8.12624929975361e-07,3.81190462579296e-05
"ENSG00000089327",0.367588421365345,8.17451106138385e-07,3.82870706820249e-05
"ENSG00000180370",0.367548528831041,8.19865094990089e-07,3.8312663178489e-05
"ENSG00000274020",0.367424078760311,8.27439651457021e-07,3.86372882467913e-05
"ENSG00000165025",0.367276545569559,8.36505671626342e-07,3.90310121717753e-05
"ENSG00000054983",0.367148464535445,8.44453147066839e-07,3.93719882447587e-05
"ENSG00000213949",0.367115705805181,8.46497380964998e-07,3.94192164676298e-05
"ENSG00000136147",0.366949449944274,8.56945213950021e-07,3.98638218044899e-05
"ENSG00000239264",0.366903573207707,8.59849788227814e-07,3.99385625409001e-05
"ENSG00000184005",0.3668782213958,8.61458904588658e-07,3.99831273182537e-05
"ENSG00000138085",0.366475433077343,8.87413213899352e-07,4.11257220152272e-05
"ENSG00000170776",0.366380916806701,8.93610719149133e-07,4.13817743410942e-05
"ENSG00000170581",0.366220331658891,9.04235214696303e-07,4.18422947768942e-05
"ENSG00000161958",0.366069520901232,9.14322689845424e-07,4.22589945784456e-05
"ENSG00000184060",0.366065194966822,9.14613622424437e-07,4.22589945784456e-05
"ENSG00000182253",0.365842162098558,9.29733529720706e-07,4.28610639349297e-05
"ENSG00000104131",0.365811882809346,9.31804525248294e-07,4.29021748088601e-05
"ENSG00000065135",0.365749939079903,9.36054975988188e-07,4.30557305248259e-05
"ENSG00000102038",0.365688117775522,9.40315465553802e-07,4.32193988140726e-05
"ENSG00000164430",0.365628780619695,9.44422153195849e-07,4.33757589524518e-05
"ENSG00000151748",0.365616695745615,9.45260634550175e-07,4.33818944763281e-05
"ENSG00000247081",0.365530514427943,9.51260752994944e-07,4.35922500240662e-05
"ENSG00000196159",0.365492735355965,9.53902448472185e-07,4.36545302406908e-05
"ENSG00000176018",0.365457343886292,9.56383539419127e-07,4.3729322845476e-05
"ENSG00000184083",0.365361600146063,9.6312647210345e-07,4.40049410535522e-05
"ENSG00000118197",0.365316445601515,9.66322281671605e-07,4.40854992610802e-05
"ENSG00000013375",0.365283346807619,9.6867126913298e-07,4.4159929324089e-05
"ENSG00000163584",0.364912520795458,9.95363556895446e-07,4.53431937420972e-05
"ENSG00000129116",0.364826571911489,1.00164960930969e-06,4.55958014462688e-05
"ENSG00000151239",0.36478482730748,1.00471633397746e-06,4.57015979736207e-05
"ENSG00000079308",0.364765295531159,1.00615428964589e-06,4.57332050236089e-05
"ENSG00000276043",0.364670708940482,1.01314569845259e-06,4.60170028528162e-05
"ENSG00000176438",0.364626543719887,1.01642603722321e-06,4.61319498782191e-05
"ENSG00000110756",0.364605151998643,1.01801853080384e-06,4.61701786733908e-05
"ENSG00000165732",0.364551178854407,1.02204711283917e-06,4.63187536911441e-05
"ENSG00000011465",0.364275394059936,1.04287030684699e-06,4.70890756893551e-05
"ENSG00000106538",0.364213226111616,1.04761988525286e-06,4.72688549985351e-05
"ENSG00000147145",0.364160653602199,1.05165247388488e-06,4.74160438481838e-05
"ENSG00000058262",0.363919830259182,1.07031488636262e-06,4.81868759080475e-05
"ENSG00000163814",0.363907546012016,1.07127526134894e-06,4.81948572254817e-05
"ENSG00000090104",0.363866006170842,1.07452891296323e-06,4.83059221471213e-05
"ENSG00000145741",0.363848789305929,1.07588020261655e-06,4.83313658319949e-05
"ENSG00000143401",0.363765944070545,1.08240511945238e-06,4.85890158071317e-05
"ENSG00000105856",0.363623827508526,1.09368625276708e-06,4.90239087693351e-05
"ENSG00000105967",0.363609542014801,1.09482640876851e-06,4.90392987636459e-05
"ENSG00000067955",0.36339062154102,1.11244134165474e-06,4.97920654042176e-05
"ENSG00000163902",0.363367853812127,1.11428873152761e-06,4.98385070444297e-05
"ENSG00000145012",0.363351377087864,1.11562748905983e-06,4.98621482837316e-05
"ENSG00000135744",0.363278078072168,1.12160175074643e-06,5.00564598607241e-05
"ENSG00000197879",0.363215320082936,1.12674109304094e-06,5.02493868334144e-05
"ENSG00000156171",0.363098269459595,1.13638659579313e-06,5.05718644255894e-05
"ENSG00000250899",0.363087897024953,1.13724511880085e-06,5.05718644255894e-05
"ENSG00000095794",0.363087730855397,1.13725887763252e-06,5.05718644255894e-05
"ENSG00000138448",0.363048441995608,1.14051645270496e-06,5.06435386473839e-05
"ENSG00000008311",0.362968061394825,1.14720882993878e-06,5.09039799781918e-05
"ENSG00000142864",0.362936111669543,1.14987930558144e-06,5.09857146849452e-05
"ENSG00000068028",0.362715025581149,1.16852157442116e-06,5.17750120778803e-05
"ENSG00000196787",0.362664940596001,1.1727846620451e-06,5.1926517439499e-05
"ENSG00000116641",0.362545677997502,1.1829957238135e-06,5.23235818897334e-05
"ENSG00000156671",0.362501799640917,1.18677380061984e-06,5.2395126818757e-05
"ENSG00000175895",0.362281852582981,1.20588600179265e-06,5.32007513220981e-05
"ENSG00000115318",0.362220677544568,1.21125371773246e-06,5.33992828109789e-05
"ENSG00000168214",0.362193674174489,1.21363032943459e-06,5.34657587650123e-05
"ENSG00000155957",0.36215375817374,1.217151547726e-06,5.35825285073312e-05
"ENSG00000160685",0.362045121634186,1.22678439215276e-06,5.39294418790355e-05
"ENSG00000097007",0.3619931728727,1.23141635472576e-06,5.40944240794019e-05
"ENSG00000172201",0.361915484429997,1.23837449464086e-06,5.43508593021366e-05
"ENSG00000275379",0.361908296817091,1.23902014170183e-06,5.43508593021366e-05
"ENSG00000105755",0.361745348071163,1.25374385564454e-06,5.49575582989942e-05
"ENSG00000101849",0.361447039034042,1.28113166073186e-06,5.60383560256445e-05
"ENSG00000106333",0.361338690283941,1.29121963466569e-06,5.64059427035884e-05
"ENSG00000135241",0.361337099147116,1.29136834247621e-06,5.64059427035884e-05
"ENSG00000166272",0.361276463637787,1.29704752390214e-06,5.6613824688676e-05
"ENSG00000012223",0.361245646515192,1.2999430024781e-06,5.66999944326803e-05
"ENSG00000065978",0.361145855439774,1.30936139028965e-06,5.70703522691121e-05
"ENSG00000104219",0.360912890618139,1.33160267004475e-06,5.79167171203067e-05
"ENSG00000154380",0.360884327170954,1.33435428942366e-06,5.79954098787358e-05
"ENSG00000151233",0.360720027040655,1.35028745196937e-06,5.864650031334e-05
"ENSG00000164307",0.36069569457328,1.35266247623038e-06,5.87082224521317e-05
"ENSG00000170425",0.360610387503156,1.36102054786838e-06,5.89317432805058e-05
"ENSG00000275830",0.360603179372941,1.36172902450844e-06,5.89317432805058e-05
"ENSG00000070731",0.360599217724337,1.36211855885069e-06,5.89317432805058e-05
"ENSG00000091106",0.360593610914669,1.36267003734239e-06,5.89317432805058e-05
"ENSG00000277775",0.360593561406606,1.36267490783866e-06,5.89317432805058e-05
"ENSG00000196504",0.360211316690508,1.40077801914006e-06,6.0413092088266e-05
"ENSG00000073849",0.360139474119221,1.40805190348504e-06,6.06418099006882e-05
"ENSG00000185722",0.360077132931859,1.41439295158555e-06,6.08723075611055e-05
"ENSG00000153113",0.360031547261641,1.4190469230913e-06,6.10299258104341e-05
"ENSG00000128595",0.360000051165569,1.42227097009673e-06,6.11258691226487e-05
"ENSG00000036054",0.359957917940408,1.42659478534673e-06,6.12689110044517e-05
"ENSG00000100325",0.359850570058398,1.43766777321578e-06,6.17014124370933e-05
"ENSG00000253276",0.35976998491474,1.44603393690772e-06,6.19923417231567e-05
"ENSG00000135148",0.359765882174258,1.44646111260973e-06,6.19923417231567e-05
"ENSG00000196209",0.359689365746809,1.45445004052402e-06,6.22480342795621e-05
"ENSG00000156535",0.359664196316662,1.45708710761087e-06,6.23175600770001e-05
"ENSG00000055070",0.359624592442063,1.46124573554058e-06,6.24520191306317e-05
"ENSG00000135917",0.359417672732141,1.4831580093083e-06,6.33445361033104e-05
"ENSG00000277351",0.359382146912904,1.48695145537451e-06,6.34625106585082e-05
"ENSG00000163083",0.359302091365579,1.49553370110488e-06,6.3740392036564e-05
"ENSG00000188647",0.359134155992064,1.51369057752815e-06,6.44250158391372e-05
"ENSG00000127954",0.359121884992175,1.51502549780918e-06,6.44372696870548e-05
"ENSG00000100439",0.358949598541316,1.5338867849595e-06,6.51900917479466e-05
"ENSG00000104974",0.358859806167384,1.54380539334041e-06,6.55254890536153e-05
"ENSG00000168385",0.358837404602817,1.54628941260459e-06,6.55264437138447e-05
"ENSG00000158290",0.358832031649519,1.54688576366676e-06,6.55264437138447e-05
"ENSG00000179218",0.35883080436634,1.54702201215742e-06,6.55264437138447e-05
"ENSG00000169896",0.358626556416822,1.56985684947641e-06,6.64022473843136e-05
"ENSG00000110324",0.35857390169291,1.57579547808505e-06,6.66076627082874e-05
"ENSG00000184566",0.358375626446661,1.5983504165142e-06,6.74683662784295e-05
"ENSG00000162704",0.358359421458741,1.60020735808714e-06,6.75004534928822e-05
"ENSG00000137962",0.358190855246137,1.61964575305445e-06,6.82268844804811e-05
"ENSG00000137496",0.358134683654265,1.62617305520695e-06,6.84549894046898e-05
"ENSG00000039123",0.357782271496936,1.66769967168961e-06,7.00593232726728e-05
"ENSG00000278869",0.357619950603659,1.68716476625265e-06,7.07804147063757e-05
"ENSG00000173947",0.357544928818894,1.69623412037343e-06,7.11124200982715e-05
"ENSG00000183291",0.357517579459058,1.69955190800232e-06,7.11908059162353e-05
"ENSG00000162889",0.357396917629837,1.71426348495923e-06,7.16661188278348e-05
"ENSG00000153936",0.357357650262439,1.71907722144628e-06,7.17767221958546e-05
"ENSG00000066468",0.357315217897673,1.72429342182063e-06,7.19457046457821e-05
"ENSG00000161526",0.357293796947089,1.72693241628422e-06,7.2006997715309e-05
"ENSG00000145246",0.357175747417115,1.74154489929237e-06,7.25671220596136e-05
"ENSG00000084093",0.35700917527101,1.76236406780164e-06,7.33353172337959e-05
"ENSG00000137331",0.35692530769687,1.77293582993375e-06,7.37253802144882e-05
"ENSG00000099337",0.356660757707754,1.80668027792239e-06,7.49766224035437e-05
"ENSG00000145388",0.356593079315439,1.81541067688061e-06,7.52881635430864e-05
"ENSG00000153207",0.356583598594984,1.81663687709846e-06,7.52882828041399e-05
"ENSG00000137713",0.356554831089476,1.82036238547805e-06,7.53919129554919e-05
"ENSG00000159128",0.356510813466781,1.82607693128806e-06,7.55199053164346e-05
"ENSG00000256235",0.356291196325422,1.85484466558417e-06,7.6562414553127e-05
"ENSG00000138767",0.356203381291465,1.86646792970214e-06,7.693898343308e-05
"ENSG00000083223",0.356018436170123,1.8911746431888e-06,7.77491330931272e-05
"ENSG00000171766",0.355883244009843,1.90943155296242e-06,7.83949669749961e-05
"ENSG00000164022",0.355742004975653,1.92868422530816e-06,7.9022171833759e-05
"ENSG00000140368",0.355733539097588,1.92984408335727e-06,7.9022171833759e-05
"ENSG00000177409",0.355714139329889,1.93250443147001e-06,7.90784925069086e-05
"ENSG00000178904",0.355595500217594,1.94884988911834e-06,7.9641445933532e-05
"ENSG00000178685",0.355572437322953,1.9520426131294e-06,7.97189851243769e-05
"ENSG00000175105",0.355495914761839,1.96267176317884e-06,8.00999144516435e-05
"ENSG00000090924",0.355472415065925,1.96594696505132e-06,8.01804108794687e-05
"ENSG00000101384",0.355456747280019,1.96813350744585e-06,8.0216429524667e-05
"ENSG00000107798",0.355438341431817,1.97070512178934e-06,8.02357361969607e-05
"ENSG00000150782",0.355434697443067,1.97121462904271e-06,8.02357361969607e-05
"ENSG00000164938",0.355398960848008,1.97621801615519e-06,8.03862270893953e-05
"ENSG00000135048",0.355328728654962,1.98608629045354e-06,8.07342765255435e-05
"ENSG00000168477",0.355234124101973,1.9994532813607e-06,8.1223995213243e-05
"ENSG00000089351",0.354950818227291,2.03999664327525e-06,8.27617359352224e-05
"ENSG00000116266",0.354933875166627,2.04244596733732e-06,8.28065181909142e-05
"ENSG00000171223",0.354784662055469,2.06413773840693e-06,8.36308709496483e-05
"ENSG00000064666",0.35477226652388,2.06594956293658e-06,8.36492104614268e-05
"ENSG00000123131",0.354568897109512,2.09589259850215e-06,8.46944281564126e-05
"ENSG00000130066",0.354406335339737,2.12012392121314e-06,8.55793421696694e-05
"ENSG00000289331",0.354398460311979,2.12130451152301e-06,8.55793421696694e-05
"ENSG00000165424",0.354391034596797,2.12241831597233e-06,8.55793421696694e-05
"ENSG00000100266",0.354338432919348,2.13032414451265e-06,8.57838222459658e-05
"ENSG00000138867",0.354332520660904,2.13121448417525e-06,8.57838222459658e-05
"ENSG00000047648",0.354218032760044,2.14852545157151e-06,8.63676357880582e-05
"ENSG00000144655",0.354181923463705,2.15401300500212e-06,8.65317078197458e-05
"ENSG00000076067",0.354116575428875,2.16397791912958e-06,8.68171250086337e-05
"ENSG00000050405",0.354107601456325,2.16534978045387e-06,8.68171250086337e-05
"ENSG00000101276",0.353918097240296,2.19451352616781e-06,8.79291279000467e-05
"ENSG00000169397",0.353870625006908,2.20187759888612e-06,8.81082190958825e-05
"ENSG00000113657",0.353865861891942,2.20261776808682e-06,8.81082190958825e-05
"ENSG00000102854",0.353852407805834,2.20470975899615e-06,8.81082190958825e-05
"ENSG00000172493",0.3536993844862,2.22863696937118e-06,8.88912726137266e-05
"ENSG00000184588",0.353686145130279,2.23071869130147e-06,8.89166781978354e-05
"ENSG00000101310",0.353567373156842,2.24947703069695e-06,8.95505378227899e-05
"ENSG00000112531",0.353567033251521,2.24953092866946e-06,8.95505378227899e-05
"ENSG00000062650",0.35339419686501,2.27709694299624e-06,9.05893046281582e-05
"ENSG00000121797",0.353170255226502,2.31329211537399e-06,9.19104260481452e-05
"ENSG00000239998",0.353115370216659,2.32224621638532e-06,9.22066588007859e-05
"ENSG00000242616",0.35294870697517,2.34963869575023e-06,9.3114078487606e-05
"ENSG00000120280",0.352713676128609,2.38879087343217e-06,9.46047268433136e-05
"ENSG00000167460",0.352692693041752,2.39231632231209e-06,9.46225679565393e-05
"ENSG00000076716",0.352675330779235,2.39523716458285e-06,9.46437279279846e-05
"ENSG00000075884",0.352671233461286,2.3959269483914e-06,9.46437279279846e-05
"ENSG00000278677",0.352653564458282,2.3989036918127e-06,9.47005316285571e-05
"ENSG00000168743",0.352609391283529,2.40636106470075e-06,9.48812093292533e-05
"ENSG00000275713",0.352608191710856,2.40656388539849e-06,9.48812093292533e-05
"ENSG00000138756",0.352410905316993,2.44014277391011e-06,9.60699090292305e-05
"ENSG00000167900",0.352321727554395,2.45546700962373e-06,9.65618285241423e-05
"ENSG00000075420",0.352265247873322,2.46521973943275e-06,9.68834506025855e-05
"ENSG00000213782",0.352229835483792,2.47135342080036e-06,9.70625238862394e-05
"ENSG00000143162",0.352174006016311,2.48105298292112e-06,9.72572769305081e-05
"ENSG00000175857",0.352147974703493,2.48558791605962e-06,9.73730252743306e-05
"ENSG00000151491",0.352056660226039,2.50155829986204e-06,9.7874064848512e-05
"ENSG00000138135",0.351962114843625,2.51819657905126e-06,9.84624461633615e-05
"ENSG00000125538",0.351941179796705,2.52189497786171e-06,9.85444473127119e-05
"ENSG00000288696",0.351922664159518,2.52517026736492e-06,9.86098216590778e-05
"ENSG00000286522",0.351883462336799,2.53211815910816e-06,9.87875668182945e-05
"ENSG00000186340",0.351868837348096,2.53471485727992e-06,9.87944845955891e-05
"ENSG00000142583",0.351771111112747,2.55213148520389e-06,9.93474890103656e-05
"ENSG00000152213",0.351649590081605,2.57394759697631e-06,0.000100070139550417
"ENSG00000130052",0.351409767674149,2.6175233532145e-06,0.000101571788934573
"ENSG00000117394",0.351390576054771,2.62104062888423e-06,0.000101644186807846
"ENSG00000110047",0.351372715252634,2.6243180419078e-06,0.000101707197462956
"ENSG00000184840",0.351186850690358,2.65865586250234e-06,0.000102843693527243
"ENSG00000173269",0.35112832053711,2.66955727809291e-06,0.000103150825628228
"ENSG00000185033",0.351086009605617,2.67746427462985e-06,0.000103311511798006
"ENSG00000169403",0.351051009380701,2.68402188668026e-06,0.000103447951276557
"ENSG00000182871",0.350961207408406,2.70091705140749e-06,0.000104020800382868
"ENSG00000119535",0.350851489497414,2.72169645210448e-06,0.000104690054030199
"ENSG00000158296",0.350802138662115,2.73109246343541e-06,0.000104930878726249
"ENSG00000181856",0.350792014541891,2.73302382588192e-06,0.000104930878726249
"ENSG00000183943",0.350673370623954,2.75575435598835e-06,0.000105735751923284
"ENSG00000154309",0.350621479730389,2.76575233977337e-06,0.000105987211705487
"ENSG00000124201",0.35021196298148,2.84587440770242e-06,0.000108719115175442
"ENSG00000164136",0.350104119946401,2.86733822689817e-06,0.000109471131412048
"ENSG00000173597",0.349851143688022,2.91829331448219e-06,0.000111338950735994
"ENSG00000139083",0.349843336150777,2.91987954126956e-06,0.000111338950735994
"ENSG00000158092",0.349600662297951,2.96959335283988e-06,0.000113164491211874
"ENSG00000136986",0.349555722551171,2.97888751663117e-06,0.000113448424086354
"ENSG00000198000",0.349426306488777,3.00580729752913e-06,0.000114261522124233
"ENSG00000258667",0.349377371048818,3.01604646928119e-06,0.000114579977719408
"ENSG00000152240",0.34926677800531,3.03930906373932e-06,0.000115392496618614
"ENSG00000105851",0.34906380175876,3.08244841437352e-06,0.000116958202968066
"ENSG00000288736",0.349053570493724,3.08463824291652e-06,0.0001169691780789
"ENSG00000229671",0.348993276063417,3.09757330951109e-06,0.000117315108775723
"ENSG00000143751",0.348705132208087,3.16010453667982e-06,0.000119406157122899
"ENSG00000150907",0.34870311824686,3.16054578761865e-06,0.000119406157122899
"ENSG00000171700",0.348524043319317,3.20001537272953e-06,0.000120675089521609
"ENSG00000104320",0.348285477037926,3.25332561375979e-06,0.000122610331643131
"ENSG00000124635",0.348259674307747,3.25914183622078e-06,0.000122679281448546
"ENSG00000143578",0.348224618811813,3.26705957067543e-06,0.000122902148054797
"ENSG00000173542",0.348011897999558,3.31549875361117e-06,0.000124648170612246
"ENSG00000113615",0.347974111591326,3.32417426986875e-06,0.000124898034960197
"ENSG00000288840",0.347959179916171,3.32760842990696e-06,0.000124950782922632
"ENSG00000156508",0.347903599038316,3.34042122327353e-06,0.000125279027279187
"ENSG00000108424",0.347834960682859,3.35630880134162e-06,0.000125798214902417
"ENSG00000163739",0.347782606056165,3.36847546829487e-06,0.000126100641253491
"ENSG00000163431",0.347770981707165,3.37118252564227e-06,0.000126125262831689
"ENSG00000118564",0.3477392650707,3.37857915852404e-06,0.000126325197893198
"ENSG00000131080",0.347652976063175,3.39878074354745e-06,0.00012700337709829
"ENSG00000181704",0.347374516408318,3.46475823446492e-06,0.000129311753051491
"ENSG00000129465",0.347318296372752,3.47822570237271e-06,0.000129735710682925
"ENSG00000136770",0.347257241293292,3.49290773935878e-06,0.00013020442998855
"ENSG00000167470",0.347086133650123,3.53436876320411e-06,0.000131590557267171
"ENSG00000152779",0.34702019230807,3.55047146992366e-06,0.000132110166955853
"ENSG00000177694",0.346950807800581,3.5674902398184e-06,0.000132663214090262
"ENSG00000086189",0.346819266985004,3.5999678193842e-06,0.000133628721035091
"ENSG00000205581",0.346598530086583,3.65510012376507e-06,0.000135348665473524
"ENSG00000178726",0.346465006130324,3.68883808584484e-06,0.00013643380478079
"ENSG00000027075",0.346400329070006,3.70528642563279e-06,0.000136920604029346
"ENSG00000108588",0.346395766147654,3.70644947213199e-06,0.000136920604029346
"ENSG00000177683",0.346038615639745,3.79856761984018e-06,0.000139818510547802
"ENSG00000142694",0.346030067181448,3.80079891047824e-06,0.000139818510547802
"ENSG00000115590",0.345969849792782,3.81655196856929e-06,0.00014031414238568
"ENSG00000188641",0.345943194377653,3.82354489453623e-06,0.000140458330553558
"ENSG00000173068",0.345937507561567,3.82503837917202e-06,0.000140458330553558
"ENSG00000173530",0.345853013291789,3.8472938440233e-06,0.00014119132518579
"ENSG00000153214",0.345730438443095,3.8797983422645e-06,0.00014212994593829
"ENSG00000139155",0.345716338428173,3.88355408047494e-06,0.000142182898470404
"ENSG00000140612",0.345647775077236,3.90186617477473e-06,0.000142768401819463
"ENSG00000113658",0.345366569814958,3.97783283467289e-06,0.000145375144879518
"ENSG00000150630",0.345341110729246,3.98477943820176e-06,0.000145542590946403
"ENSG00000103966",0.345158558277428,4.03492809889762e-06,0.000147199534628663
"ENSG00000108479",0.345122190652485,4.04498992566282e-06,0.000147479182455564
"ENSG00000170242",0.345111823366578,4.04786260345001e-06,0.000147496540003983
"ENSG00000105707",0.345071269136285,4.0591184252583e-06,0.00014781916234562
"ENSG00000140262",0.344994767183766,4.0804325074951e-06,0.000148507473826894
"ENSG00000104081",0.344940496686464,4.09561712027714e-06,0.00014894398754716
"ENSG00000123353",0.344934613154613,4.0972665234197e-06,0.00014894398754716
"ENSG00000240758",0.344903819481701,4.10590959029711e-06,0.000149170070735092
"ENSG00000120594",0.344841285015285,4.12351487193782e-06,0.000149721297509464
"ENSG00000106278",0.344818124204509,4.1300534915506e-06,0.000149870290143862
"ENSG00000197157",0.344808153934947,4.13287126816772e-06,0.000149884165779678
"ENSG00000139668",0.344659585583983,4.17507624275347e-06,0.0001513256138304
"ENSG00000223773",0.344630578445531,4.18336414321238e-06,0.000151447625194037
"ENSG00000223773",0.344630578445531,4.18336414321238e-06,0.000151447625194037
"ENSG00000231991",0.344616542325527,4.18738014090348e-06,0.000151503893822318
"ENSG00000108654",0.344490265122493,4.2236754216323e-06,0.000152637627803252
"ENSG00000095209",0.344426891965967,4.24200286827105e-06,0.000153209990918353
"ENSG00000065243",0.344363235040661,4.26048838885331e-06,0.000153787388506503
"ENSG00000116062",0.344297431243372,4.27967773655371e-06,0.000154389499776355
"ENSG00000134910",0.344253265681523,4.29260305385836e-06,0.000154765062886151
"ENSG00000068724",0.344181596321717,4.3136564335749e-06,0.000155433062967174
"ENSG00000146247",0.34413165117447,4.32838610325975e-06,0.000155781400198256
"ENSG00000198538",0.34390854888417,4.39476783726029e-06,0.000157893515339374
"ENSG00000136560",0.343842719185286,4.41453871817497e-06,0.000158511301558553
"ENSG00000119638",0.343737166654775,4.44641606522595e-06,0.000159562816512108
"ENSG00000073584",0.343715036723899,4.45312706119915e-06,0.000159710519728695
"ENSG00000115602",0.343164711549638,4.62314183124443e-06,0.000165615041246861
"ENSG00000197461",0.343075198463753,4.65137162977155e-06,0.000166432567199221
"ENSG00000111144",0.343018986223848,4.66918287975207e-06,0.00016687583690561
"ENSG00000180628",0.342993875745897,4.67716021701166e-06,0.000167063928262197
"ENSG00000118515",0.342735810995795,4.75989790631028e-06,0.000169723729285029
"ENSG00000106546",0.342726615512261,4.76287153500555e-06,0.000169731421974743
"ENSG00000172888",0.342696814340013,4.77252073817176e-06,0.000169976861290534
"ENSG00000148773",0.34265977013821,4.78454100183088e-06,0.000170306414931567
"ENSG00000178607",0.342544506389663,4.82212636177523e-06,0.000171476274018366
"ENSG00000047230",0.342541900957988,4.82297917466838e-06,0.000171476274018366
"ENSG00000090376",0.342458324922037,4.85041144901164e-06,0.000172261970781838
"ENSG00000106948",0.342457521532479,4.85067586385229e-06,0.000172261970781838
"ENSG00000161813",0.342431064731428,4.85939108144645e-06,0.000172404665816095
"ENSG00000107249",0.342428318369261,4.86029662015672e-06,0.000172404665816095
"ENSG00000163154",0.342161237701804,4.94912847967483e-06,0.000175051243191441
"ENSG00000125454",0.341870500263698,5.04757950357988e-06,0.000178226180704716
"ENSG00000233013",0.341783388384822,5.07743778291878e-06,0.000179045822159919
"ENSG00000250771",0.3417773303811,5.07952043239339e-06,0.000179045822159919
"ENSG00000196935",0.341761273658089,5.08504441189671e-06,0.000179137935481266
"ENSG00000122863",0.341751425911153,5.08843514292979e-06,0.000179154835489972
"ENSG00000140968",0.341726386806139,5.09706615837722e-06,0.00017935611186459
"ENSG00000119408",0.341642586778385,5.12605331154968e-06,0.000180273042860579
"ENSG00000120063",0.341241972350084,5.26680404126717e-06,0.000184800563235888
"ENSG00000076770",0.341197526851771,5.28264344208637e-06,0.000185250716808982
"ENSG00000155508",0.341123517432153,5.30911911385332e-06,0.000186073135958422
"ENSG00000107201",0.341092828681313,5.32013440238389e-06,0.000186353074365574
"ENSG00000104205",0.341056677331199,5.33313823052385e-06,0.000186596167856373
"ENSG00000130513",0.340972761814914,5.36343942052106e-06,0.000187502372104167
"ENSG00000103196",0.340946616209347,5.37291370596474e-06,0.000187667764540235
"ENSG00000271601",0.34092666470741,5.38015413641423e-06,0.000187814070431921
"ENSG00000072694",0.340800516823175,5.4261481408033e-06,0.000188990866540803
"ENSG00000137801",0.340735474484462,5.45000834054962e-06,0.00018971454372782
"ENSG00000113583",0.340714057521063,5.45788672208237e-06,0.000189881390855759
"ENSG00000088451",0.340688279315705,5.46738374657045e-06,0.000190104330677363
"ENSG00000071537",0.340624401154527,5.49098489243673e-06,0.000190817150886576
"ENSG00000176105",0.340585427898741,5.50543183073593e-06,0.000191103382171919
"ENSG00000153551",0.340534333449147,5.52442658875548e-06,0.00019165462794722
"ENSG00000122679",0.340059001649693,5.70413943579649e-06,0.000197283637304382
"ENSG00000126787",0.339908682376648,5.76211665711692e-06,0.000199003202887544
"ENSG00000095319",0.339778470169044,5.81279009026082e-06,0.000200528224952361
"ENSG00000105122",0.339469233538889,5.93483193329596e-06,0.000204623695519757
"ENSG00000139263",0.339448804853348,5.94297920705005e-06,0.000204789872518862
"ENSG00000187840",0.339306586264078,5.999992835909e-06,0.000206523243340707
"ENSG00000231246",0.339050689304267,6.10388739020464e-06,0.000209864606448466
"ENSG00000196747",0.338911349291787,6.16117474078079e-06,0.000211361949970241
"ENSG00000138785",0.338843138201135,6.18940414065339e-06,0.000212093924516911
"ENSG00000115267",0.338615419155175,6.28453731571109e-06,0.000214994755174054
"ENSG00000162924",0.338505209601767,6.33107540682706e-06,0.00021634631029304
"ENSG00000175215",0.338418377987791,6.36797166858047e-06,0.000217365750621806
"ENSG00000187479",0.338311087051692,6.41384307870809e-06,0.000218629350134293
"ENSG00000235501",0.338158854845037,6.47946669497734e-06,0.000220681958093905
"ENSG00000151914",0.338069129861658,6.51844260674401e-06,0.00022188663262691
"ENSG00000206527",0.338022643938432,6.53872308125128e-06,0.000222453937707313
"ENSG00000189079",0.33793951150093,6.57514061225224e-06,0.000223534275114223
"ENSG00000185905",0.3379335891899,6.5777423019605e-06,0.000223534275114223
"ENSG00000083520",0.337912475527895,6.58702554384024e-06,0.000223726214166724
"ENSG00000054219",0.337872601072383,6.60459140952045e-06,0.000224075509210323
"ENSG00000148671",0.337621639949094,6.71617060626972e-06,0.000227234746449843
"ENSG00000112378",0.337613238322881,6.7199367700256e-06,0.000227237246469481
"ENSG00000101844",0.337575879157474,6.73670787290397e-06,0.000227679269264142
"ENSG00000168938",0.337492528251899,6.77426850144796e-06,0.000228823040973169
"ENSG00000109113",0.337396844658764,6.81763138175752e-06,0.000230161440350458
"ENSG00000175309",0.337277180337736,6.87223244592807e-06,0.000231750506110793
"ENSG00000144857",0.337255599480544,6.88212348635002e-06,0.000231887556612143
"ENSG00000119321",0.337229762254004,6.89398307502837e-06,0.000231887556612143
"ENSG00000289268",0.337227253502418,6.89513565254486e-06,0.000231887556612143
"ENSG00000206337",0.337117761549117,6.94561706590961e-06,0.000233457704371568
"ENSG00000163041",0.33705448444544,6.97495058184391e-06,0.000234187866126024
"ENSG00000188820",0.337022140155636,6.98998981342869e-06,0.000234564849006355
"ENSG00000184640",0.336957584939008,7.02009820547598e-06,0.00023544682504513
"ENSG00000132646",0.33688661233694,7.05334149370047e-06,0.000236432924231101
"ENSG00000068097",0.336831415239446,7.07929868378721e-06,0.00023704480859358
"ENSG00000112299",0.336822099981473,7.08368823057053e-06,0.000237062810474297
"ENSG00000167617",0.336771098480451,7.10776697983665e-06,0.000237651296958365
"ENSG00000107099",0.3367443296866,7.12043604357372e-06,0.000237904514585071
"ENSG00000136250",0.336648907484081,7.16577155558737e-06,0.000239159568664354
"ENSG00000274641",0.336604815166829,7.18681229629721e-06,0.000239731802690144
"ENSG00000138356",0.336560732514582,7.20790694937702e-06,0.000240305214134593
"ENSG00000123427",0.33647211476386,7.2504904409382e-06,0.000241554465664545
"ENSG00000006534",0.336466435081251,7.25322781340307e-06,0.000241554465664545
"ENSG00000173846",0.336442878975182,7.26459134196363e-06,0.000241802060329805
"ENSG00000150593",0.336245101938766,7.3606672583056e-06,0.000244735227306948
"ENSG00000157020",0.336156225103265,7.40423276845749e-06,0.000246050810746192
"ENSG00000108582",0.336101873933203,7.43099482458221e-06,0.000246806878296863
"ENSG00000119943",0.33599768891871,7.48255110532095e-06,0.000248251280445214
"ENSG00000044459",0.335914165461596,7.52412754813869e-06,0.000249496177706168
"ENSG00000111581",0.335812007174009,7.57527770326012e-06,0.000251057022600668
"ENSG00000167173",0.335480357488493,7.7436136874011e-06,0.000256359849799577
"ENSG00000111602",0.335439547670696,7.76457080045463e-06,0.000256915454485581
"ENSG00000170275",0.335366161979577,7.80239190761513e-06,0.000258028160968439
"ENSG00000158813",0.33534609376377,7.81276490450493e-06,0.000258232440001531
"ENSG00000163874",0.335289673430397,7.84199788061753e-06,0.00025905953707178
"ENSG00000111727",0.335254192802008,7.86043444431459e-06,0.00025952927974297
"ENSG00000130741",0.335106926627124,7.93739724831048e-06,0.000261509194994658
"ENSG00000138180",0.334922786078157,8.03463559826639e-06,0.000264571221647783
"ENSG00000088448",0.334810305850729,8.09458663089103e-06,0.000266256522503256
"ENSG00000197056",0.334805863936662,8.09696281017546e-06,0.000266256522503256
"ENSG00000185989",0.334802440664419,8.09879452304197e-06,0.000266256522503256
"ENSG00000008988",0.334757963884364,8.12262871646638e-06,0.000266897523612497
"ENSG00000154767",0.334547392900538,8.23637414776837e-06,0.00027034635229347
"ENSG00000169439",0.334534730779852,8.24326179339235e-06,0.000270428200326513
"ENSG00000157766",0.33442420362893,8.30361587996753e-06,0.000272263045134108
"ENSG00000096717",0.33440136511742,8.31613907127238e-06,0.000272404447684096
"ENSG00000085276",0.334400195686588,8.3167807942028e-06,0.000272404447684096
"ENSG00000105372",0.334273903669033,8.38636002546227e-06,0.000274287640264882
"ENSG00000129244",0.334271577300311,8.38764687018244e-06,0.000274287640264882
"ENSG00000197956",0.333775416113412,8.66641656665452e-06,0.00028250314681048
"ENSG00000050327",0.333709979331461,8.70383070033685e-06,0.000283572555119921
"ENSG00000047634",0.333655960540954,8.73483168979793e-06,0.00028428158726437
"ENSG00000120370",0.333632925729116,8.74808297701138e-06,0.00028456237776807
"ENSG00000130340",0.333590557354412,8.77250605214615e-06,0.000285206081602368
"ENSG00000204267",0.333497082413052,8.82661787136907e-06,0.00028666246452535
"ENSG00000139323",0.333477415053848,8.83804330965725e-06,0.000286882140005035
"ENSG00000135476",0.333444803550294,8.85701931240603e-06,0.0002873465453678
"ENSG00000173821",0.333280955922419,8.95294439303274e-06,0.000290117991406794
"ENSG00000167601",0.333044766704659,9.09295470390478e-06,0.000294225449157264
"ENSG00000005893",0.332896686379082,9.18178972774185e-06,0.000296943808199761
"ENSG00000284669",0.332835822226413,9.21854056543255e-06,0.000297975767100305
"ENSG00000164754",0.332700614941941,9.30068004776607e-06,0.000300472993627147
"ENSG00000198818",0.332601515150164,9.36132349503888e-06,0.000302114993801087
"ENSG00000229644",0.332417666097918,9.47482145330842e-06,0.000304978248704191
"ENSG00000163221",0.332391935658832,9.4908094980627e-06,0.000305214250786011
"ENSG00000111596",0.332313098602413,9.53995540437805e-06,0.000306380030715329
"ENSG00000135679",0.332281566112867,9.55967968361829e-06,0.000306747094081649
"ENSG00000134333",0.332233792646765,9.58963662637522e-06,0.000307547991940405
"ENSG00000110713",0.332211513745736,9.6036372517471e-06,0.00030783658907371
"ENSG00000214688",0.332191626796339,9.61615105759001e-06,0.000308077251789859
"ENSG00000104419",0.332146132021036,9.64483658696473e-06,0.000308835495789884
"ENSG00000241399",0.332066852956743,9.69501757433594e-06,0.000310119626608592
"ENSG00000204381",0.332043074410414,9.71011671224958e-06,0.000310441258669448
"ENSG00000115415",0.331810209776117,9.85916452114816e-06,0.000314675211062158
"ENSG00000214717",0.331804261250922,9.86300016474235e-06,0.000314675211062158
"ENSG00000214717",0.331804261250922,9.86300016474235e-06,0.000314675211062158
"ENSG00000123094",0.331762231766775,9.89014129423066e-06,0.000315041292663836
"ENSG00000223865",0.331755034315368,9.89479623346239e-06,0.000315041292663836
"ENSG00000094880",0.3317303571919,9.91077186934821e-06,0.000315381873798948
"ENSG00000124942",0.331660070103717,9.95640868840433e-06,0.000316506826611134
"ENSG00000078177",0.331603974202746,9.99297393596988e-06,0.00031750520800998
"ENSG00000213625",0.331498770682015,1.00618921978944e-05,0.00031936518485158
"ENSG00000163527",0.331450373907328,1.00937475219633e-05,0.000320211132727684
"ENSG00000169291",0.331409245013502,1.01208940461158e-05,0.000320741659718925
"ENSG00000108055",0.33137798216977,1.01415748371525e-05,0.000321066400091417
"ENSG00000173918",0.331359911150856,1.01535472934261e-05,0.000321280161761757
"ENSG00000168476",0.33118511237845,1.02700479635357e-05,0.000324299554575597
"ENSG00000186130",0.33116346561017,1.02845629165575e-05,0.000324591353916213
"ENSG00000173145",0.331143349617428,1.02980688303941e-05,0.000324770650365021
"ENSG00000136689",0.33113928783013,1.03007979577623e-05,0.000324770650365021
"ENSG00000173559",0.331082982027969,1.03387005800204e-05,0.000325798765231322
"ENSG00000159110",0.331074494233312,1.03444256299453e-05,0.000325812349523721
"ENSG00000161533",0.33100999768235,1.0388026920132e-05,0.000326850134884251
"ENSG00000181163",0.330988455003912,1.04026290187008e-05,0.000326976200371258
"ENSG00000169508",0.330773241169808,1.05495759126974e-05,0.000331256683658699
"ENSG00000146457",0.330738156507653,1.05737169636734e-05,0.000331845403779864
"ENSG00000134574",0.33071778966941,1.05877549473182e-05,0.000332116610844929
"ENSG00000106366",0.330636325156686,1.06440814695834e-05,0.000333713372370882
"ENSG00000249574",0.3306064765004,1.06647904373225e-05,0.000334022321971796
"ENSG00000116212",0.330594943478435,1.06728022431632e-05,0.000334103225459429
"ENSG00000147872",0.330329980704554,1.08584437257843e-05,0.000338708596380977
"ENSG00000115271",0.329987830986179,1.11026873406365e-05,0.000345451865365083
"ENSG00000168890",0.329836875117735,1.12120916275037e-05,0.000348503518749033
"ENSG00000288928",0.32980085997579,1.12383436464397e-05,0.000348835433523975
"ENSG00000136940",0.329798899657762,1.12397742213383e-05,0.000348835433523975
"ENSG00000153071",0.329744667172546,1.12794196643734e-05,0.000349889417250098
"ENSG00000279932",0.329655113417792,1.13451756647991e-05,0.000351655433436007
"ENSG00000271605",0.329651578463981,1.13477786754827e-05,0.000351655433436007
"ENSG00000141232",0.329569090323182,1.14086805820408e-05,0.000353364790005597
"ENSG00000054179",0.329461135465794,1.14888520640089e-05,0.000355311513280083
"ENSG00000173039",0.329220283710426,1.16696430159474e-05,0.000360540416552946
"ENSG00000101782",0.328945107434,1.18794920638464e-05,0.000366196009508507
"ENSG00000145721",0.328941263150136,1.18824488331679e-05,0.000366196009508507
"ENSG00000124126",0.328711147027609,1.20607123355283e-05,0.000371503743732609
"ENSG00000126353",0.328691457312212,1.20760822207518e-05,0.000371791097645797
"ENSG00000184661",0.328670426436158,1.20925194818696e-05,0.000372111009496092
"ENSG00000111077",0.328661485581269,1.20995138616309e-05,0.000372140170464874
"ENSG00000159658",0.328626702713014,1.21267607140485e-05,0.00037260577203465
"ENSG00000106351",0.328596578935982,1.21504047884397e-05,0.000373145964221425
"ENSG00000272601",0.328556737797357,1.21817429631607e-05,0.000373921789987413
"ENSG00000108828",0.328457704651942,1.22599717707556e-05,0.000375948033213445
"ENSG00000119929",0.328438696625816,1.22750409383541e-05,0.000376222669078718
"ENSG00000172007",0.328430937136381,1.22811975334759e-05,0.00037622400248892
"ENSG00000139618",0.328364875992838,1.23337306742831e-05,0.000377561530868806
"ENSG00000109099",0.328340865226414,1.23528771163447e-05,0.00037785560101805
"ENSG00000114779",0.328326481469142,1.23643603371173e-05,0.000377941997084497
"ENSG00000196968",0.328321945642507,1.23679835910597e-05,0.000377941997084497
"ENSG00000125637",0.328303902380827,1.23824066339438e-05,0.000378194954778876
"ENSG00000101367",0.328272312499144,1.2407696597583e-05,0.000378779404465103
"ENSG00000146373",0.32824789072976,1.24272814430908e-05,0.000379189196397411
"ENSG00000181450",0.328230708984245,1.24410777229412e-05,0.000379325513298087
"ENSG00000162607",0.328208277291613,1.24591113069996e-05,0.000379407989251848
"ENSG00000125430",0.328101479056086,1.25453094866713e-05,0.000381278284961828
"ENSG00000131979",0.327828566371687,1.27681496602339e-05,0.00038766798356657
"ENSG00000172243",0.327786858311746,1.28025332837565e-05,0.000388328786799168
"ENSG00000112559",0.327671848217957,1.28978003537969e-05,0.000390448708791972
"ENSG00000106609",0.32763697949332,1.29268155506748e-05,0.00039096708059402
"ENSG00000211896",0.327636002813648,1.29276291597691e-05,0.00039096708059402
"ENSG00000187474",0.327550638762121,1.29989278166364e-05,0.000392930262056519
"ENSG00000103852",0.327501643550017,1.30400178758597e-05,0.000393978821871336
"ENSG00000105612",0.327475563111494,1.30619404071152e-05,0.000394447527191118
"ENSG00000100784",0.327425521970786,1.31041012808995e-05,0.000395526635228875
"ENSG00000147403",0.327387751267071,1.31360091849707e-05,0.000396295367294039
"ENSG00000072849",0.327332989800022,1.31824010075844e-05,0.000397500091921008
"ENSG00000165030",0.327318472307819,1.3194725622369e-05,0.000397676882322762
"ENSG00000135374",0.327227970866266,1.32718027311641e-05,0.000399804124956811
"ENSG00000058063",0.327142441165506,1.3345036634069e-05,0.000401813568790189
"ENSG00000251034",0.327074732421649,1.34032822784789e-05,0.000403172827246679
"ENSG00000155363",0.327047314142523,1.34269368228449e-05,0.000403687054140285
"ENSG00000152315",0.327005869805572,1.34627669775666e-05,0.000404436348918441
"ENSG00000204219",0.327003288114463,1.34650019325017e-05,0.000404436348918441
"ENSG00000104043",0.326936056058181,1.35233279816786e-05,0.000405792148856377
"ENSG00000254122",0.326910067920177,1.35459374944861e-05,0.000406272503489597
"ENSG00000064300",0.32689620604129,1.35580118482614e-05,0.000406436571451242
"ENSG00000137770",0.326796834936088,1.36448671468737e-05,0.000408841141035636
"ENSG00000064961",0.326680624683502,1.37471078861764e-05,0.000411597859351545
"ENSG00000035862",0.326611225144905,1.38085098820217e-05,0.000412739646517311
"ENSG00000125347",0.326596513957863,1.38215590220405e-05,0.000412929140025467
"ENSG00000227671",0.326526935885699,1.38834343603373e-05,0.000414447919655968
"ENSG00000186150",0.326424817898767,1.39747215391402e-05,0.000416897848960178
"ENSG00000115020",0.32639937290682,1.39975559252335e-05,0.000417335407929996
"ENSG00000227392",0.326337217158999,1.40534829923896e-05,0.00041856762285363
"ENSG00000164117",0.326330775396715,1.40592912833447e-05,0.00041856762285363
"ENSG00000107779",0.326324779998784,1.40646991430734e-05,0.00041856762285363
"ENSG00000013297",0.326260292841372,1.41229911123729e-05,0.000419693561091201
"ENSG00000143398",0.32623238181269,1.4148291505415e-05,0.000420242496336515
"ENSG00000111450",0.326222867006932,1.41569261376663e-05,0.000420296122632193
"ENSG00000196865",0.326204552785629,1.41735602108905e-05,0.00042058707310465
"ENSG00000131269",0.32614951626595,1.422365891017e-05,0.000421870295887953
"ENSG00000115816",0.326124428760405,1.42465510800134e-05,0.000422345732017508
"ENSG00000101096",0.326114055843891,1.42560264637353e-05,0.000422423154879212
"ENSG00000093072",0.325989232893607,1.43705169845595e-05,0.000425201489085446
"ENSG00000166200",0.325936243488701,1.44193823742866e-05,0.000426186144552994
"ENSG00000288742",0.325930627966095,1.44245700491337e-05,0.000426186144552994
"ENSG00000223675",0.325643802428894,1.46919006129244e-05,0.000433018629763322
"ENSG00000111058",0.325637277859813,1.46980358373778e-05,0.000433018629763322
"ENSG00000180340",0.325361511553209,1.4959571055556e-05,0.000440512842604372
"ENSG00000101888",0.32527550881341,1.50420310053923e-05,0.0004425175698833
"ENSG00000084754",0.325231537629426,1.50843565870614e-05,0.000443512741802495
"ENSG00000163479",0.325112022593325,1.51999681479111e-05,0.000446523551167083
"ENSG00000104517",0.324770497031244,1.55349710306915e-05,0.000455278217672798
"ENSG00000131127",0.324732506449561,1.55726641786516e-05,0.000455948641394354
"ENSG00000172296",0.324682868705837,1.56220435086293e-05,0.000457005642573426
"ENSG00000154645",0.324681289624779,1.5623616794074e-05,0.000457005642573426
"ENSG00000075188",0.324656837047402,1.56479987385605e-05,0.000457501393998083
"ENSG00000100697",0.32462959898385,1.56752004435123e-05,0.000457861668768639
"ENSG00000268205",0.32460150796132,1.5703300756818e-05,0.000458464868015944
"ENSG00000120279",0.324537726044626,1.57672805641293e-05,0.000459896452625011
"ENSG00000172215",0.324528512675622,1.57765428480661e-05,0.000459948627684215
"ENSG00000166889",0.324488873039674,1.58164515971821e-05,0.000460768418439875
"ENSG00000245275",0.324485714339937,1.58196358404305e-05,0.000460768418439875
"ENSG00000165240",0.32442857062928,1.58773463388381e-05,0.000462230559639286
"ENSG00000243244",0.324304611680535,1.60032191432992e-05,0.000465674760735321
"ENSG00000170653",0.324259086431653,1.60496834911665e-05,0.000466806106228899
"ENSG00000163359",0.324162590554066,1.61485915493883e-05,0.000469239338203757
"ENSG00000104856",0.324151579446847,1.61599144363427e-05,0.000469346755106313
"ENSG00000106392",0.324122445219652,1.61899097820492e-05,0.000469774543906853
"ENSG00000271959",0.324050240544141,1.62644754439571e-05,0.000471715776023986
"ENSG00000138735",0.32402688145508,1.62886677054879e-05,0.000472194896498608
"ENSG00000160446",0.323985066503838,1.6332059014708e-05,0.000473229868173819
"ENSG00000185532",0.323942607532427,1.6376230321444e-05,0.000474286455954329
"ENSG00000111199",0.323752322176006,1.6575579388247e-05,0.000479608583860024
"ENSG00000160111",0.323570121804947,1.67686045283298e-05,0.000484282964378943
"ENSG00000139370",0.32346531383727,1.68805990655207e-05,0.000486832047276666
"ENSG00000250786",0.323427483613148,1.69211964884979e-05,0.000487774293530734
"ENSG00000286314",0.323407307464375,1.6942886163333e-05,0.000488170873612439
"ENSG00000141380",0.3233132243379,1.70443741200098e-05,0.000490865213309258
"ENSG00000152804",0.323201181790059,1.71659839257834e-05,0.000493905242977285
"ENSG00000112303",0.323186388692554,1.7182101295516e-05,0.000494137963612728
"ENSG00000144674",0.323138533794294,1.72343380876918e-05,0.000495408735763151
"ENSG00000257337",0.323099074656123,1.72775231225569e-05,0.000496418246057256
"ENSG00000114315",0.32308080563544,1.72975517685585e-05,0.000496761794700964
"ENSG00000007129",0.322862731762883,1.75383290209654e-05,0.000503206956301304
"ENSG00000197714",0.322742737891623,1.76721615196327e-05,0.000505867678401989
"ENSG00000165934",0.322648756692406,1.77776541224188e-05,0.00050817833038093
"ENSG00000101868",0.322599113883028,1.78336171966249e-05,0.00050929100995463
"ENSG00000008952",0.322592217437714,1.78414048073278e-05,0.00050929100995463
"ENSG00000134222",0.322416936078068,1.8040417430695e-05,0.00051449464798642
"ENSG00000131051",0.322407161683526,1.8051576642188e-05,0.000514574447830855
"ENSG00000251194",0.322375066547176,1.80882648039632e-05,0.000515381559766255
"ENSG00000104412",0.322334269754475,1.81350015053161e-05,0.000516235213988518
"ENSG00000205517",0.322323474157841,1.81473879756376e-05,0.000516348980847267
"ENSG00000109606",0.322276672403348,1.82011790152218e-05,0.000517401090675662
"ENSG00000164342",0.32226744111402,1.82118066455664e-05,0.000517464186608835
"ENSG00000223764",0.322112825520836,1.83906827943663e-05,0.0005214914965546
"ENSG00000230530",0.322108326499602,1.83959125019504e-05,0.0005214914965546
"ENSG00000141696",0.32170184735127,1.88742448474374e-05,0.000533821932394617
"ENSG00000135486",0.321591843569886,1.90056984236749e-05,0.000537046236816642
"ENSG00000165501",0.321569764548501,1.90321865849303e-05,0.000537547907839812
"ENSG00000135697",0.321558358907157,1.90458835575004e-05,0.000537688008102205
"ENSG00000186625",0.321511032601944,1.91028169218906e-05,0.000539048035140227
"ENSG00000270120",0.321493365907702,1.91241110327705e-05,0.000539401599175449
"ENSG00000104324",0.321473842679615,1.91476689294482e-05,0.000539818660830948
"ENSG00000137269",0.321401590386857,1.92350913478178e-05,0.000541786939089291
"ENSG00000131871",0.321365140636915,1.92793369369837e-05,0.000542609798498579
"ENSG00000147251",0.321343690670778,1.9305419481614e-05,0.000543022274486496
"ENSG00000164674",0.321207201944938,1.94721676637018e-05,0.000546962613735674
"ENSG00000141646",0.321176077655513,1.95103820495643e-05,0.000547786018639773
"ENSG00000172578",0.321056112149829,1.96583388262814e-05,0.000551688465446721
"ENSG00000144063",0.320896685277201,1.98566035731734e-05,0.000556744788294936
"ENSG00000070367",0.32079234690761,1.99873797374579e-05,0.000559528866722744
"ENSG00000095015",0.320680225003828,2.0128817455588e-05,0.000562072568732627
"ENSG00000126777",0.320589445747553,2.02440235472321e-05,0.000564265482423393
"ENSG00000206053",0.32052442210463,2.03269258609991e-05,0.0005663197488408
"ENSG00000129515",0.320455005886067,2.04157820066367e-05,0.00056841267473876
"ENSG00000128590",0.32044315651642,2.04309863509789e-05,0.00056841267473876
"ENSG00000104763",0.320438394378402,2.04370998276009e-05,0.00056841267473876
"ENSG00000173805",0.320436921671158,2.04389907902781e-05,0.00056841267473876
"ENSG00000149089",0.320418880604383,2.04621690033708e-05,0.000568800238998849
"ENSG00000101000",0.320260922523765,2.06661670970255e-05,0.000574211552062907
"ENSG00000133657",0.320239170794352,2.06944086533064e-05,0.000574218523967128
"ENSG00000087076",0.320178184069741,2.07737856248672e-05,0.000576161271967926
"ENSG00000163702",0.320023476401091,2.09764352218932e-05,0.000580473799143971
"ENSG00000091009",0.32001466098715,2.09880384032643e-05,0.000580533858647414
"ENSG00000105193",0.320002507186771,2.1004045624927e-05,0.000580595893481639
"ENSG00000138696",0.319998634324166,2.10091488168401e-05,0.000580595893481639
"ENSG00000250629",0.319783278089596,2.12947675471121e-05,0.000588224943410893
"ENSG00000196396",0.319742707287441,2.13489834705675e-05,0.000589193649646909
"ENSG00000169299",0.319716883873742,2.13835598286428e-05,0.000589883373417299
"ENSG00000197256",0.319642781794861,2.14830726267025e-05,0.000592097725811814
"ENSG00000205189",0.319524176933225,2.16432585977934e-05,0.000595712301942128
"ENSG00000153250",0.3193867221081,2.18303124954174e-05,0.000600055717828481
"ENSG00000175785",0.319362495863952,2.18634381788986e-05,0.000600697963965239
"ENSG00000231768",0.319340938958735,2.18929538101065e-05,0.00060124049499741
"ENSG00000125826",0.319053485861524,2.22901430400794e-05,0.000611057711919218
"ENSG00000226791",0.318941790578661,2.24463041143173e-05,0.000614413402716113
"ENSG00000156966",0.318937384684127,2.24524850953552e-05,0.000614413402716113
"ENSG00000167397",0.318806751265938,2.263648037748e-05,0.000618686035828712
"ENSG00000144468",0.31878223417749,2.26711704502588e-05,0.000619296277936408
"ENSG00000113296",0.318755392312201,2.27092074222584e-05,0.000620060098312099
"ENSG00000072415",0.318513992213093,2.30540048579289e-05,0.000628637871057323
"ENSG00000128917",0.318499698431987,2.30745750418168e-05,0.000628920126826206
"ENSG00000178878",0.318414207870713,2.31979663242633e-05,0.000631444334126697
"ENSG00000137404",0.318298667327111,2.336571870919e-05,0.000634087869570226
"ENSG00000161618",0.318298638992647,2.33657599877121e-05,0.000634087869570226
"ENSG00000113810",0.318297646871023,2.33672053845261e-05,0.000634087869570226
"ENSG00000152620",0.31816933695347,2.3554849071261e-05,0.00063889803051639
"ENSG00000023191",0.317955311616524,2.38710103600708e-05,0.000646903329634608
"ENSG00000158966",0.31759202274847,2.44168441070949e-05,0.000660531979660242
"ENSG00000204936",0.317568430882653,2.44526942117368e-05,0.000661211165451287
"ENSG00000163605",0.317539111981442,2.44973162554045e-05,0.000661660537882947
"ENSG00000059804",0.317535942145982,2.45021451977386e-05,0.000661660537882947
"ENSG00000010810",0.317525767884275,2.45176507797724e-05,0.000661660537882947
"ENSG00000287915",0.317522214816766,2.45230678361985e-05,0.000661660537882947
"ENSG00000112308",0.317466619542122,2.46079762666755e-05,0.000663660513302489
"ENSG00000166002",0.317412762910434,2.46904935674988e-05,0.000665594277756526
"ENSG00000114738",0.317317878111919,2.48365078223537e-05,0.00066896918793104
"ENSG00000123700",0.317316908338248,2.4838004360371e-05,0.00066896918793104
"ENSG00000165097",0.317310240366134,2.48482965619777e-05,0.00066896918793104
"ENSG00000289404",0.317293567646896,2.48740489682561e-05,0.000669077128366413
"ENSG00000129422",0.317241063593575,2.49553103290098e-05,0.000670969689335334
"ENSG00000162946",0.317198617090077,2.50211883341696e-05,0.000672447168051587
"ENSG00000148484",0.317161404773636,2.50790775820945e-05,0.000673414812701755
"ENSG00000120686",0.317139872234168,2.51126322641464e-05,0.000673670747050832
"ENSG00000113083",0.317115199113591,2.51511330188907e-05,0.00067417305336002
"ENSG00000164171",0.317084857871527,2.51985547828084e-05,0.000674856334009208
"ENSG00000054598",0.317028773105635,2.52864342900992e-05,0.000676621005195594
"ENSG00000172725",0.31697800422157,2.53662333608e-05,0.000677872108535422
"ENSG00000171621",0.31689302044392,2.5500343253511e-05,0.000680864696396564
"ENSG00000054654",0.316793811153917,2.56577473859077e-05,0.000684218646173477
"ENSG00000164944",0.316778861162395,2.56815460915887e-05,0.000684218646173477
"ENSG00000126262",0.316517497540123,2.61009840336026e-05,0.00069509258388751
"ENSG00000170017",0.31645976197096,2.61945050305169e-05,0.000697281408995732
"ENSG00000100106",0.316216235627956,2.65924593210398e-05,0.000707262885243765
"ENSG00000170439",0.316153004902576,2.66967145723781e-05,0.000709422539569274
"ENSG00000115159",0.316056884950462,2.68559358921882e-05,0.000713345584181627
"ENSG00000123146",0.316043322396519,2.68784739766314e-05,0.000713636239179379
"ENSG00000145358",0.31599786325314,2.69541474830924e-05,0.000715336805821233
"ENSG00000177888",0.315853501146758,2.7195792975961e-05,0.000721127911638321
"ENSG00000132669",0.315800643669971,2.72847797291363e-05,0.00072299520449653
"ENSG00000228649",0.31579772037972,2.72897091519147e-05,0.00072299520449653
"ENSG00000133112",0.315780095404075,2.73194472020116e-05,0.000723471625903873
"ENSG00000179144",0.315687384681351,2.7476378416183e-05,0.000726689399761738
"ENSG00000133313",0.315663642953747,2.75167023753111e-05,0.000726843226180334
"ENSG00000147606",0.315663100081126,2.75176250649971e-05,0.000726843226180334
"ENSG00000124575",0.315644805708257,2.75487360191009e-05,0.000727352814053859
"ENSG00000285987",0.315602402632308,2.76209731118986e-05,0.000728947328129798
"ENSG00000214194",0.315521268663847,2.77596891580917e-05,0.000731353728401368
"ENSG00000109610",0.315083627496102,2.85193207566181e-05,0.00074914856707292
"ENSG00000168310",0.31508305428294,2.85203284260343e-05,0.00074914856707292
"ENSG00000136478",0.315073896397952,2.85364319089158e-05,0.000749251777048768
"ENSG00000130592",0.315061949627216,2.85574523232317e-05,0.000749483942763741
"ENSG00000137491",0.315033909638381,2.86068461617495e-05,0.000750460247305504
"ENSG00000136868",0.314943675670024,2.87663445922235e-05,0.000754322927815852
"ENSG00000108821",0.314895207646226,2.88523626084378e-05,0.000756200652780366
"ENSG00000159314",0.314889489635462,2.88625265400539e-05,0.000756200652780366
"ENSG00000198346",0.314860547920818,2.8914023047032e-05,0.000757227504002782
"ENSG00000053918",0.314801900548518,2.90186408723133e-05,0.000759644080751021
"ENSG00000129315",0.314772956762491,2.90704034180092e-05,0.000760675556104573
"ENSG00000107317",0.314691069148548,2.92173212841315e-05,0.000764194994097148
"ENSG00000234232",0.31464621439788,2.92980931953986e-05,0.000765656835506416
"ENSG00000156218",0.314541616948869,2.94872642680811e-05,0.000769946623722861
"ENSG00000108784",0.314480359712799,2.95985854131201e-05,0.000772525589764659
"ENSG00000182185",0.314465122344154,2.96263372919371e-05,0.000772922128993209
"ENSG00000064989",0.314411743437515,2.97237499401814e-05,0.000774806635458925
"ENSG00000075426",0.314396804130037,2.9751067081066e-05,0.000775190377831128
"ENSG00000100105",0.314273813659078,2.99768606158479e-05,0.00078074308495207
"ENSG00000130826",0.314121257490348,3.02591755047273e-05,0.000787429470301454
"ENSG00000276903",0.313936887319671,3.06037060929207e-05,0.000795722217060715
"ENSG00000169418",0.313884570262386,3.07021412671088e-05,0.000797607675028681
"ENSG00000126391",0.313875271304567,3.07196685464647e-05,0.000797726278912922
"ENSG00000112079",0.31383645172385,3.07929400405854e-05,0.000799291734229351
"ENSG00000137154",0.313805858842471,3.08507996632575e-05,0.00080045599261194
"ENSG00000168333",0.31375585117977,3.09455985304055e-05,0.000802577292859366
"ENSG00000137145",0.31373135876591,3.09921284903584e-05,0.000803445474225197
"ENSG00000133835",0.313695516071694,3.10603401445662e-05,0.000804874767939865
"ENSG00000189058",0.313669567557487,3.11098105392026e-05,0.000805817415751129
"ENSG00000169604",0.31356759400763,3.1304940993116e-05,0.00081018977648458
"ENSG00000132122",0.313503124812682,3.14288993867603e-05,0.00081237302976009
"ENSG00000114127",0.3134377092598,3.15551497054846e-05,0.000815293926731463
"ENSG00000236438",0.313252729729039,3.19147447622373e-05,0.000823893058576816
"ENSG00000188596",0.313130219879286,3.2155020564593e-05,0.000829747834644576
"ENSG00000115866",0.313094098633473,3.22261888165185e-05,0.000830735655880917
"ENSG00000166845",0.313050256804119,3.23127678653988e-05,0.000832422346382631
"ENSG00000189266",0.312961198747706,3.24893148263921e-05,0.00083662024756296
"ENSG00000096060",0.312946939018693,3.25176672417848e-05,0.000837000130793978
"ENSG00000178177",0.312909707182359,3.25918046192274e-05,0.000838207281022036
"ENSG00000174885",0.312868811832308,3.26734202930709e-05,0.000839955295955202
"ENSG00000261618",0.31271417923463,3.29837662316541e-05,0.000845813712067049
"ENSG00000164023",0.312526523376611,3.3364116908532e-05,0.000853788445330018
"ENSG00000154175",0.312468133331768,3.34833045832198e-05,0.000855998126581587
"ENSG00000110848",0.312379264036276,3.3665476979898e-05,0.000860069786322476
"ENSG00000245694",0.312346429551964,3.37330198212875e-05,0.000861437747668597
"ENSG00000160013",0.31231583911385,3.37960612601083e-05,0.000862332004225581
"ENSG00000128052",0.312245670774727,3.39410848737587e-05,0.000865673488384006
"ENSG00000132000",0.312174848831391,3.40880531821552e-05,0.000868701923413069
"ENSG00000115607",0.312063640148685,3.4320040581754e-05,0.000873747756425236
"ENSG00000279903",0.312061019572484,3.43255251259948e-05,0.000873747756425236
"ENSG00000090621",0.312059529448054,3.43286441413659e-05,0.000873747756425236
"ENSG00000158859",0.312000386673508,3.44526529248001e-05,0.000876541575694047
"ENSG00000006756",0.311971621071782,3.45131200582742e-05,0.000877717132589432
"ENSG00000279271",0.31193781150014,3.45843176261568e-05,0.000879164495656419
"ENSG00000147140",0.311906988460787,3.4649346469038e-05,0.000880453913745035
"ENSG00000237649",0.311822198216587,3.48288267183293e-05,0.000884649323793998
"ENSG00000136758",0.311786900709357,3.49038005545175e-05,0.00088618791308879
"ENSG00000185088",0.311703417290229,3.50817287911703e-05,0.000890338109989189
"ENSG00000105609",0.311515212900581,3.54859850594506e-05,0.000899855568396714
"ENSG00000134686",0.31150445155955,3.55092320201863e-05,0.000900074207351872
"ENSG00000140836",0.311269681432341,3.60199701108071e-05,0.000911893476141304
"ENSG00000162521",0.311076842837769,3.64446494791745e-05,0.000919618494278931
"ENSG00000130775",0.311053801923642,3.6495705313894e-05,0.000920152268676073
"ENSG00000139644",0.311039814096132,3.65267334425389e-05,0.000920523042073157
"ENSG00000265972",0.311033690171426,3.65403254872079e-05,0.000920523042073157
"ENSG00000113300",0.310936993082818,3.67555764046969e-05,0.000925188218507431
"ENSG00000211893",0.310912864291945,3.68094735764685e-05,0.000926166084133351
"ENSG00000153094",0.310860329862741,3.69270785420314e-05,0.000928745452305182
"ENSG00000033178",0.310727699622019,3.72255629360071e-05,0.000935106140952497
"ENSG00000166471",0.310632479678561,3.74412536408617e-05,0.000939397206813107
"ENSG00000175063",0.310599525944836,3.75161733800938e-05,0.000939800012267448
"ENSG00000143952",0.310598146102628,3.75193135015781e-05,0.000939800012267448
"ENSG00000168309",0.310552218582537,3.76239724372194e-05,0.000942038144701476
"ENSG00000128567",0.310488858847361,3.7768806504989e-05,0.00094489570225327
"ENSG00000189184",0.310410295797482,3.79491222574091e-05,0.00094859072347065
"ENSG00000164695",0.310226065604633,3.83751435473939e-05,0.000957729048856777
"ENSG00000122986",0.310056618372613,3.87709482303607e-05,0.000967214932261581
"ENSG00000143382",0.310045104986868,3.87979807106734e-05,0.000967497133248657
"ENSG00000183580",0.309979643167071,3.89520169329106e-05,0.000970551793570465
"ENSG00000103642",0.309834226114275,3.92962539788925e-05,0.000977545939723913
"ENSG00000197579",0.309811445184909,3.93504404434196e-05,0.000978498386525177
"ENSG00000162383",0.309795088144182,3.93893904545465e-05,0.000979071343350003
"ENSG00000153147",0.309768139113537,3.94536416123225e-05,0.000980272474521104
"ENSG00000150637",0.309633212215918,3.97768156394091e-05,0.000987903285597979
"ENSG00000169429",0.309609814189425,3.98331107747871e-05,0.000988902367698063
"ENSG00000196778",0.309447894901141,4.02247433320685e-05,0.000997016352649545
"ENSG00000139684",0.30943650585058,4.02524257808968e-05,0.00099730084229449
"ENSG00000162430",0.309282824162312,4.06277238062001e-05,0.001005385055862
"ENSG00000275052",0.3092516851006,4.07041667052415e-05,0.00100687187930361
"ENSG00000103490",0.309219485370683,4.07833556561222e-05,0.00100842540799533
"ENSG00000080345",0.309174308808054,4.08947028371699e-05,0.00101036675688911
"ENSG00000171428",0.308998674060755,4.13303136495061e-05,0.0010203099972905
"ENSG00000255248",0.30892582531017,4.15122707803217e-05,0.001024009177907
"ENSG00000123836",0.308922447486199,4.15207259465998e-05,0.001024009177907
"ENSG00000125968",0.30886681355563,4.16602186432033e-05,0.00102639571504296
"ENSG00000119616",0.308775788371103,4.18893996095474e-05,0.00103162913548219
"ENSG00000163900",0.308735557251285,4.19910698157263e-05,0.00103371936029562
"ENSG00000143079",0.308711980934455,4.20507585563113e-05,0.0010344568356314
"ENSG00000154274",0.308710447371705,4.20546438767347e-05,0.0010344568356314
"ENSG00000086598",0.30867547446112,4.21433403095381e-05,0.00103622442509397
"ENSG00000077147",0.30863325106483,4.22506593938467e-05,0.00103821756443984
"ENSG00000129680",0.308630311474947,4.22581404998343e-05,0.00103821756443984
"ENSG00000003400",0.308515840391244,4.25504339753051e-05,0.0010437321277705
"ENSG00000168672",0.308413766035355,4.28126754445615e-05,0.00104974633368928
"ENSG00000025796",0.308392430523534,4.28676806211315e-05,0.00105067643813099
"ENSG00000166086",0.308359672388431,4.29522638428359e-05,0.00105197906473409
"ENSG00000171456",0.30829971421913,4.31074855224059e-05,0.00105529319371159
"ENSG00000174600",0.30828963932529,4.31336194315282e-05,0.00105551311105128
"ENSG00000157107",0.308274142235975,4.31738473961846e-05,0.00105607760896295
"ENSG00000157483",0.308196537129674,4.33758289343869e-05,0.00105933413330869
"ENSG00000258227",0.308100598444671,4.36267548887703e-05,0.0010650396679391
"ENSG00000135316",0.308085495794092,4.36663796978439e-05,0.00106526157481461
"ENSG00000164751",0.308057068798261,4.37410553643518e-05,0.00106613842033413
"ENSG00000131941",0.308035696568845,4.37972777051681e-05,0.00106689527895261
"ENSG00000003056",0.308032087543951,4.38067784010344e-05,0.00106689527895261
"ENSG00000180448",0.308008743203352,4.38682787839906e-05,0.00106797047052291
"ENSG00000038427",0.307961091784285,4.39940678741925e-05,0.00107018613171909
"ENSG00000136536",0.307713618943551,4.46528116809042e-05,0.00108406810338839
"ENSG00000142556",0.307586927536266,4.49936265856168e-05,0.00109062140787129
"ENSG00000120699",0.307521554033603,4.51704438684277e-05,0.00109404557160115
"ENSG00000196743",0.307476154893549,4.529362002993e-05,0.00109592529080734
"ENSG00000162736",0.307450718106831,4.5362772597389e-05,0.00109697339516331
"ENSG00000119899",0.307444222474798,4.53804475511145e-05,0.00109697339516331
"ENSG00000182162",0.307359661103062,4.5611134828632e-05,0.00110082026740915
"ENSG00000182162",0.307359661103062,4.5611134828632e-05,0.00110082026740915
"ENSG00000090013",0.307314848282545,4.57338325768691e-05,0.00110334887969848
"ENSG00000171105",0.307217192859111,4.60022889965049e-05,0.00110852187705595
"ENSG00000156162",0.307026264009634,4.65314391954224e-05,0.00111908202182223
"ENSG00000188522",0.306937756586238,4.67786687374063e-05,0.0011241493122901
"ENSG00000169919",0.306878617354607,4.69445508799722e-05,0.00112720952986098
"ENSG00000142541",0.306776536668468,4.72321825025436e-05,0.00113195383175099
"ENSG00000108604",0.306647349837327,4.75985649358615e-05,0.00113896037341083
"ENSG00000108599",0.306638355521398,4.76241725888297e-05,0.00113913022845198
"ENSG00000118113",0.306598643277916,4.77373918614423e-05,0.00114073981389132
"ENSG00000110934",0.306596058015565,4.77447711834223e-05,0.00114073981389132
"ENSG00000012048",0.306522427403053,4.79553914619163e-05,0.00114527225926743
"ENSG00000104805",0.306497922243353,4.80256818363119e-05,0.00114632487695644
"ENSG00000110092",0.306490968285529,4.8045646130013e-05,0.00114632487695644
"ENSG00000204054",0.306487590788334,4.80553454853049e-05,0.00114632487695644
"ENSG00000073754",0.306477159931498,4.80853119994838e-05,0.00114659528930501
"ENSG00000165304",0.306438666937749,4.81960494444769e-05,0.00114879073083303
"ENSG00000158716",0.306303742943891,4.85860962942028e-05,0.00115763945425103
"ENSG00000185187",0.306264160185414,4.87010860644524e-05,0.00115993020152889
"ENSG00000148110",0.306256839059289,4.8722382277326e-05,0.001159988508656
"ENSG00000175354",0.306167410891435,4.89832244176482e-05,0.00116574770439278
"ENSG00000134668",0.306154045992293,4.90223193600831e-05,0.00116622714445186
"ENSG00000136315",0.306105846207249,4.91635567758336e-05,0.00116913521569239
"ENSG00000137818",0.305805990730464,5.00508307255798e-05,0.0011883982739873
"ENSG00000141569",0.305765948218305,5.01704487874232e-05,0.0011907790590718
"ENSG00000204020",0.30566147702531,5.04837986072903e-05,0.00119775439533041
"ENSG00000188529",0.305625143901024,5.05932059610462e-05,0.00119988757906228
"ENSG00000197153",0.305541909772791,5.08446830269297e-05,0.00120492305437403
"ENSG00000163463",0.305499033054634,5.09746850897342e-05,0.00120753888343441
"ENSG00000178462",0.305444849578878,5.1139415764366e-05,0.00121050930915467
"ENSG00000165178",0.305380706818563,5.13350713082344e-05,0.00121467344428834
"ENSG00000182149",0.305245492391929,5.17498231482153e-05,0.00122395314586749
"ENSG00000126524",0.305239905045136,5.17670290961439e-05,0.00122395314586749
"ENSG00000137628",0.305204550039453,5.18760276416182e-05,0.00122605923393846
"ENSG00000119912",0.305169865016337,5.19831700673523e-05,0.00122784341746101
"ENSG00000175538",0.305099093814895,5.22024280357581e-05,0.00123188122355548
"ENSG00000153006",0.305082809162373,5.22530026766578e-05,0.00123260206850603
"ENSG00000152137",0.304978178549359,5.25790492971556e-05,0.00123886868680863
"ENSG00000288924",0.30493421543639,5.27166149687318e-05,0.00124095154826468
"ENSG00000227032",0.304670080482514,5.35502654012564e-05,0.00125727259649653
"ENSG00000117143",0.304665628715717,5.35644213573036e-05,0.00125727259649653
"ENSG00000143437",0.304650621393703,5.36121683009183e-05,0.00125791356687446
"ENSG00000117528",0.30457930724288,5.38396063981725e-05,0.00126228751854062
"ENSG00000147050",0.304568864792612,5.38729858425629e-05,0.00126258912440773
"ENSG00000198960",0.304539152218287,5.39680688527092e-05,0.00126433605994333
"ENSG00000065308",0.304437302744059,5.42951938104694e-05,0.00127006590949127
"ENSG00000160951",0.304424845516317,5.43353320578075e-05,0.00127048654317581
"ENSG00000151929",0.30441891112831,5.43544629562901e-05,0.00127048654317581
"ENSG00000141736",0.304364816908356,5.45291402248418e-05,0.00127408557554961
"ENSG00000169379",0.304142544335383,5.52524343363027e-05,0.00128951680652007
"ENSG00000013583",0.304016424658015,5.56668340069173e-05,0.0012967296109469
"ENSG00000174720",0.303941888513756,5.59131121800964e-05,0.00130197373288379
"ENSG00000169714",0.303917387211194,5.59942911382008e-05,0.00130287812998466
"ENSG00000148180",0.303893796561902,5.60725574127057e-05,0.00130420615019182
"ENSG00000143554",0.303847189916532,5.62274853998754e-05,0.00130731558800526
"ENSG00000111057",0.303835961696063,5.626486982926e-05,0.00130769076615256
"ENSG00000121644",0.303708594756571,5.66905755475756e-05,0.0013165904835849
"ENSG00000237424",0.303650646506715,5.68852583034515e-05,0.00132061348058379
"ENSG00000108854",0.303617997972036,5.69952204254522e-05,0.0013226215347274
"ENSG00000133874",0.303533961524758,5.72791783926312e-05,0.00132681190864568
"ENSG00000162980",0.303469821731304,5.74967987834378e-05,0.0013307946537525
"ENSG00000076928",0.303374607682268,5.78212827575202e-05,0.00133780188948452
"ENSG00000125944",0.303350015877278,5.79053690564367e-05,0.00133924390575323
"ENSG00000118985",0.303307919567505,5.80495746218377e-05,0.00134207476353358
"ENSG00000140939",0.303260414829163,5.82127121283886e-05,0.00134534102712337
"ENSG00000079805",0.303125345437244,5.86789122773167e-05,0.00135458926376413
"ENSG00000149273",0.303097058918871,5.87769876105256e-05,0.00135634455399407
"ENSG00000163597",0.303016095100922,5.90585572823843e-05,0.00136131080501388
"ENSG00000100485",0.302898078006568,5.94712561129884e-05,0.00136928506779565
"ENSG00000162819",0.302824834329857,5.97287443095269e-05,0.0013746992669355
"ENSG00000257103",0.302740700347573,6.0025808319496e-05,0.00138050386667229
"ENSG00000044574",0.302569907460441,6.06331203562855e-05,0.00139395022757087
"ENSG00000196417",0.3024200295061,6.11708072714634e-05,0.00140421341391829
"ENSG00000228065",0.302402613951017,6.12335748586889e-05,0.00140513017565367
"ENSG00000157510",0.302322791246142,6.15220387299185e-05,0.00141122338859266
"ENSG00000176853",0.30211748312428,6.22698505933157e-05,0.0014273131042514
"ENSG00000103978",0.302107480868838,6.2306499651067e-05,0.00142762144993495
"ENSG00000112029",0.302022743232452,6.26177980044585e-05,0.0014342202308844
"ENSG00000170892",0.301998059177496,6.27087532084633e-05,0.00143576916200211
"ENSG00000123728",0.301972400553421,6.28034308518295e-05,0.00143740213772592
"ENSG00000101057",0.301873801533261,6.31685001307005e-05,0.00144522013830626
"ENSG00000117859",0.301677110333145,6.39027165870582e-05,0.00146038945029109
"ENSG00000256229",0.301483183561533,6.46344450089178e-05,0.00147437445649698
"ENSG00000197863",0.301450936634665,6.47568792019148e-05,0.00147661999762973
"ENSG00000151665",0.301385782088593,6.50049201700688e-05,0.00148079704156266
"ENSG00000205133",0.301237910554591,6.55711718011326e-05,0.00149187142230274
"ENSG00000164054",0.30120131776211,6.57120106802479e-05,0.00149452327616599
"ENSG00000161960",0.301176003399744,6.58096069402574e-05,0.00149619004415634
"ENSG00000167842",0.30114175069605,6.59418802590461e-05,0.00149864367749732
"ENSG00000237541",0.300878606858685,6.69664073787167e-05,0.00152024366496339
"ENSG00000089902",0.300857045122115,6.70510144152603e-05,0.00152160310883952
"ENSG00000163110",0.300845059930542,6.70980869661863e-05,0.00152163181963809
"ENSG00000134255",0.300804978398213,6.72557347783271e-05,0.00152400108291508
"ENSG00000140511",0.300742757839539,6.75011475931146e-05,0.00152893659208371
"ENSG00000148248",0.300737169640197,6.75232298401715e-05,0.00152893659208371
"ENSG00000185896",0.300716582436736,6.76046403953546e-05,0.00153021698730846
"ENSG00000118482",0.300619869486199,6.79883178306591e-05,0.00153720537566866
"ENSG00000113391",0.300489721567547,6.85078610833267e-05,0.0015472469000045
"ENSG00000231551",0.30047190964021,6.85792542205847e-05,0.00154774128435807
"ENSG00000142661",0.300436688289399,6.87206326007672e-05,0.00155034553254458
"ENSG00000167995",0.300421957178328,6.87798442422201e-05,0.00155111276439839
"ENSG00000096696",0.300402474559612,6.88582280209756e-05,0.00155231164297543
"ENSG00000187193",0.300354453279443,6.90517882560728e-05,0.00155589327734825
"ENSG00000133317",0.300350519707956,6.90676659579395e-05,0.00155589327734825
"ENSG00000095261",0.300152268031493,6.98723492729427e-05,0.00157114499950822
"ENSG00000166263",0.300123265602618,6.99908014975047e-05,0.00157323370612214
"ENSG00000147526",0.300047968386981,7.029921117861e-05,0.00157958913938531
"ENSG00000145780",0.299949060802118,7.07062627066908e-05,0.00158691137379186
"ENSG00000119630",0.299943266639957,7.07301768059596e-05,0.00158691137379186
"ENSG00000040531",0.29991711613717,7.08382014830873e-05,0.00158822086414394
"ENSG00000153902",0.29989667450572,7.09227511632574e-05,0.00158953743539385
"ENSG00000261210",0.299790218903079,7.13645989766173e-05,0.0015988579830422
"ENSG00000164190",0.299686518171503,7.17974926852632e-05,0.00160738628221966
"ENSG00000164050",0.29966218654414,7.18994198122748e-05,0.00160908287015514
"ENSG00000172845",0.299556816462793,7.23423910905524e-05,0.00161664492275852
"ENSG00000185291",0.299495824381387,7.25999667871799e-05,0.00162111229429714
"ENSG00000185291",0.299495824381387,7.25999667871799e-05,0.00162111229429714
"ENSG00000127947",0.29949077690511,7.26213212559669e-05,0.00162111229429714
"ENSG00000119725",0.299382524606542,7.30807262521388e-05,0.00163007045686579
"ENSG00000051620",0.299365585771387,7.31528578792191e-05,0.00163061191065507
"ENSG00000177885",0.299291622628619,7.34686019725985e-05,0.0016370570745118
"ENSG00000140749",0.299103176017232,7.42788516582653e-05,0.0016515237162053
"ENSG00000085721",0.299093792276241,7.4319416304913e-05,0.00165182887579255
"ENSG00000250863",0.29906435289517,7.44468135611407e-05,0.00165286965866048
"ENSG00000167083",0.299023061777088,7.46258434156447e-05,0.00165564993048754
"ENSG00000231852",0.298915144147929,7.50956594044315e-05,0.00166367432051344
"ENSG00000126749",0.298898739103685,7.5167320486143e-05,0.001664662674343
"ENSG00000129757",0.298891269245222,7.51999718095237e-05,0.00166478671404508
"ENSG00000109445",0.298812997988701,7.55429017033199e-05,0.00167177718174366
"ENSG00000180008",0.298782749956692,7.56758195947804e-05,0.00167346410938138
"ENSG00000113811",0.298777092735004,7.57007032451217e-05,0.00167346410938138
"ENSG00000103449",0.298673394599802,7.61581867348211e-05,0.00168236878837323
"ENSG00000073614",0.298609221068281,7.64425965019965e-05,0.00168744015750318
"ENSG00000205765",0.298595163694985,7.65050299174029e-05,0.00168821282224333
"ENSG00000116704",0.298565748746451,7.66358260012198e-05,0.00169049293025773
"ENSG00000130024",0.298497117333785,7.69418166797451e-05,0.00169663459897465
"ENSG00000049239",0.298409857554112,7.73325144237212e-05,0.00170402873888059
"ENSG00000274092",0.29840315811096,7.73625872809486e-05,0.00170408127115916
"ENSG00000257365",0.298220605159968,7.81862715108895e-05,0.00172032018124743
"ENSG00000109814",0.298202014103716,7.8270614316685e-05,0.00172038810268074
"ENSG00000258232",0.298150998457501,7.85024972020801e-05,0.00172486886390747
"ENSG00000213390",0.298070393273478,7.88701865135196e-05,0.0017305825108682
"ENSG00000213799",0.298045723424213,7.89830427893212e-05,0.00173233513379401
"ENSG00000076513",0.298011848621945,7.91382551489078e-05,0.0017351210455591
"ENSG00000144580",0.297899597572177,7.96546276343628e-05,0.00174389247865299
"ENSG00000149218",0.297894100567542,7.96799956124433e-05,0.00174389247865299
"ENSG00000176142",0.297866278364465,7.9808507682413e-05,0.00174608417945483
"ENSG00000137310",0.29778859501193,8.01683594738808e-05,0.00175098520679284
"ENSG00000130147",0.297787213159511,8.01747743523692e-05,0.00175098520679284
"ENSG00000171863",0.297755804160565,8.03207119307314e-05,0.00175292833158331
"ENSG00000253875",0.297541778941572,8.13217951754759e-05,0.00177163488930247
"ENSG00000130702",0.297419054403685,8.19010878750052e-05,0.00178230068094448
"ENSG00000243364",0.297413538127476,8.19272167293635e-05,0.00178230068094448
"ENSG00000166181",0.297407188612155,8.19573020395661e-05,0.00178232515785267
"ENSG00000145050",0.297345454008286,8.22503531983911e-05,0.00178738770329865
"ENSG00000020633",0.297337019866092,8.2290465777511e-05,0.00178738770329865
"ENSG00000166797",0.297333699025648,8.23062646423432e-05,0.00178738770329865
"ENSG00000167850",0.297104433604758,8.34038870480478e-05,0.00180994669410616
"ENSG00000082516",0.297067382775841,8.35825517223647e-05,0.00181318454818513
"ENSG00000143321",0.296988955608363,8.39619223674708e-05,0.00182077256877506
"ENSG00000183283",0.296902137000747,8.43837647466706e-05,0.00182863183717222
"ENSG00000081154",0.296776764368099,8.49964407966877e-05,0.00183931819704337
"ENSG00000123268",0.296714915527421,8.53002182726418e-05,0.00184524310487573
"ENSG00000135974",0.296631599761288,8.57110403851262e-05,0.00185347866109002
"ENSG00000173548",0.296616334598924,8.5786511987965e-05,0.00185445911267556
"ENSG00000107290",0.296584320070525,8.59449953086791e-05,0.00185723272165637
"ENSG00000100889",0.296575645708284,8.598798367329e-05,0.00185750946549279
"ENSG00000103342",0.296561795123651,8.60566660799995e-05,0.00185768904146878
"ENSG00000173926",0.296486178581792,8.64325407373407e-05,0.0018644483652049
"ENSG00000198948",0.296233493049556,8.76997710678546e-05,0.00188984408634455
"ENSG00000065320",0.296205693988145,8.78402419011406e-05,0.00189220855707518
"ENSG00000101596",0.296112718180498,8.83115879060606e-05,0.00190169641920595
"ENSG00000178999",0.29603921877301,8.86858719335793e-05,0.00190802733372801
"ENSG00000101224",0.295905950490439,8.93683097881218e-05,0.00192176214451438
"ENSG00000057608",0.295861811140356,8.95954194149049e-05,0.0019255186409271
"ENSG00000197496",0.295843148774961,8.96916050586838e-05,0.00192669463934787
"ENSG00000110330",0.295785625859724,8.99886861014555e-05,0.00193172783307568
"ENSG00000095564",0.295657121124031,9.06556882996442e-05,0.00194468932754036
"ENSG00000198464",0.295548962308631,9.12206690949443e-05,0.00195469018311479
"ENSG00000282024",0.295499437955654,9.14804641561585e-05,0.00195896787961956
"ENSG00000151116",0.295473557006934,9.16165059178837e-05,0.00196119869224704
"ENSG00000168528",0.295298502172282,9.25416557958696e-05,0.00197893803485094
"ENSG00000100578",0.295260844113739,9.27418149064667e-05,0.00198184106132069
"ENSG00000287090",0.295183789562652,9.31526366257235e-05,0.00198992914560692
"ENSG00000080200",0.295168743620745,9.32330536117562e-05,0.00199095595124286
"ENSG00000289298",0.295161056929798,9.32741622205619e-05,0.00199114292046558
"ENSG00000137831",0.295137080965275,9.34024952629398e-05,0.00199250023170273
"ENSG00000278588",0.295088275176043,9.36642424296169e-05,0.0019953174579745
"ENSG00000285774",0.294965146948823,9.43276371681611e-05,0.00200597792048283
"ENSG00000130150",0.29481800510193,9.51261801735114e-05,0.00202016757508578
"ENSG00000129083",0.294804725662796,9.51985584376122e-05,0.00202100727164002
"ENSG00000168172",0.294776501139247,9.53525646005791e-05,0.00202357870199243
"ENSG00000169189",0.294749069220761,9.55024693263366e-05,0.00202606134857637
"ENSG00000059378",0.294734375424035,9.55828558605726e-05,0.00202706798107618
"ENSG00000132405",0.294539853502263,9.66530273599128e-05,0.00204694215961407
"ENSG00000276410",0.294341360689225,9.77565944350494e-05,0.00206888990643421
"ENSG00000140105",0.294308066810414,9.79428500936978e-05,0.00207211920459489
"ENSG00000225101",0.294223459388916,9.84176637044891e-05,0.00208144903609247
"ENSG00000203875",0.29417188634041,9.87081452249936e-05,0.002086158684659
"ENSG00000198315",0.294079867256586,9.92284294951064e-05,0.00209643476307821
"ENSG00000102871",0.294027727759359,9.95243685289846e-05,0.00210116259426633
"ENSG00000122884",0.294022404440293,9.9554629612645e-05,0.00210116259426633
"ENSG00000176170",0.294014513985462,9.95994997414534e-05,0.00210138896540556
"ENSG00000099331",0.293880336653985,0.000100365419380714,0.00211532280364899
"ENSG00000289470",0.293874754080639,0.00010039740526223,0.00211532280364899
"ENSG00000113369",0.293767024087958,0.000101016525116199,0.00212691105773224
"ENSG00000182552",0.293756756690834,0.000101075717464256,0.00212742953338583
"ENSG00000197563",0.293735768154661,0.000101196818983895,0.00212925026582729
"ENSG00000010292",0.293715452257083,0.00010131416871262,0.00212981051979155
"ENSG00000138398",0.293713186344968,0.000101327265077825,0.00212981051979155
"ENSG00000140006",0.293605490300046,0.000101951548788079,0.002140739037398
"ENSG00000185947",0.293578110291762,0.000102110835615812,0.00214335241034773
"ENSG00000141298",0.293394972693617,0.000103182263355077,0.00216362835295567
"ENSG00000066322",0.293375027266071,0.000103299584854716,0.00216461343217522
"ENSG00000169223",0.293363213740331,0.000103369132312883,0.0021653335190824
"ENSG00000172469",0.293285639583778,0.000103826908566534,0.00217349680416585
"ENSG00000135452",0.293285207244574,0.000103829465167158,0.00217349680416585
"ENSG00000110880",0.29322582953565,0.000104181150006361,0.00217881385470814
"ENSG00000198774",0.293152597715241,0.000104616424889592,0.00218625237806624
"ENSG00000165997",0.293127148688835,0.000104768086475275,0.00218867858589081
"ENSG00000157554",0.293095070976913,0.000104959544155262,0.00219193423328519
"ENSG00000159592",0.292847439059054,0.0001064486001746,0.0022186174132522
"ENSG00000073921",0.292827401281866,0.000106569950903224,0.00221954012128191
"ENSG00000182704",0.292814196191842,0.000106649992916695,0.00222045573885829
"ENSG00000115648",0.292779494853946,0.000106860601449431,0.00222408821630158
"ENSG00000122176",0.292718141669232,0.000107233916685839,0.00223034949932858
"ENSG00000213793",0.292710549113087,0.000107280199753553,0.00223055831541644
"ENSG00000167977",0.292646709862625,0.000107670093584004,0.00223697371015375
"ENSG00000184678",0.292642610261133,0.000107695176838659,0.00223697371015375
"ENSG00000136451",0.292610486959786,0.000107891911257321,0.0022387389704722
"ENSG00000138674",0.292596977364021,0.00010797474911985,0.0022397027164921
"ENSG00000289233",0.292484598724735,0.000108666138667362,0.00225025196438229
"ENSG00000175061",0.292474215511385,0.000108730227998121,0.00225082177999205
"ENSG00000175287",0.292354808970026,0.000109469797348474,0.00226384718011239
"ENSG00000130940",0.292323219590166,0.000109666238007106,0.00226692263839765
"ENSG00000138794",0.292319051607388,0.000109692181482325,0.00226692263839765
"ENSG00000187720",0.292298661073834,0.000109819184427516,0.00226878546035819
"ENSG00000106714",0.292243749843485,0.000110161884339421,0.00227510168113602
"ENSG00000165512",0.292083159255023,0.000111169873530019,0.00229361002230355
"ENSG00000106588",0.292021433318567,0.000111559601596798,0.00229825532753441
"ENSG00000114933",0.291945509549818,0.000112040724298239,0.0023069368806326
"ENSG00000184384",0.291924523745983,0.000112174051379594,0.00230890963816244
"ENSG00000140750",0.291895338141998,0.000112359720034662,0.00231195807750359
"ENSG00000286067",0.291868221980349,0.000112532481025599,0.00231473897467896
"ENSG00000130958",0.29183652353231,0.000112734751214021,0.0023180180748542
"ENSG00000168658",0.291831439355845,0.000112767225336564,0.0023180180748542
"ENSG00000116830",0.291820381469574,0.000112837885485048,0.00231869610159993
"ENSG00000140264",0.291788434210371,0.000113042261792573,0.00232212048056146
"ENSG00000172123",0.291778630591437,0.000113105047867356,0.00232263499030649
"ENSG00000204397",0.291711128303872,0.00011353824372168,0.00233075305924185
"ENSG00000288775",0.291694431711237,0.000113645633071648,0.00233140228058717
"ENSG00000137812",0.291583263768679,0.00011436306850522,0.00234533844987846
"ENSG00000071073",0.291437462092448,0.000115310434825457,0.00236397914753429
"ENSG00000168209",0.291294255175954,0.000116248077399541,0.00238161507173015
"ENSG00000178343",0.291264853299204,0.000116441464788694,0.0023842178200138
"ENSG00000122566",0.291218934828034,0.000116744089689398,0.00238780267724968
"ENSG00000186432",0.291087944408303,0.000117611423895827,0.0024031465711304
"ENSG00000147509",0.291075279441438,0.000117695601639275,0.00240406840600317
"ENSG00000125107",0.290924081108245,0.00011870489974418,0.00242262367125509
"ENSG00000187068",0.290867291578156,0.000119086073366883,0.00242924537596668
"ENSG00000072210",0.29074996642816,0.000119877189638866,0.00244340263838646
"ENSG00000257335",0.29069280591337,0.000120264396039613,0.00245003376029857
"ENSG00000096996",0.290635486876505,0.000120653849503646,0.00245715437255208
"ENSG00000091527",0.290541999119879,0.000121291580151649,0.00246872951792146
"ENSG00000274441",0.290540409456295,0.000121302451290044,0.00246872951792146
"ENSG00000151135",0.290469559647663,0.000121787893184975,0.00247778978452102
"ENSG00000182919",0.290416024908181,0.000122155900588166,0.00248445563311239
"ENSG00000163909",0.290389953578192,0.000122335495523986,0.00248646490638316
"ENSG00000282851",0.290366387133154,0.000122498047556628,0.00248828343125968
"ENSG00000005700",0.290365259595533,0.000122505829921955,0.00248828343125968
"ENSG00000141543",0.290299682258575,0.000122959246043599,0.0024950226965075
"ENSG00000073350",0.290248201932306,0.000123316290313226,0.00249979504974873
"ENSG00000073792",0.29006488742588,0.000124595557277711,0.00252240426878271
"ENSG00000123485",0.290044258043673,0.000124740293663311,0.00252450398987663
"ENSG00000109618",0.290013653456242,0.00012495530576463,0.00252743559149245
"ENSG00000005812",0.289962887894557,0.000125312722087573,0.00253324839192043
"ENSG00000143412",0.289925376324687,0.000125577436611251,0.00253727437912108
"ENSG00000108518",0.289799260636093,0.000126471254633396,0.00255365711783389
"ENSG00000166266",0.289686101341611,0.000127278301586963,0.0025682674730715
"ENSG00000168916",0.289616988530223,0.000127773574437677,0.00257572776455696
"ENSG00000133131",0.289552537810346,0.000128237059493448,0.00258337858902284
"ENSG00000135272",0.289545378913676,0.000128288638114654,0.00258357197124615
"ENSG00000026297",0.289439985619308,0.000129050224559707,0.00259805921501557
"ENSG00000167081",0.289419858942573,0.000129196142018681,0.00260014629313202
"ENSG00000167785",0.28939412834148,0.000129382912085093,0.00260220324881209
"ENSG00000243811",0.289387671863562,0.000129429817117887,0.00260229619885765
"ENSG00000156384",0.289282155992497,0.000130198623052136,0.00261355129982939
"ENSG00000181458",0.289242421186854,0.000130489241142204,0.00261761077472483
"ENSG00000177873",0.28914816728784,0.000131181033336239,0.00262891745869278
"ENSG00000198848",0.289105904320462,0.000131492340256803,0.0026342983687385
"ENSG00000138376",0.289078647905019,0.000131693475441119,0.00263661133784912
"ENSG00000178209",0.288953864620554,0.000132617971331093,0.0026516700544512
"ENSG00000263155",0.288849575737927,0.000133395273266544,0.00266375038868143
"ENSG00000072501",0.288816055643411,0.000133646012398873,0.0026678917246436
"ENSG00000106263",0.288794989417464,0.00013380381843214,0.00267017581115033
"ENSG00000198909",0.288735776138161,0.000134248314412317,0.00267730987109255
"ENSG00000253764",0.28866930964742,0.000134748900224279,0.0026856630477965
"ENSG00000129467",0.288656860524917,0.000134842853123484,0.0026856630477965
"ENSG00000137573",0.288650190912048,0.000134893213513158,0.0026856630477965
"ENSG00000164930",0.288588803835552,0.000135357555560662,0.00269245164816592
"ENSG00000087088",0.288475281600585,0.000136220190643345,0.002708735189969
"ENSG00000149289",0.28844617293296,0.000136442207464138,0.00271227364863466
"ENSG00000120519",0.288417505057292,0.000136661192435148,0.0027141080063176
"ENSG00000221887",0.288397127660651,0.000136817048476946,0.00271621562305327
"ENSG00000152818",0.288345530218808,0.000137212432663627,0.00272231154110705
"ENSG00000080839",0.288345512336627,0.000137212569877065,0.00272231154110705
"ENSG00000117533",0.288306035469749,0.000137515796006941,0.00272744832402552
"ENSG00000108510",0.288217833260649,0.000138195548488875,0.00273828294790705
"ENSG00000133687",0.288024755311328,0.000139694515380963,0.00276442419762251
"ENSG00000205213",0.287933336933668,0.000140409526532307,0.0027772466444965
"ENSG00000143878",0.287859081623927,0.000140992812718416,0.00278498369655884
"ENSG00000244625",0.287851790040503,0.000141050210941341,0.00278498369655884
"ENSG00000136783",0.287814197450004,0.000141346480269174,0.00278993835204812
"ENSG00000253858",0.287772589732416,0.000141675070186049,0.00279463157677249
"ENSG00000173207",0.2877093677935,0.000142175719731617,0.00280181315887372
"ENSG00000182175",0.287703476417776,0.000142222457078626,0.00280183703535435
"ENSG00000133812",0.287681656739376,0.000142395681457436,0.0028032753468164
"ENSG00000008517",0.287671338834739,0.000142477662889017,0.0028032753468164
"ENSG00000172939",0.287570827413775,0.000143278589402654,0.00281723243009487
"ENSG00000106991",0.287518300237582,0.00014369882270415,0.00282369104230657
"ENSG00000140092",0.287497647905039,0.000143864362426619,0.00282604159629233
"ENSG00000144426",0.287467725214069,0.000144104524886687,0.00282985605603901
"ENSG00000135365",0.287417893845283,0.000144505306896396,0.00283591664784176
"ENSG00000142166",0.287389051282022,0.000144737755900929,0.00283957298347682
"ENSG00000123096",0.287311402159179,0.00014536528384145,0.00285006722801473
"ENSG00000173890",0.287299789914447,0.000145459347120228,0.00285100320355648
"ENSG00000137497",0.287224078872358,0.000146074027053866,0.00285940837182034
"ENSG00000178150",0.28721806733086,0.000146122937053103,0.00285945629189068
"ENSG00000100985",0.287193361531587,0.000146324104336295,0.00286248273276318
"ENSG00000165527",0.287166883644067,0.000146539987751175,0.00286579504485487
"ENSG00000169026",0.28715178288785,0.000146663242512254,0.0028672943447186
"ENSG00000114503",0.28709314285622,0.000147142789513555,0.0028757560615504
"ENSG00000174021",0.28708496702141,0.000147209766028636,0.00287615169538614
"ENSG00000139324",0.287069494628715,0.000147336593877318,0.00287771606905289
"ENSG00000120129",0.287044703768685,0.000147540018166849,0.00288022621613678
"ENSG00000081019",0.286921130623777,0.000148557926708265,0.00289706216185266
"ENSG00000167635",0.286801800248715,0.000149547101920927,0.00291257178500682
"ENSG00000112739",0.286789416965748,0.000149650102880763,0.00291365578351587
"ENSG00000175899",0.286628125579943,0.00015099774263291,0.00293710653369147
"ENSG00000102189",0.286615169609774,0.000151106483596109,0.00293711700088438
"ENSG00000177045",0.286605323001558,0.000151189176179672,0.00293711700088438
"ENSG00000025434",0.286481679326878,0.00015223114526288,0.0029545612122544
"ENSG00000167693",0.28646588053381,0.000152364766368773,0.00295622231443876
"ENSG00000167930",0.286284099006837,0.000153910108366361,0.0029838312087521
"ENSG00000172638",0.286213020095736,0.000154518323264616,0.0029932879090329
"ENSG00000100926",0.28615552125484,0.000155011974484486,0.00300096160983743
"ENSG00000111877",0.286064407968442,0.000155797232967285,0.00301237351735425
"ENSG00000165288",0.285808050273673,0.000158026599587763,0.00304877399530698
"ENSG00000103335",0.285623980167648,0.00015964564269394,0.00307518980718493
"ENSG00000074660",0.285592333136384,0.000159925557127632,0.00307961779970681
"ENSG00000167766",0.285575242063509,0.000160076916011356,0.00308156825742974
"ENSG00000079335",0.2855619343873,0.000160194861550968,0.00308287447132357
"ENSG00000166881",0.285445517177291,0.000161230124809477,0.00309892154942988
"ENSG00000140043",0.285436134751953,0.00016131383098521,0.0030995624146593
"ENSG00000185043",0.285362182771807,0.000161975020328442,0.00310760717331689
"ENSG00000140577",0.285358082456734,0.00016201175423632,0.00310760717331689
"ENSG00000166037",0.285349800822723,0.000162085971440713,0.00310760717331689
"ENSG00000273007",0.285289491922653,0.000162627396224315,0.00311701665313898
"ENSG00000279118",0.28526287973296,0.000162866843722804,0.00312016064937728
"ENSG00000196975",0.285259994107742,0.000162892827350338,0.00312016064937728
"ENSG00000094975",0.285251641213178,0.000162968062823522,0.00312063050977313
"ENSG00000185633",0.284932962021202,0.000165862760205516,0.00317014214723238
"ENSG00000176641",0.284794263161407,0.000167137531860845,0.00319153343495001
"ENSG00000170802",0.284761633710689,0.000167438751130163,0.00319629357926637
"ENSG00000047617",0.284611767264047,0.000168828757061037,0.00321883427031117
"ENSG00000147592",0.284603034517575,0.00016891008371325,0.00321938748592389
"ENSG00000175548",0.284564065862338,0.000169273437763662,0.00322531407236124
"ENSG00000166750",0.284532685749337,0.000169566563707438,0.00322913265243233
"ENSG00000225217",0.284492069382278,0.000169946669356614,0.00323513696841431
"ENSG00000170836",0.28444749806222,0.000170364701119375,0.00323975792447884
"ENSG00000282608",0.284443741172793,0.000170399980526745,0.00323975792447884
"ENSG00000076258",0.284423137779834,0.000170593579649481,0.00324200478192952
"ENSG00000086666",0.284419954121535,0.000170623513074706,0.00324200478192952
"ENSG00000133561",0.284376533430632,0.000171032252578528,0.00324676401995464
"ENSG00000116691",0.284319213510878,0.000171573229864226,0.00325602925031265
"ENSG00000171606",0.284285811931126,0.000171889204296462,0.00326102009532104
"ENSG00000164708",0.284166238299981,0.000173024806487437,0.00327953147227066
"ENSG00000174130",0.284036510431501,0.000174264750653455,0.00329841881531883
"ENSG00000079150",0.284033955237032,0.00017428925626246,0.00329841881531883
"ENSG00000164035",0.284016243001795,0.000174459213881628,0.00330062030714138
"ENSG00000289161",0.283897023999463,0.000175607203798871,0.0033202979264509
"ENSG00000133858",0.283857843828927,0.000175986013923325,0.00332643834179886
"ENSG00000151062",0.283810033050305,0.000176449299946958,0.00333387234243333
"ENSG00000135362",0.283806080329328,0.000176487652600542,0.00333387234243333
"ENSG00000279302",0.283756405134265,0.000176970306260653,0.00334179070110104
"ENSG00000128708",0.283746188006292,0.000177069730214001,0.00334179070110104
"ENSG00000172086",0.283673993477434,0.00017777374756315,0.00334994106553169
"ENSG00000147324",0.283660435747996,0.00017790624865808,0.00335049710154223
"ENSG00000136630",0.283659833514246,0.000177912136485116,0.00335049710154223
"ENSG00000125398",0.283635045957691,0.000178154633287312,0.00335403755002579
"ENSG00000172466",0.283504061238025,0.000179441179581099,0.00337516135578824
"ENSG00000289697",0.283330030876037,0.000181163919422441,0.0034054832794547
"ENSG00000203805",0.283283281817336,0.000181629310745115,0.00341214722237404
"ENSG00000164713",0.283229405677117,0.000182167034323626,0.00342067050197547
"ENSG00000137710",0.283076218117281,0.000183704074188193,0.00344376592806523
"ENSG00000105339",0.282975456831292,0.00018472166202646,0.00346073362793195
"ENSG00000159086",0.282900127137759,0.000185485843994688,0.00347305611982006
"ENSG00000146281",0.282828551159042,0.000186214674034914,0.00348340300875524
"ENSG00000279141",0.28273271123932,0.000187194752258489,0.00349854656331504
"ENSG00000124333",0.282694246779012,0.000187589447039071,0.00350166967806267
"ENSG00000124333",0.282694246779012,0.000187589447039071,0.00350166967806267
"ENSG00000146833",0.282687038690169,0.000187663497481665,0.00350198977835403
"ENSG00000007312",0.282653551078805,0.000188007881058559,0.00350702287745948
"ENSG00000153066",0.282649733548058,0.000188047177557784,0.00350702287745948
"ENSG00000089597",0.282632699513001,0.000188222613978057,0.00350923131010771
"ENSG00000166265",0.282575624356975,0.000188811552533663,0.00351914542372251
"ENSG00000104903",0.282556832393928,0.000189005835518698,0.00352170001246223
"ENSG00000153993",0.282533819036114,0.000189244015552114,0.0035243801898397
"ENSG00000198856",0.282523878138804,0.000189346986726989,0.0035243801898397
"ENSG00000152422",0.282506365275611,0.000189528517845308,0.00352610130056578
"ENSG00000153140",0.282417946365215,0.000190447509623635,0.00354105786473625
"ENSG00000122565",0.282399979129609,0.000190634760729068,0.00354346895630013
"ENSG00000151617",0.282347297270843,0.000191184789987923,0.00355261978110408
"ENSG00000023318",0.282333219218977,0.000191332023101823,0.0035542825323811
"ENSG00000182179",0.282323092446319,0.000191437997672417,0.00355517807143972
"ENSG00000130517",0.282307105005807,0.000191605414198621,0.00355721375910707
"ENSG00000274997",0.282266387891915,0.000192032409819975,0.00356406593183371
"ENSG00000135829",0.282252287976538,0.000192180480450862,0.00356573876661677
"ENSG00000169251",0.282212819172635,0.000192595528737499,0.00357202405172963
"ENSG00000123405",0.282118809520116,0.000193587485369202,0.00358751827749539
"ENSG00000124226",0.282092692005814,0.000193863911489302,0.00358890534660006
"ENSG00000174839",0.282088380640972,0.000193909578034447,0.00358890534660006
"ENSG00000144642",0.282084196567697,0.000193953905868839,0.00358890534660006
"ENSG00000169413",0.282074353503509,0.000194058224652101,0.00358975635046255
"ENSG00000282988",0.282018558372745,0.000194650540942611,0.00359794870465726
"ENSG00000111642",0.281857577577626,0.000196368948881183,0.00362596177316037
"ENSG00000246082",0.281771024743034,0.000197298696099886,0.00364203687845573
"ENSG00000157181",0.281759810152976,0.000197419462302698,0.00364223089557206
"ENSG00000196329",0.281753564519773,0.000197486749293578,0.00364223089557206
"ENSG00000112977",0.281620044388904,0.000198930339188931,0.00366446237505045
"ENSG00000119681",0.281600328818901,0.000199144330150306,0.00366696525445053
"ENSG00000110075",0.281512671931104,0.000200098347218255,0.00368091696555008
"ENSG00000111615",0.281510444337161,0.000200122646671171,0.00368091696555008
"ENSG00000278828",0.281483819781581,0.00020041329031616,0.00368516149961689
"ENSG00000241852",0.281440998048948,0.000200881572899823,0.00369062156759277
"ENSG00000159256",0.281438630702414,0.000200907491015585,0.00369062156759277
"ENSG00000159322",0.281434739559708,0.000200950098677424,0.00369062156759277
"ENSG00000128915",0.281387241637704,0.000201470875197699,0.00369908220261551
"ENSG00000163738",0.281300612413857,0.000202423932047418,0.00371325736927758
"ENSG00000105825",0.281261359836385,0.000202857152036153,0.00372009551993831
"ENSG00000138722",0.281249751119545,0.000202985439563308,0.00372133925900632
"ENSG00000035403",0.281203140273659,0.000203501295218026,0.0037285750857095
"ENSG00000104312",0.281151447569382,0.000204074820385134,0.00373797046005436
"ENSG00000092964",0.280967545544974,0.00020612741543519,0.00376812379444985
"ENSG00000162888",0.280898589634952,0.000206901998083181,0.00377819546831238
"ENSG00000155545",0.280894661898565,0.00020694619985183,0.00377819546831238
"ENSG00000100219",0.280797593749485,0.000208041377476095,0.00379593789961126
"ENSG00000213088",0.280781640713737,0.000208221883940434,0.00379645993146716
"ENSG00000105855",0.280778711018793,0.000208255048885889,0.00379645993146716
"ENSG00000095383",0.280765656730919,0.000208402886755918,0.0037980299859361
"ENSG00000150527",0.28072049114292,0.000208915134295096,0.00380623831410817
"ENSG00000124789",0.28064442565356,0.000209780484035042,0.00381974263593272
"ENSG00000268027",0.280609504887748,0.000210178872151054,0.00382586468727136
"ENSG00000164692",0.28046687704971,0.000211813341969369,0.00384992330719516
"ENSG00000100883",0.280421416206294,0.000212336789823225,0.00385829801974626
"ENSG00000162496",0.280415657650232,0.000212403181157108,0.00385836522465557
"ENSG00000183439",0.280392622549904,0.000212668949839538,0.00386034178485331
"ENSG00000165895",0.280389918728107,0.000212700165612205,0.00386034178485331
"ENSG00000145740",0.280355805835996,0.000213094367282698,0.00386428843850023
"ENSG00000174004",0.280323095832132,0.000213472995885588,0.00386492432417446
"ENSG00000141338",0.280321182877091,0.000213495158308747,0.00386492432417446
"ENSG00000067141",0.28031922423077,0.000213517852303931,0.00386492432417446
"ENSG00000133773",0.280312406840673,0.000213596859986569,0.00386521762746644
"ENSG00000108506",0.280024267852504,0.00021696112523104,0.0039180327145596
"ENSG00000131013",0.279994690014433,0.000217309247623732,0.00392316818297299
"ENSG00000167325",0.279713210053545,0.000220648289992598,0.00397994676415722
"ENSG00000118620",0.279675515523089,0.000221099046163912,0.00398574097747855
"ENSG00000204138",0.279639545495471,0.000221529979173756,0.00399179989938696
"ENSG00000144747",0.279631228353938,0.000221629732487412,0.00399179989938696
"ENSG00000186407",0.279567174199733,0.000222399380274402,0.00400331894109617
"ENSG00000162747",0.279526750093291,0.000222886378314488,0.00400885224296927
"ENSG00000150938",0.279440203735007,0.000223932358708148,0.00402620306290804
"ENSG00000168487",0.279313075733578,0.000225477082502541,0.00405042660990554
"ENSG00000152207",0.279228802100988,0.000226506542795417,0.00406773232267323
"ENSG00000179387",0.279193586876228,0.000226938014730212,0.00407310387242816
"ENSG00000048392",0.279181085283088,0.000227091373364191,0.00407348046701422
"ENSG00000147475",0.279158936288738,0.000227363314605189,0.00407615873992455
"ENSG00000147854",0.279158135930607,0.000227373146921893,0.00407615873992455
"ENSG00000162772",0.27907811227975,0.0002283582282666,0.00409030816589623
"ENSG00000142871",0.27907757143395,0.000228364899496605,0.00409030816589623
"ENSG00000104133",0.279072435004981,0.000228428265406625,0.00409030816589623
"ENSG00000152700",0.279058868472814,0.000228595708514969,0.00409211584783165
"ENSG00000235868",0.278945328424447,0.000230001543805699,0.00411369224410867
"ENSG00000240775",0.278909190113342,0.000230450687045008,0.00412052791501975
"ENSG00000085563",0.278794949846925,0.000231875887543413,0.00414119838159368
"ENSG00000039537",0.27878834706151,0.00023195851042069,0.00414147216864837
"ENSG00000144476",0.278756887514835,0.000232352550461879,0.00414730434037873
"ENSG00000254004",0.278733234122578,0.000232649226014275,0.00415025386452943
"ENSG00000105352",0.278728140646589,0.000232713157637646,0.00415025386452943
"ENSG00000117335",0.278688610771855,0.000233209879250194,0.00415778354825433
"ENSG00000134371",0.278514845690826,0.000235405079424121,0.00419327647122376
"ENSG00000149311",0.278425168695847,0.000236545484727529,0.00420860453907634
"ENSG00000280091",0.278412965319165,0.000236701069246203,0.00420905247202783
"ENSG00000264522",0.27835955234978,0.000237383167618149,0.00421752588564992
"ENSG00000243646",0.277978288595438,0.000242305352514292,0.00429505778085818
"ENSG00000119396",0.277927709483025,0.00024296542068655,0.00430427859836876
"ENSG00000119953",0.277870070085153,0.000243719664866868,0.00431391517243788
"ENSG00000156482",0.277735712189831,0.00024548627274977,0.00434143884198617
"ENSG00000250295",0.277672115324507,0.000246326621794573,0.00435379828021976
"ENSG00000183615",0.277599628387864,0.000247287702040359,0.00436702276452564
"ENSG00000262209",0.277581549004067,0.000247527953092981,0.00436875834389287
"ENSG00000146192",0.277563861346213,0.000247763208578754,0.00437165679723935
"ENSG00000128604",0.277472271664475,0.000248984729265391,0.00439069231458717
"ENSG00000160593",0.277345637437148,0.000250682856868238,0.00441937145319359
"ENSG00000160336",0.277260375249069,0.000251832254643807,0.00443709255075822
"ENSG00000145416",0.27724601619799,0.000252026306570811,0.00443924070165827
"ENSG00000142632",0.277226019400786,0.000252296779995011,0.00444273334134849
"ENSG00000165392",0.277187016239056,0.000252825106837357,0.00445076326521691
"ENSG00000204103",0.277163820779614,0.000253139793979977,0.00445375514028122
"ENSG00000156869",0.277127282208142,0.000253636242312755,0.00446121431748963
"ENSG00000100600",0.277000462823566,0.000255366362128463,0.00448907951751904
"ENSG00000128789",0.276877282351824,0.000257057332676922,0.00451088896783909
"ENSG00000066654",0.276867404590679,0.000257193380153181,0.00451088896783909
"ENSG00000236882",0.276814183622769,0.000257927550484017,0.00452118859783206
"ENSG00000132912",0.276709817840885,0.000259372908200825,0.0045437267106971
"ENSG00000258738",0.276673391290819,0.000259879147357867,0.00454928603088722
"ENSG00000279933",0.276671887477758,0.000259900066368768,0.00454928603088722
"ENSG00000143870",0.276609186649384,0.000260773669297356,0.00456198257624687
"ENSG00000129460",0.276535536208353,0.000261803316315359,0.00457739298275923
"ENSG00000154217",0.27652174069627,0.000261996599705946,0.00457947138094369
"ENSG00000226479",0.276350221414414,0.000264410785026395,0.00461773477686279
"ENSG00000230551",0.27628702888869,0.00026530543675936,0.00463008096966467
"ENSG00000169679",0.27625826800063,0.000265713551192456,0.00463522528191284
"ENSG00000138821",0.276153873810032,0.000267199801040352,0.00465983127096272
"ENSG00000130164",0.276105762563459,0.000267887352601678,0.00466917565236977
"ENSG00000140022",0.276057000188097,0.000268585886091339,0.00468002541721556
"ENSG00000149633",0.275989251235676,0.000269559215981402,0.00469034560032779
"ENSG00000099251",0.275803267410216,0.000272248061795987,0.00473178049002322
"ENSG00000172354",0.275693272231484,0.000273850010165229,0.00475827922800927
"ENSG00000153187",0.27567944603611,0.000274051990428296,0.00476044473579425
"ENSG00000119632",0.275655529577086,0.000274401701226635,0.00476517446396501
"ENSG00000247774",0.275545244379413,0.000276019680175796,0.00478786786830304
"ENSG00000087842",0.275422199524756,0.000277835309276131,0.00481664683777189
"ENSG00000139117",0.275384599372455,0.000278392339393677,0.00482358618683685
"ENSG00000136514",0.275255591968413,0.000280311422224672,0.00485410415571052
"ENSG00000108771",0.274868234627102,0.000286147728908974,0.00494126706733275
"ENSG00000271811",0.274843746257466,0.000286520460255067,0.00494631562578901
"ENSG00000189403",0.274799699546437,0.000287192019044005,0.00495512913373823
"ENSG00000133104",0.274655540044761,0.000289400181066402,0.00498970455872046
"ENSG00000125691",0.274648853056592,0.000289502990484939,0.00498970455872046
"ENSG00000198399",0.274571927383531,0.000290688129054992,0.00500603329444161
"ENSG00000241839",0.274565129509185,0.000290793075322189,0.00500603329444161
"ENSG00000166046",0.274501418819679,0.000291778358368555,0.00502018654946445
"ENSG00000007968",0.27448348955878,0.000292056191877872,0.00502356240160194
"ENSG00000122406",0.274365167085974,0.000293895895262328,0.00504956141206719
"ENSG00000062822",0.27422973420138,0.000296014835594572,0.0050802947690553
"ENSG00000132031",0.274110996271194,0.000297884229136771,0.00510952814882761
"ENSG00000168944",0.274045761736327,0.000298915930516297,0.00512579605118278
"ENSG00000165244",0.273974461166635,0.000300047360611834,0.00514233215301998
"ENSG00000122482",0.273909252733581,0.000301085596434334,0.00515725353380314
"ENSG00000176783",0.273844788620154,0.000302115257807887,0.00517201152337374
"ENSG00000131171",0.27382401362477,0.000302447784763161,0.00517482526145787
"ENSG00000170801",0.2738142271857,0.000302604545288766,0.00517606840890823
"ENSG00000141506",0.27372274427203,0.000304073582454846,0.00519686324870899
"ENSG00000132554",0.273696566417109,0.000304495163994499,0.00520063819337201
"ENSG00000289581",0.273693290048784,0.000304547966477849,0.00520063819337201
"ENSG00000286071",0.273593152332513,0.000306165906658263,0.00522391864690218
"ENSG00000246582",0.273567102433556,0.000306588104212759,0.00522822340971738
"ENSG00000135913",0.27354990158887,0.000306867178892822,0.00523153286919109
"ENSG00000117971",0.273517057615879,0.000307400710004257,0.00523772682627408
"ENSG00000179021",0.273500433888396,0.000307671080692053,0.00523798312312911
"ENSG00000170144",0.273491841552976,0.000307810914153656,0.00523891451899132
"ENSG00000151012",0.27347763179107,0.00030804229619963,0.00524044301876441
"ENSG00000066855",0.273284332506077,0.000311205922088481,0.00528792304500649
"ENSG00000265808",0.273238381030584,0.000311962407224965,0.00529639017662159
"ENSG00000213341",0.273101067284338,0.000314233140338246,0.00533200010724483
"ENSG00000183853",0.272991958119289,0.000316048382172747,0.00535689386737525
"ENSG00000164530",0.272969448103517,0.000316424088245958,0.00536178526624704
"ENSG00000170889",0.272945228599858,0.00031682878942983,0.00536683045776845
"ENSG00000100227",0.272852006721871,0.000318390986412998,0.00539066158674045
"ENSG00000120253",0.272798889659388,0.000319284306081512,0.00540281367431415
"ENSG00000137101",0.272712192608818,0.000320747367966244,0.00542309780607542
"ENSG00000158006",0.272587225140279,0.000322867209913661,0.00545294719180196
"ENSG00000131899",0.272563610564529,0.000323269244444141,0.0054552460597944
"ENSG00000108256",0.27254681518496,0.000323555465719133,0.0054582112442867
"ENSG00000183486",0.272542893448847,0.000323622332484112,0.0054582112442867
"ENSG00000157500",0.272436397786292,0.000325443022403655,0.00548441001391306
"ENSG00000174606",0.272391425224015,0.000326214739575725,0.00549591019229357
"ENSG00000248810",0.272367312124747,0.000326629212556253,0.00549687401081817
"ENSG00000133818",0.272342153099353,0.000327062184259713,0.00550115197269193
"ENSG00000115486",0.272248745839669,0.000328674328024233,0.00552290770104595
"ENSG00000172071",0.272246418341374,0.000328714592956768,0.00552290770104595
"ENSG00000145220",0.272213769769451,0.00032927988456494,0.00552938641627959
"ENSG00000113712",0.272150196980685,0.000330383199287129,0.00554597942925581
"ENSG00000178035",0.271992800196752,0.000333129611381867,0.0055848893497373
"ENSG00000160233",0.271978158668391,0.000333386164356939,0.00558743992117189
"ENSG00000255026",0.271973757179295,0.000333463324295859,0.00558743992117189
"ENSG00000126756",0.271946003138617,0.000333950245749807,0.00559407564627821
"ENSG00000137478",0.271910462781494,0.000334574734322738,0.00560301155079146
"ENSG00000116209",0.271826777867822,0.000336049462279162,0.00562437132162009
"ENSG00000183010",0.271822536713629,0.000336124361772369,0.00562437132162009
"ENSG00000105894",0.27181223061846,0.000336306433652701,0.00562588832637179
"ENSG00000114346",0.271686053168869,0.00033854296423922,0.00565557837582749
"ENSG00000289027",0.271681010904945,0.000338632625681209,0.00565557837582749
"ENSG00000287839",0.2716376943146,0.000339403787975358,0.0056653828931802
"ENSG00000066933",0.271595390489461,0.000340158491373077,0.00567490219383699
"ENSG00000205542",0.271516752491577,0.000341565534980017,0.00569126233826961
"ENSG00000147206",0.271514746060697,0.00034160150587495,0.00569126233826961
"ENSG00000134954",0.271503194379084,0.000341808670457784,0.00569317261560321
"ENSG00000143851",0.271461537909967,0.000342556693494557,0.00570408797197754
"ENSG00000134242",0.271446451192614,0.00034282797903477,0.00570551788580743
"ENSG00000155115",0.271420101211452,0.000343302275523683,0.00571128513041709
"ENSG00000286886",0.271416890136221,0.000343360116055883,0.00571128513041709
"ENSG00000149564",0.271411310540608,0.000343460641816664,0.00571141360171975
"ENSG00000135678",0.271349049194154,0.000344584236706916,0.00572540063661396
"ENSG00000084623",0.271248680991819,0.000346402700695333,0.00575256551850879
"ENSG00000082996",0.271231132343216,0.000346721558072492,0.00575475500809425
"ENSG00000233588",0.271188679006422,0.000347494056994701,0.00576602163485626
"ENSG00000128283",0.2711632060968,0.000347958338398365,0.00577061384489059
"ENSG00000107338",0.271148627735284,0.000348224309215421,0.00577346898878068
"ENSG00000211897",0.271140909516512,0.000348365198372605,0.00577409299527877
"ENSG00000154451",0.271106161908483,0.000349000139433696,0.00578165937585663
"ENSG00000116954",0.270992689317513,0.000351081096731336,0.0058130037711147
"ENSG00000145868",0.270987539854474,0.000351175804229459,0.00581300798695476
"ENSG00000100065",0.270960726714835,0.000351669326854516,0.00581961200643568
"ENSG00000198931",0.270954290503503,0.000351787887391831,0.0058200090703341
"ENSG00000175544",0.270935228384145,0.000352139245378205,0.00582425630678749
"ENSG00000089472",0.270921826305174,0.000352386470718548,0.00582677940728166
"ENSG00000142937",0.270831908089451,0.000354049338187374,0.00585270278522798
"ENSG00000158104",0.270826312450051,0.000354153058954471,0.00585284529008968
"ENSG00000182199",0.27077081356487,0.000355183312166354,0.00586672081695279
"ENSG00000124549",0.270743399378705,0.000355693239504765,0.00587356714034914
"ENSG00000107672",0.27070020215068,0.00035649812199228,0.00588527908258929
"ENSG00000176731",0.270680523601008,0.000356865346525343,0.00588976156786154
"ENSG00000198252",0.270572313119806,0.000358890951315582,0.00591843105781515
"ENSG00000103018",0.270511642762308,0.000360031303381515,0.00592856482169645
"ENSG00000121594",0.270510192910491,0.000360058595639877,0.00592856482169645
"ENSG00000112473",0.270483558879543,0.000360560300422528,0.0059316554742593
"ENSG00000113971",0.270350901755573,0.000363068823268988,0.00596017808996175
"ENSG00000123384",0.270314315351274,0.000363763505402354,0.0059683980742422
"ENSG00000100596",0.270280965816752,0.000364397800471796,0.00597402723288126
"ENSG00000136938",0.270272519332238,0.000364558611865775,0.00597507195969834
"ENSG00000198625",0.270114426286915,0.00036758068256433,0.0060165918956753
"ENSG00000087077",0.270099078501883,0.000367875300058018,0.00601821304273542
"ENSG00000235387",0.270077583240866,0.000368288292865902,0.0060229580520753
"ENSG00000174444",0.270067803774425,0.000368476329878253,0.0060229580520753
"ENSG00000106460",0.270066479185347,0.00036850180556799,0.0060229580520753
"ENSG00000148803",0.270025974478116,0.000369281616942346,0.00603320091136176
"ENSG00000000003",0.27000760356016,0.000369635804275448,0.00603578294994114
"ENSG00000111341",0.269991378614205,0.000369948879440266,0.00603929279476704
"ENSG00000077984",0.269922538195981,0.000371279952673119,0.00605780843247996
"ENSG00000135506",0.26984556715639,0.000372773489825581,0.00607663308808807
"ENSG00000125945",0.269842729803925,0.00037282865170643,0.00607663308808807
"ENSG00000164889",0.26981091131036,0.000373447763368785,0.00608300272948152
"ENSG00000113282",0.269789569604825,0.000373863555334713,0.0060854426473207
"ENSG00000152990",0.269773436704899,0.000374178150795459,0.00608895296471595
"ENSG00000173473",0.269698770822701,0.000375637350127919,0.0061078533887114
"ENSG00000197894",0.269689055121502,0.000375827611709461,0.00610933294639383
"ENSG00000141524",0.269669911802605,0.000376202754623434,0.00611381630064553
"ENSG00000203814",0.269644447690211,0.000376702300849806,0.00612031848033275
"ENSG00000071967",0.269620030455954,0.000377181886805524,0.00612649301703857
"ENSG00000204628",0.269587047115516,0.000377830620175527,0.00613379258456414
"ENSG00000184898",0.269504434684423,0.000379460023194908,0.00615537366038678
"ENSG00000101425",0.269272856091913,0.000384062314592483,0.00622182971552508
"ENSG00000144028",0.269197615052819,0.000385568713860466,0.00624130482004958
"ENSG00000163879",0.269182068397718,0.000385880654477646,0.00624307018905685
"ENSG00000130224",0.269159241864993,0.000386339087974545,0.0062472025302957
"ENSG00000129071",0.269139350274879,0.000386738989191336,0.00625171753559336
"ENSG00000237499",0.26900083401167,0.000389534372108484,0.00628895681979133
"ENSG00000170759",0.268921822761862,0.000391137259149036,0.00630821579587743
"ENSG00000276368",0.268914780843185,0.000391280413326261,0.00630887130148059
"ENSG00000119684",0.26890319788909,0.000391515987116462,0.0063110162155829
"ENSG00000165609",0.268876919961909,0.000392050913901345,0.00631798414379272
"ENSG00000162520",0.268864376131918,0.00039230650102404,0.00632044798403757
"ENSG00000138459",0.268806244980693,0.000393492969342777,0.00633496737007744
"ENSG00000006611",0.268805093115756,0.000393516512670708,0.00633496737007744
"ENSG00000182578",0.26873267302765,0.000394999351252866,0.00635114311960132
"ENSG00000081377",0.268719448590681,0.00039527068642072,0.00635323560331073
"ENSG00000157978",0.268667523404864,0.000396337742396777,0.00636846269002195
"ENSG00000166523",0.26864942325289,0.000396710324698424,0.00637138314802709
"ENSG00000106803",0.268564619564422,0.000398460288022178,0.00639448239010089
"ENSG00000237172",0.268353031220834,0.000402857721749056,0.00645495330052691
"ENSG00000084207",0.268191426705433,0.000406246558529314,0.00650516117408249
"ENSG00000143183",0.268188492825579,0.000406308324989814,0.00650516117408249
"ENSG00000134758",0.268130804064947,0.000407524603853548,0.00652124134674019
"ENSG00000197977",0.268116712953754,0.000407822205010096,0.00652140358204021
"ENSG00000158373",0.268115272800547,0.000407852632056297,0.00652140358204021
"ENSG00000124508",0.268100748033832,0.000408159623672103,0.00652461711150023
"ENSG00000152683",0.268077620913554,0.000408648873821709,0.00652813965776974
"ENSG00000244754",0.26806114324794,0.000408997787046289,0.00653122984067898
"ENSG00000224307",0.268030308371748,0.000409651454001161,0.00653827517765753
"ENSG00000260912",0.267913994710506,0.000412125895001019,0.00656490265220399
"ENSG00000120913",0.267913688332671,0.000412132431070946,0.00656490265220399
"ENSG00000215217",0.26789566988669,0.000412516993933068,0.00656698030900587
"ENSG00000112306",0.267863636863994,0.000413201486364498,0.00657447576960099
"ENSG00000042980",0.267848507836763,0.000413525133886432,0.0065779247453881
"ENSG00000100592",0.26774259135708,0.000415797530478598,0.00660731111545392
"ENSG00000101413",0.267742385327027,0.000415801962013406,0.00660731111545392
"ENSG00000103479",0.267608884430642,0.0004186826639267,0.00664793753062561
"ENSG00000157551",0.267515023990284,0.000420719044171691,0.00667338475631509
"ENSG00000205413",0.26747404280024,0.000421611036590912,0.00668236663300312
"ENSG00000173085",0.267447639888789,0.000422186646332565,0.00668901466427042
"ENSG00000185262",0.267444834252707,0.000422247854716797,0.00668901466427042
"ENSG00000171115",0.267407149734692,0.000423070784902441,0.00670032639887695
"ENSG00000088882",0.267319736216446,0.00042498538240043,0.00672718631030145
"ENSG00000253729",0.267075174986935,0.000430384626200807,0.00680215496530623
"ENSG00000102753",0.267022545258636,0.000431554814624717,0.00681190292671546
"ENSG00000204524",0.266948236419781,0.00043321203716801,0.00683455565636196
"ENSG00000162909",0.266874025032664,0.000434872960950728,0.00685900089921876
"ENSG00000064490",0.266865846182839,0.000435056371624353,0.00686013562266184
"ENSG00000130487",0.266657683326422,0.000439748581546328,0.00692789176333595
"ENSG00000111886",0.26651539382076,0.000442982826361886,0.00697065827753044
"ENSG00000173221",0.266513578747819,0.000443024224787904,0.00697065827753044
"ENSG00000285577",0.266510920142877,0.000443084869064394,0.00697065827753044
"ENSG00000180917",0.266381846075172,0.00044603837419094,0.00701174602840542
"ENSG00000104814",0.266341597813107,0.000446963062795658,0.00702448793071909
"ENSG00000163812",0.266305926670399,0.000447784075573388,0.00703559436994859
"ENSG00000234380",0.266217653373569,0.000449821788592576,0.00705608746513195
"ENSG00000286076",0.266209709842904,0.000450005578133415,0.00705608746513195
"ENSG00000145391",0.266187762259532,0.000450513740670525,0.00706225615278319
"ENSG00000110080",0.266136233673562,0.000451708892265208,0.00707918820106187
"ENSG00000143353",0.26612392871107,0.000451994726373372,0.00708186441953228
"ENSG00000280441",0.266104729613896,0.000452441039661055,0.00708705302746245
"ENSG00000169515",0.266086300594096,0.000452869834634655,0.00709196465718962
"ENSG00000080986",0.265950652550221,0.0004560375918128,0.00713249747154433
"ENSG00000249307",0.265820887491894,0.000459087130438469,0.00717108080094039
"ENSG00000113504",0.26575170197221,0.000460720718441184,0.00719294670110204
"ENSG00000148346",0.265642215566949,0.000463316865830181,0.0072275580661103
"ENSG00000148943",0.265599675483296,0.000464329222318303,0.00723826688408248
"ENSG00000144445",0.26552710157774,0.000466061037145812,0.00726016931013177
"ENSG00000122026",0.265525967470909,0.000466088147412105,0.00726016931013177
"ENSG00000246731",0.26550364788918,0.000466621982837802,0.0072666455748405
"ENSG00000109787",0.265445477583756,0.000468015946660774,0.00728650984601333
"ENSG00000164039",0.265439412809654,0.000468161501254446,0.00728693258300547
"ENSG00000235513",0.265338457986209,0.000470590572303328,0.0073191878144645
"ENSG00000131375",0.265291957606849,0.000471713331403823,0.0073347966821417
"ENSG00000159140",0.265271047786131,0.000472219009088664,0.00734080492431239
"ENSG00000151414",0.265238474037173,0.000473007762710616,0.00734935363500685
"ENSG00000289316",0.265222812922859,0.000473387420511768,0.00735339279710087
"ENSG00000204540",0.265186837286324,0.000474260611411024,0.00735952977021686
"ENSG00000197937",0.265166600178154,0.000474752455130883,0.00736530504123395
"ENSG00000105640",0.265123587941733,0.000475799393265054,0.0073796869604598
"ENSG00000171551",0.265081666322257,0.000476821838615734,0.00739233358475875
"ENSG00000204634",0.265080307912355,0.00047685500343644,0.00739233358475875
"ENSG00000136235",0.26507125298595,0.000477076128903819,0.00739389908769999
"ENSG00000104415",0.265018953698921,0.000478355157370285,0.00740998988300952
"ENSG00000130779",0.265005534926645,0.000478683836696428,0.00741003547120168
"ENSG00000148288",0.265004087311023,0.000478719307056705,0.00741003547120168
"ENSG00000197746",0.264989488495511,0.000479077151950565,0.00741370989178919
"ENSG00000253930",0.26493680552435,0.000480370569462603,0.00743185679411926
"ENSG00000130158",0.264889845288904,0.000481526208382287,0.00744786352567968
"ENSG00000162490",0.264876546105808,0.000481853953026342,0.00745106022237518
"ENSG00000172175",0.264818313489003,0.000483291465212251,0.0074695353930243
"ENSG00000100181",0.264802001860499,0.000483694839041118,0.00747201686093036
"ENSG00000145996",0.264765309026585,0.000484603361706792,0.0074841729718652
"ENSG00000147883",0.2647554705408,0.000484847232790046,0.00748606073628465
"ENSG00000028116",0.26460734797992,0.000488532550622852,0.00753728936964974
"ENSG00000105974",0.264589256026318,0.00048898445171478,0.00754237070083569
"ENSG00000173457",0.264568132442436,0.000489512565745098,0.00754862474222408
"ENSG00000137834",0.264449457935997,0.000492489378003355,0.00758692522649274
"ENSG00000119778",0.264400935062348,0.000493711329222991,0.00760224082146744
"ENSG00000168795",0.26435330636511,0.000494913486605656,0.00761854817900413
"ENSG00000128228",0.264276537340534,0.00049685684628129,0.00764081902737025
"ENSG00000227764",0.264212535885414,0.000498482390059492,0.00765816280924149
"ENSG00000069275",0.264201907763347,0.000498752804177577,0.0076589025015888
"ENSG00000196154",0.264200861581716,0.000498779429779798,0.0076589025015888
"ENSG00000125457",0.264052198657145,0.000502576322486946,0.00770375023440514
"ENSG00000067113",0.263879752657776,0.0005070140885096,0.00776597189229338
"ENSG00000173200",0.263845637896943,0.000507896283788026,0.00777561415160454
"ENSG00000140988",0.263666217605466,0.000512559414205471,0.00784115251997551
"ENSG00000177374",0.26365584830259,0.000512830117366865,0.0078433441210801
"ENSG00000197961",0.263594978691821,0.000514421856918376,0.00786493260284466
"ENSG00000075651",0.263513582668923,0.000516557493927658,0.00789054713484333
"ENSG00000100226",0.263485047107546,0.000517308135577351,0.00790005257964578
"ENSG00000029363",0.26347479212118,0.000517578143938538,0.00790221515518565
"ENSG00000142534",0.26344907078229,0.000518255945989183,0.00790529003909095
"ENSG00000131778",0.263446039760626,0.000518335872662855,0.00790529003909095
"ENSG00000118257",0.263444023420992,0.000518389048935349,0.00790529003909095
"ENSG00000272202",0.26337150928186,0.000520304793373537,0.0079281104737264
"ENSG00000255529",0.263357146544414,0.00052068501623126,0.00793194025716254
"ENSG00000251247",0.263285207123182,0.000522593323899061,0.00795904071419049
"ENSG00000128309",0.263246750772773,0.000523616087293069,0.0079706723908891
"ENSG00000112561",0.26318810549274,0.000525179343773165,0.00799249197160625
"ENSG00000122692",0.263150805290907,0.000526175864372295,0.00800172162019484
"ENSG00000119699",0.263139531812891,0.000526477392632891,0.00800432921249967
"ENSG00000198838",0.263077636885826,0.000528135722410474,0.00802557651852598
"ENSG00000172059",0.263048478489363,0.000528918623809316,0.00803350636320842
"ENSG00000135451",0.262981926986586,0.000530709544563077,0.00805871902555885
"ENSG00000164300",0.262931093476751,0.000532081259878486,0.00807755526836743
"ENSG00000244115",0.262897380588708,0.000532992789175437,0.00808939783403528
"ENSG00000057704",0.26289053305528,0.000533178108930217,0.00809021536883661
"ENSG00000245060",0.262873761402217,0.000533632263690405,0.00809511068192316
"ENSG00000196586",0.262855410079264,0.000534129603128161,0.00810065852511571
"ENSG00000133106",0.262828470679583,0.000534860463516659,0.00810974436232305
"ENSG00000108443",0.262782384286083,0.000536112919455411,0.00812073185207084
"ENSG00000145425",0.262741377983859,0.000537229593696376,0.00813564422107524
"ENSG00000117305",0.262693074560938,0.000538547736238947,0.00814958983995322
"ENSG00000141458",0.262656602375407,0.000539544996442195,0.00816027467904832
"ENSG00000187513",0.262373850252676,0.000547334339790898,0.00826248665423493
"ENSG00000186017",0.262373256426825,0.000547350807378718,0.00826248665423493
"ENSG00000063046",0.262281483242545,0.000549901305762295,0.00829488381417517
"ENSG00000151650",0.262092844421989,0.00055517831609459,0.00836833070921515
"ENSG00000231131",0.262041654230023,0.000556618359977188,0.00838592909337479
"ENSG00000075275",0.26195870433141,0.000558959165820961,0.00841707435803406
"ENSG00000174010",0.261686902739849,0.000566693087845748,0.00852102599520613
"ENSG00000198843",0.261651669241351,0.000567702830993653,0.00853412384725778
"ENSG00000197451",0.261578768984285,0.000569797325064729,0.00855933770412099
"ENSG00000164597",0.261495426888488,0.000572200558431552,0.00859334093902182
"ENSG00000130313",0.261428212276314,0.00057414555336025,0.00861834486243982
"ENSG00000144791",0.261344598628767,0.00057657360328202,0.00865268125832447
"ENSG00000280587",0.261117093813845,0.000583228140998049,0.00874614832104871
"ENSG00000122435",0.261082241327722,0.000584253816334505,0.0087572617809281
"ENSG00000278730",0.261065466764948,0.000584748068685508,0.00876082166842898
"ENSG00000198353",0.261021785039514,0.000586036935058023,0.00877757535439547
"ENSG00000147394",0.260950288237243,0.000588152165761803,0.00880202008374968
"ENSG00000105373",0.260947288281896,0.000588241073125933,0.00880202008374968
"ENSG00000129562",0.260882217804044,0.000590172570462486,0.00882448510120098
"ENSG00000047410",0.26082167146061,0.000591975030222228,0.00884498938091692
"ENSG00000129534",0.260750093803625,0.000594112441184023,0.00887477089325958
"ENSG00000108298",0.260625107501849,0.000597861787280994,0.00892644488996154
"ENSG00000213988",0.26056841758061,0.000599569559032087,0.00894543247056261
"ENSG00000038210",0.260411459485565,0.000604321391086015,0.00900491007091038
"ENSG00000156875",0.260407755104629,0.000604433957866417,0.00900491007091038
"ENSG00000034152",0.260312815546144,0.000607325538688021,0.00904361068304273
"ENSG00000181315",0.260276737126294,0.000608427722935514,0.00905710829227521
"ENSG00000124216",0.260232232739121,0.000609789859036798,0.00907242488690663
"ENSG00000174799",0.260122609582296,0.000613157075461293,0.00911721165793423
"ENSG00000244198",0.260064491951333,0.000614949180202455,0.00913503073772143
"ENSG00000119922",0.260028386371351,0.000616064956472982,0.00914498352174945
"ENSG00000234147",0.259968922616856,0.000617906643872039,0.00916789934678417
"ENSG00000146263",0.259951708580199,0.00061844073684188,0.00917153814494247
"ENSG00000214706",0.259946611381461,0.000618598967237362,0.00917153814494247
"ENSG00000255112",0.259928835799929,0.000619151059962206,0.00917751272502745
"ENSG00000171155",0.259910711949133,0.000619714437357227,0.00918365165728706
"ENSG00000172197",0.259888368419958,0.000620409633437785,0.00919174060671522
"ENSG00000115524",0.259872835541253,0.000620893346726006,0.00919669317229971
"ENSG00000095574",0.259840609832562,0.000621898004948067,0.00920714236625544
"ENSG00000196214",0.259712122322895,0.000625918610175373,0.00926221085468457
"ENSG00000127948",0.259640966334899,0.00062815550665132,0.0092905856269005
"ENSG00000186448",0.259560867619247,0.000630682347909096,0.0093214972189523
"ENSG00000158156",0.259532193999799,0.000631589178179021,0.00932853720691957
"ENSG00000171729",0.259531994433993,0.00063159549384602,0.00932853720691957
"ENSG00000167646",0.259531428917356,0.000631613391089852,0.00932853720691957
"ENSG00000161929",0.259476583938926,0.000633351326067472,0.00934590849836523
"ENSG00000267107",0.259475144771307,0.000633396989904481,0.00934590849836523
"ENSG00000101198",0.259348572343875,0.000637424941625546,0.00939408060522093
"ENSG00000142867",0.259242210915861,0.000640827956360645,0.00943519515460754
"ENSG00000197497",0.259223378668383,0.000641432232932621,0.00943957564409499
"ENSG00000254245",0.259191146256189,0.000642467703964706,0.00944803640927213
"ENSG00000085274",0.259147520521777,0.000643871641209732,0.00946453326195501
"ENSG00000117000",0.25905215653075,0.000646950440343079,0.00950487417055967
"ENSG00000148303",0.259015610107171,0.000648133923310188,0.00951998906353275
"ENSG00000159228",0.258919189679107,0.000651265889803077,0.00956370983584838
"ENSG00000111229",0.258908896833374,0.000651601048761215,0.00956634898496189
"ENSG00000249502",0.258896817645278,0.000651994577911087,0.0095698436210255
"ENSG00000198740",0.258847230164174,0.000653612390101275,0.00959079426635753
"ENSG00000081052",0.258820472392202,0.000654486909523965,0.00959955728306551
"ENSG00000256683",0.258814098344789,0.00065469539033261,0.00960032716288543
"ENSG00000124107",0.258793367761017,0.000655373864562587,0.00960569876652532
"ENSG00000163960",0.258694320336982,0.000658624459060759,0.00964874641952758
"ENSG00000152256",0.258614766384087,0.000661246057699969,0.00968254279683247
"ENSG00000197614",0.258608011381608,0.000661469102476428,0.0096835048627044
"ENSG00000132688",0.258592061834355,0.000661996018890189,0.00968735171525896
"ENSG00000090554",0.25859052874296,0.000662046687156817,0.00968735171525896
"ENSG00000133107",0.258558874885844,0.000663093637719933,0.00969805961022709
"ENSG00000099985",0.258469294438914,0.000666064782373354,0.00973226281253221
"ENSG00000166562",0.258455384133856,0.000666527248875851,0.00973670852238675
"ENSG00000087086",0.258439852294212,0.000667043975043286,0.00973826428126749
"ENSG00000144810",0.258348811322292,0.000670080231866969,0.00977700753675219
"ENSG00000263400",0.258285704456512,0.000672192340748442,0.0098031766395787
"ENSG00000130962",0.258266866407855,0.000672824014724403,0.00980886702759668
"ENSG00000248290",0.258264234932577,0.000672912296389134,0.00980886702759668
"ENSG00000149782",0.258255064194492,0.000673220042970369,0.00980886702759668
"ENSG00000099810",0.258176754216013,0.000675853212150886,0.00984257219323572
"ENSG00000261934",0.258149885087031,0.00067675886937922,0.00985324799035885
"ENSG00000198900",0.258145508853045,0.000676906481594262,0.00985324799035885
"ENSG00000141401",0.258097417573992,0.000678530575826361,0.00986988554919819
"ENSG00000135912",0.258055570966682,0.000679946700825723,0.00988814739026897
"ENSG00000140937",0.258030243828282,0.000680805114963767,0.00989595417934106
"ENSG00000132840",0.257980249337943,0.000682502512118464,0.00991594301364938
"ENSG00000089335",0.257963014404009,0.000683088570195223,0.00992027457488503
"ENSG00000257038",0.257960339588644,0.000683179566376405,0.00992027457488503
"ENSG00000101194",0.257929372366511,0.000684233872555007,0.00993171921050126
"ENSG00000283849",0.257921867717796,0.000684489600407274,0.00993308841487038
"ENSG00000136026",0.257872918733834,0.000686159743423343,0.00995263145162532
"ENSG00000266412",0.257830325431484,0.000687616083557161,0.00996436172508639
"ENSG00000138029",0.257757320862209,0.000690118862461479,0.00999592263387368
"ENSG00000109805",0.257680246113483,0.000692770280663814,0.0100248892906592
"ENSG00000217555",0.257661363653341,0.000693421278053157,0.0100319509018579
"ENSG00000250802",0.257655530016039,0.000693622514188522,0.0100325038808974
"ENSG00000077232",0.257648996714865,0.000693847949658727,0.0100334065351966
"ENSG00000180914",0.257611641649327,0.000695138205079629,0.0100458974727543
"ENSG00000257711",0.257609812574831,0.000695201438588009,0.0100458974727543
"ENSG00000105321",0.257502067552443,0.000698935686865197,0.0100951180268556
"ENSG00000289702",0.257436103822813,0.00070123097854565,0.0101235184948659
"ENSG00000163106",0.257321781083406,0.000705225430898887,0.0101695637008855
"ENSG00000135052",0.257310872813216,0.000705607660362634,0.0101716673584352
"ENSG00000256399",0.257306794457397,0.000705750616315419,0.0101716673584352
"ENSG00000138303",0.257293759876066,0.000706207687872731,0.0101738871588107
"ENSG00000137955",0.2571573325725,0.000711008042168235,0.0102334609324607
"ENSG00000137878",0.25708398098744,0.000713601406068463,0.010267607758276
"ENSG00000180694",0.257079434568477,0.000713762432160656,0.010267607758276
"ENSG00000052841",0.257076086910012,0.000713881021670076,0.010267607758276
"ENSG00000062194",0.25702584576479,0.000715662975503603,0.0102884284429792
"ENSG00000196126",0.256934491122098,0.000718913641413081,0.0103315781373787
"ENSG00000075223",0.256917295197766,0.000719527040975339,0.0103343225693784
"ENSG00000197646",0.256871124461696,0.00072117639196373,0.0103531793484991
"ENSG00000076662",0.256848439917954,0.000721988023453276,0.010362413926168
"ENSG00000234515",0.256552129816027,0.000732667237892673,0.0104887816908273
"ENSG00000197111",0.256463178109051,0.000735901380335568,0.0105265824370379
"ENSG00000112276",0.256417449561905,0.000737569106905328,0.010546689850228
"ENSG00000229474",0.256387229282611,0.000738673153202279,0.0105575709569626
"ENSG00000184106",0.256312131387011,0.0007414233166455,0.0105944175991713
"ENSG00000253525",0.256283892068597,0.00074245990593577,0.0106067670498865
"ENSG00000205339",0.256211632053739,0.000745118452963113,0.0106398074406408
"ENSG00000114942",0.256170984434396,0.000746617783390881,0.0106587438786844
"ENSG00000111846",0.256154364841782,0.000747231613985004,0.0106616312869483
"ENSG00000165115",0.256076208796002,0.000750124474054172,0.0106963995901738
"ENSG00000233901",0.256004398351014,0.000752791540744049,0.0107269744347191
"ENSG00000077713",0.255926439992249,0.000755696820585882,0.0107630567394258
"ENSG00000106785",0.255922381360737,0.000755848356099671,0.0107630567394258
"ENSG00000196437",0.255912132671255,0.000756231131814862,0.0107660163720596
"ENSG00000154229",0.255905967050224,0.000756461495966297,0.010766805344068
"ENSG00000118007",0.255885907709627,0.000757211413649566,0.0107724963572929
"ENSG00000169248",0.255879152493443,0.000757464111092214,0.0107736009366904
"ENSG00000166295",0.255850071751276,0.000758552842597653,0.0107865933791197
"ENSG00000254772",0.255800120531931,0.000760426289378643,0.0108082391578566
"ENSG00000105700",0.255794644995197,0.000760631910992164,0.0108086655114527
"ENSG00000205220",0.25575682313664,0.000762053624655476,0.0108263684847176
"ENSG00000163166",0.25571286150195,0.000763709203460608,0.0108473850029494
"ENSG00000253910",0.255674892846908,0.00076514175171312,0.0108652247271417
"ENSG00000173451",0.255626052054365,0.000766988138898562,0.0108878722492437
"ENSG00000159131",0.255597594071939,0.000768065859549899,0.0108992034263636
"ENSG00000253953",0.25558548684718,0.000768524789661595,0.0109032018568311
"ENSG00000145936",0.255455981431612,0.000773449561416172,0.0109702746590339
"ENSG00000086967",0.255451801526049,0.00077360899551877,0.0109702746590339
"ENSG00000117362",0.2553978988539,0.000775667715508123,0.0109969347807491
"ENSG00000183340",0.255357125987114,0.000777228312001908,0.0110139855477424
"ENSG00000116574",0.255318354970738,0.0007787149656938,0.0110325123961002
"ENSG00000128699",0.255297251718594,0.000779525257522881,0.0110389099054276
"ENSG00000164733",0.25527092989267,0.000780537011569864,0.0110506946952049
"ENSG00000288648",0.255222682847773,0.00078239466064147,0.0110737359298346
"ENSG00000132406",0.25521465201551,0.000782704265156318,0.0110737359298346
"ENSG00000187266",0.255201005764236,0.000783230613682167,0.011078635920123
"ENSG00000116863",0.255186745925071,0.000783780976732342,0.0110813270002332
"ENSG00000123179",0.255126039641545,0.000786127938317227,0.0111119563242525
"ENSG00000166148",0.254909104707051,0.000794567771498163,0.0112106554170296
"ENSG00000135736",0.254901113516317,0.000794880253626879,0.0112106694833051
"ENSG00000078114",0.254823715940397,0.000797912610247454,0.0112475340552151
"ENSG00000082175",0.254764282272377,0.000800248377359557,0.0112727136956321
"ENSG00000249852",0.254692314301743,0.000803085164584684,0.0113023264050308
"ENSG00000125450",0.254557356969349,0.000808429771784583,0.0113723432856481
"ENSG00000147133",0.254524811055099,0.000809723547180334,0.0113853383567892
"ENSG00000006831",0.254431619258692,0.000813438675199869,0.0114323520955699
"ENSG00000188257",0.254406250562156,0.000814452718961476,0.011438767260558
"ENSG00000122707",0.254399058453087,0.000814740415115509,0.0114401971498674
"ENSG00000066455",0.254384441614886,0.000815325400567036,0.0114457998294931
"ENSG00000092199",0.254347719728328,0.000816796764022581,0.0114638403751438
"ENSG00000122644",0.254316406933716,0.00081805332541021,0.0114762420467394
"ENSG00000168036",0.254276648116665,0.000819651381170888,0.0114934209621283
"ENSG00000121104",0.254229035777605,0.000821568875945727,0.0115124396405291
"ENSG00000182141",0.254176923880034,0.000823672308517266,0.0115366610276255
"ENSG00000184574",0.254166037376311,0.00082411235357063,0.0115401981087943
"ENSG00000274536",0.254137077722012,0.000825283988689337,0.01155134814644
"ENSG00000081818",0.254087687492429,0.000827285727396943,0.0115714710924812
"ENSG00000023608",0.254081831333995,0.000827523367661998,0.0115721649941809
"ENSG00000163939",0.254041366442223,0.000829167130470924,0.0115925174642668
"ENSG00000180447",0.25401205114652,0.000830359849395553,0.0116052704665192
"ENSG00000008130",0.254009678788245,0.000830456439856858,0.0116052704665192
"ENSG00000214013",0.253921088708515,0.000834070784300231,0.0116478448715619
"ENSG00000114251",0.253880090553563,0.000835748338199634,0.0116633323642082
"ENSG00000025293",0.253864065261562,0.000836404900424746,0.0116698488305918
"ENSG00000121579",0.253849054856326,0.000837020312375299,0.0116757883283829
"ENSG00000115091",0.253739860726276,0.0008415097077587,0.0117357519724227
"ENSG00000177853",0.253672286268761,0.000844299032166383,0.0117586647738511
"ENSG00000151923",0.253560172443153,0.000848945595665015,0.011818029346213
"ENSG00000177606",0.253456854642191,0.000853248405392525,0.0118645096840211
"ENSG00000093009",0.253401086812095,0.000855579252508457,0.0118942330057331
"ENSG00000020922",0.25335291035667,0.000857597523444662,0.0119142171518913
"ENSG00000204356",0.253334901485715,0.000858353097364336,0.0119201994872021
"ENSG00000116171",0.253258180956947,0.00086157881656508,0.0119533378464115
"ENSG00000179833",0.253242295387,0.00086224811682901,0.0119572325601903
"ENSG00000225492",0.253170202357398,0.000865291591735586,0.0119913320697534
"ENSG00000134294",0.253164767877798,0.000865521413026122,0.0119918167139306
"ENSG00000164434",0.253120406916171,0.000867399513522662,0.0120097268077028
"ENSG00000117174",0.253077395053154,0.000869224072463186,0.0120307598856197
"ENSG00000184293",0.253075381187098,0.000869309586821635,0.0120307598856197
"ENSG00000186591",0.253022648485706,0.000871551517293631,0.0120575500399017
"ENSG00000168894",0.253017991677936,0.000871749756521441,0.0120575500399017
"ENSG00000263429",0.253016033636128,0.000871833122279388,0.0120575500399017
"ENSG00000196169",0.252990039112326,0.000872940561744643,0.0120701536580571
"ENSG00000106628",0.252939321272295,0.0008751050056165,0.0120919314022591
"ENSG00000258584",0.252908799528724,0.00087640993261735,0.0121072441959601
"ENSG00000164040",0.252796251840499,0.000881237264151025,0.0121657393864762
"ENSG00000010626",0.25277958588888,0.000881954163563164,0.0121729058179707
"ENSG00000088766",0.252733545586353,0.000883937410007983,0.0121920761903925
"ENSG00000205364",0.252656544285512,0.00088726350057999,0.0122324697311144
"ENSG00000170379",0.252614801387999,0.000889071397641163,0.0122488370621924
"ENSG00000163219",0.252610756037682,0.000889246782690035,0.0122488370621924
"ENSG00000103876",0.252558102848843,0.00089153244802479,0.0122748261702993
"ENSG00000166224",0.252540912252693,0.000892279856491874,0.0122823689304263
"ENSG00000148700",0.25252046673486,0.000893169530988202,0.0122918661930094
"ENSG00000155827",0.252423063336977,0.0008974191804523,0.0123420706238562
"ENSG00000114416",0.252360380541706,0.000900163805234153,0.0123742866270562
"ENSG00000071189",0.252318262145279,0.000902012327112016,0.0123941608974731
"ENSG00000205502",0.252243822063433,0.000905287934871452,0.0124336176442153
"ENSG00000105438",0.252195047997813,0.00090744007422623,0.0124576459330363
"ENSG00000170949",0.252185835463961,0.000907847101417975,0.0124576459330363
"ENSG00000137871",0.25212181283923,0.000910680377140737,0.0124881713749442
"ENSG00000132196",0.252076356047557,0.000912696962449555,0.0125130367246593
"ENSG00000166333",0.252016690289261,0.000915350119880318,0.0125466164316067
"ENSG00000179796",0.252007601614643,0.000915754887052134,0.0125493695766503
"ENSG00000153048",0.25197021767137,0.000917421522630199,0.0125673361658293
"ENSG00000234690",0.251969033733292,0.000917474349945906,0.0125673361658293
"ENSG00000135406",0.251938481680976,0.000918838549018256,0.0125832219983933
"ENSG00000241599",0.251911175139831,0.000920059406876988,0.0125943845187755
"ENSG00000104529",0.251833210446769,0.000923553360904211,0.0126292760812464
"ENSG00000104613",0.251816506864158,0.000924303507734557,0.012633296551474
"ENSG00000177731",0.251815639122762,0.00092434249270908,0.012633296551474
"ENSG00000092841",0.251799695572488,0.0009250590565811,0.0126402829880611
"ENSG00000070778",0.251769190269454,0.0009264315028866,0.0126562265069152
"ENSG00000126778",0.251745108754696,0.000927516260572856,0.012668233630869
"ENSG00000167644",0.251643984753759,0.000932084159054162,0.0127221529130249
"ENSG00000272021",0.251539957940246,0.00093680472654646,0.0127784637716204
"ENSG00000014914",0.251539344052653,0.000936832648796816,0.0127784637716204
"ENSG00000149257",0.251466672154979,0.000940143483874256,0.0128179420849706
"ENSG00000168421",0.251457831026216,0.000940547006045149,0.0128206035304635
"ENSG00000134716",0.251445302231316,0.000941119111069741,0.0128255612426209
"ENSG00000102174",0.251380551878231,0.000944080915639418,0.012860229276696
"ENSG00000198453",0.251359735914806,0.000945034893603633,0.0128658902495523
"ENSG00000118961",0.251353241671836,0.000945332700319699,0.0128658902495523
"ENSG00000213203",0.251256410784029,0.000949783308560675,0.0129207479978024
"ENSG00000123095",0.251187940519014,0.000952941986591912,0.0129579897531623
"ENSG00000127483",0.251173797077795,0.000953595653862949,0.0129640138991255
"ENSG00000110700",0.251164791727366,0.000954012068479913,0.0129668106763533
"ENSG00000173083",0.251126881538284,0.000955766896988974,0.0129849266905716
"ENSG00000009307",0.251070074907304,0.000958401971571535,0.0130149803482786
"ENSG00000066294",0.251052671327685,0.000959210600364125,0.0130202155246603
"ENSG00000268628",0.251045505436724,0.000959543733709398,0.0130218653908294
"ENSG00000186635",0.251031488749226,0.000960195659084121,0.0130278398683142
"ENSG00000146802",0.250993132437371,0.000961981715397591,0.0130444793461292
"ENSG00000139842",0.250955100781003,0.000963755664379691,0.0130646208388951
"ENSG00000134744",0.250885679883425,0.000967001477653678,0.0130970816330805
"ENSG00000260552",0.250811822246386,0.000970465745888489,0.0131382190640038
"ENSG00000115128",0.250703194202668,0.000975581607375899,0.013198767738919
"ENSG00000250090",0.250561448000568,0.000982294393259856,0.0132866650854472
"ENSG00000166347",0.250416514261762,0.000989201935863614,0.0133595444241365
"ENSG00000119950",0.250392483532292,0.000990351538680549,0.0133721358263615
"ENSG00000275700",0.250319223361334,0.000993863791384665,0.0134118545029503
"ENSG00000155438",0.250317492595827,0.000993946906082742,0.0134118545029503
"ENSG00000163535",0.250150469306346,0.00100199775511256,0.0135056832765325
"ENSG00000143303",0.250091061629492,0.00100487571498347,0.0135415088686101
"ENSG00000177917",0.250070494171592,0.00100587385573124,0.0135433896095342
"ENSG00000108578",0.250070047962841,0.00100589552036236,0.0135433896095342
"ENSG00000143970",0.25006311041952,0.00100623241176079,0.0135449622811474
"ENSG00000100281",0.250010055970315,0.00100881219319998,0.0135737511189986
"ENSG00000168175",0.249961411988349,0.00101118284528512,0.0135935984379714
"ENSG00000019169",0.249960571828547,0.00101122383511634,0.0135935984379714
"ENSG00000150281",0.249842453101892,0.00101700182202348,0.0136511145331763
"ENSG00000143742",0.24983070326871,0.00101757823886837,0.0136542327066394
"ENSG00000111452",0.249828673445758,0.00101767784715577,0.0136542327066394
"ENSG00000143621",0.249752813305354,0.00102140690571285,0.0136893437729076
"ENSG00000171056",0.249730175069603,0.00102252215967103,0.0137013071619407
"ENSG00000021826",0.24951214699175,0.00103332045368107,0.0138339512728623
"ENSG00000277013",0.2494312172137,0.00103735521234092,0.0138849476268615
"ENSG00000155975",0.249341822539319,0.00104182877880459,0.0139357336150292
"ENSG00000204301",0.249316815921409,0.00104308334459917,0.0139434234057366
"ENSG00000138166",0.249281856153808,0.00104483957572156,0.0139638668508594
"ENSG00000206503",0.249267338739732,0.00104556966575798,0.0139677216889836
"ENSG00000288575",0.249267095106473,0.00104558192222065,0.0139677216889836
"ENSG00000250722",0.249245601765676,0.00104666370672349,0.013974228807837
"ENSG00000095739",0.249188014630846,0.0010495671939179,0.0140087970901069
"ENSG00000113460",0.249176405812927,0.00105015339291146,0.0140119385238813
"ENSG00000168887",0.249154816685522,0.0010512443560725,0.014022059525385
"ENSG00000261997",0.249124611834019,0.00105277244161949,0.0140393991651202
"ENSG00000181026",0.249045863506139,0.00105676595882414,0.0140804512166861
"ENSG00000188559",0.248842285483817,0.00106715434141818,0.0141947500498876
"ENSG00000147874",0.248767558415085,0.00107099101984287,0.014239159931996
"ENSG00000149923",0.248762821254636,0.00107123466344428,0.0142393231375842
"ENSG00000189077",0.248643515718619,0.00107738761462273,0.0143056619966217
"ENSG00000172943",0.248486625367209,0.00108552824268868,0.014395119622502
"ENSG00000253846",0.248383154398113,0.00109092789071082,0.0144573785757767
"ENSG00000256751",0.248368548571096,0.00109169207756612,0.0144612779211643
"ENSG00000184785",0.248360915067538,0.00109209166287579,0.0144634579944109
"ENSG00000186994",0.248339714782387,0.00109320212158883,0.014472716101991
"ENSG00000007341",0.248337223426848,0.00109333268528484,0.014472716101991
"ENSG00000187037",0.248334103780031,0.00109349619579907,0.014472716101991
"ENSG00000205707",0.24832393583383,0.00109402928545892,0.014476658427066
"ENSG00000165280",0.248302011264884,0.00109517956722366,0.0144863686050031
"ENSG00000265241",0.248291832609165,0.00109571397135278,0.0144896047814644
"ENSG00000111142",0.248278842596811,0.00109639632564746,0.0144943980488905
"ENSG00000164330",0.248272233447834,0.00109674364807732,0.0144943980488905
"ENSG00000132693",0.248243046231085,0.00109827869404781,0.0145079338799053
"ENSG00000138182",0.248148908365858,0.00110324312220857,0.0145641344301168
"ENSG00000165886",0.248066073790459,0.00110762846318066,0.014609491242604
"ENSG00000049449",0.2479738845206,0.00111252782815612,0.0146629748123651
"ENSG00000197958",0.247929475424145,0.00111489501324521,0.0146895950963741
"ENSG00000065613",0.247874141095888,0.00111785101529342,0.0147159407241108
"ENSG00000174990",0.247767834529665,0.00112355015300048,0.0147751646615944
"ENSG00000109332",0.247741479349373,0.00112496717682038,0.0147874796946248
"ENSG00000127990",0.247712781216544,0.00112651203489777,0.0148003877133551
"ENSG00000023041",0.247701777700921,0.00112710488387398,0.0148003877133551
"ENSG00000184575",0.247698004078236,0.00112730826546847,0.0148003877133551
"ENSG00000287876",0.247691988364843,0.00112763255537375,0.0148003877133551
"ENSG00000286663",0.247606056012514,0.00113227426267332,0.0148581422648117
"ENSG00000005243",0.247513714245916,0.00113728168623246,0.014914311548581
"ENSG00000289133",0.247360238068768,0.00114564914806473,0.0150016662060629
"ENSG00000134851",0.247344976841785,0.0011464842593378,0.0150062159201798
"ENSG00000126261",0.247249704250101,0.00115171029998407,0.0150650071630647
"ENSG00000230479",0.2472110863754,0.00115383483559057,0.0150863843470546
"ENSG00000160888",0.247132688154191,0.00115815890404425,0.0151364900383307
"ENSG00000162976",0.247118589842892,0.001158938071686,0.0151434574700304
"ENSG00000076706",0.24709984381509,0.00115997484705244,0.015153787303544
"ENSG00000155100",0.247079743696918,0.00116108745595491,0.0151651032235333
"ENSG00000234571",0.247062674187415,0.00116203307787025,0.0151710147951733
"ENSG00000168807",0.247020432915068,0.00116437620607324,0.0151983815963036
"ENSG00000143977",0.247013697748334,0.0011647502062546,0.0152000395873056
"ENSG00000177410",0.246931801585986,0.00116930666662114,0.015246569807316
"ENSG00000116406",0.246880544241108,0.00117216677329806,0.0152734843704356
"ENSG00000089685",0.246818513709412,0.00117563657980866,0.0152999318392353
"ENSG00000205302",0.246801375957144,0.00117659687242683,0.0153035573357606
"ENSG00000058729",0.246763239582847,0.00117873637486154,0.0153208345204812
"ENSG00000137161",0.246569414074444,0.00118966541714453,0.0154478000552799
"ENSG00000169410",0.246567748713025,0.00118975972088305,0.0154478000552799
"ENSG00000151151",0.246543614145112,0.00119112714772442,0.0154577287180708
"ENSG00000155096",0.246538173479378,0.00119143560601794,0.0154577287180708
"ENSG00000058866",0.246536525205563,0.00119152906925984,0.0154577287180708
"ENSG00000164823",0.246468685646284,0.00119538165289243,0.015501173292375
"ENSG00000250033",0.246456255967052,0.0011960887647991,0.0155038093809595
"ENSG00000109667",0.246228526142298,0.00120911205406947,0.0156528380849078
"ENSG00000240303",0.246200718612397,0.00121071115774447,0.0156692057212136
"ENSG00000253873",0.246000257806587,0.00122229628959105,0.0157903028645238
"ENSG00000197724",0.245817628632995,0.00123293912553343,0.0159044237144895
"ENSG00000185278",0.245805400651894,0.00123365473974989,0.0159103200551482
"ENSG00000154760",0.245661682920494,0.00124209402282188,0.0160023936655955
"ENSG00000229337",0.245635054212663,0.00124366348277929,0.0160159082201651
"ENSG00000141127",0.245588845373015,0.00124639127679683,0.0160409671140076
"ENSG00000169375",0.245518047134997,0.00125058125068728,0.0160780807378939
"ENSG00000096872",0.245426343826842,0.00125602758548578,0.0161379878332227
"ENSG00000138778",0.245336813840342,0.00126136577432305,0.0161964312987561
"ENSG00000257918",0.245327071927783,0.00126194788239935,0.0161971471270877
"ENSG00000153975",0.245158722751016,0.00127204614572014,0.0163072603497278
"ENSG00000152133",0.245107647864706,0.00127512440833919,0.0163322074062075
"ENSG00000198898",0.24509404212921,0.00127594556918525,0.0163393246171321
"ENSG00000253958",0.245046474537656,0.00127882026836849,0.0163693249992658
"ENSG00000120896",0.245009507888275,0.00128105840044222,0.0163809387485593
"ENSG00000105519",0.24494089585627,0.00128522199046749,0.0164273524779504
"ENSG00000106049",0.244906896038344,0.00128728978798869,0.0164469509470575
"ENSG00000213397",0.244885877425364,0.00128856961759836,0.0164598855428546
"ENSG00000118363",0.244848401987775,0.00129085439615391,0.0164822288292316
"ENSG00000196466",0.244833881382599,0.00129174067477682,0.0164901240590053
"ENSG00000166441",0.244819703473136,0.00129260657366471,0.016495003180217
"ENSG00000184432",0.244815023528775,0.00129289251220663,0.016495003180217
"ENSG00000197565",0.244802959226546,0.00129362989228997,0.0164953272368568
"ENSG00000054267",0.244792900207443,0.0012942450018746,0.0164981388557105
"ENSG00000085491",0.244726335173923,0.001298322204758,0.0165398347691216
"ENSG00000155329",0.244556484297674,0.00130877910200856,0.0166592556471592
"ENSG00000205885",0.244517780323593,0.00131117266864769,0.0166862718608878
"ENSG00000140391",0.244491941601961,0.00131277283828192,0.0167031820465624
"ENSG00000253731",0.244356849908509,0.00132116806534613,0.0168030517490519
"ENSG00000132676",0.24415927443198,0.00133353475633186,0.016942828869465
"ENSG00000269378",0.244143283713698,0.00133454026648951,0.0169503301886739
"ENSG00000243033",0.244129210236461,0.00133542579236086,0.0169528558096239
"ENSG00000122068",0.244017658983509,0.00134246380569193,0.0170246429955705
"ENSG00000173391",0.244002839883744,0.0013434013226814,0.0170330224563461
"ENSG00000123349",0.243989255953316,0.00134426122358401,0.0170404145714221
"ENSG00000228484",0.243940194521175,0.00134737114244374,0.0170692897469242
"ENSG00000178764",0.243867387746406,0.00135199836188764,0.0171173394741849
"ENSG00000161513",0.243817696500331,0.00135516481492486,0.0171433223781574
"ENSG00000188396",0.243785058897193,0.00135724825347377,0.0171590974757169
"ENSG00000039560",0.243759028656038,0.0013589120060719,0.0171766031015997
"ENSG00000067208",0.243712628048844,0.00136188237829748,0.0172106137761685
"ENSG00000139289",0.243669887322649,0.00136462371043032,0.0172381776754359
"ENSG00000090863",0.243646452845675,0.00136612890601588,0.0172536501932775
"ENSG00000277224",0.24357157522999,0.00137094846944156,0.017307415918628
"ENSG00000072818",0.243557589269619,0.00137185040872497,0.0173127457675363
"ENSG00000197670",0.243556304814524,0.00137193326901525,0.0173127457675363
"ENSG00000265107",0.24350813441833,0.00137504404937131,0.0173353160368578
"ENSG00000167562",0.243473999778891,0.00137725232056053,0.0173585125571528
"ENSG00000105677",0.243453265855804,0.00137859524150534,0.0173718807418519
"ENSG00000176845",0.243424532068208,0.00138045828635241,0.0173917962692473
"ENSG00000165410",0.243357051542893,0.00138484264805735,0.0174398927628486
"ENSG00000174804",0.243290424010454,0.0013891840712425,0.0174874093844444
"ENSG00000175104",0.243232395502771,0.00139297531540084,0.0175279641813595
"ENSG00000102362",0.243213536451373,0.0013942094901419,0.0175399077803134
"ENSG00000108950",0.243151528324413,0.00139827447585636,0.0175836068858085
"ENSG00000145041",0.242924710642537,0.00141323610120942,0.0177474061805972
"ENSG00000115364",0.24292377055528,0.00141329841562308,0.0177474061805972
"ENSG00000101166",0.242861311996916,0.00141744415831858,0.0177958350223497
"ENSG00000108406",0.242809556091978,0.00142088791776882,0.0178245262966091
"ENSG00000148444",0.242685832852576,0.00142915127467474,0.017917230810467
"ENSG00000256433",0.242652158118004,0.00143140796633863,0.0179326746465499
"ENSG00000139835",0.242626694521676,0.00143311655454926,0.0179486620336141
"ENSG00000255443",0.242621482094553,0.00143346653413883,0.0179493925487366
"ENSG00000080546",0.242602451431418,0.00143474497879521,0.0179617463333955
"ENSG00000119285",0.242593690977094,0.00143533383989419,0.0179629134306912
"ENSG00000172890",0.242592380507947,0.00143542194612211,0.0179629134306912
"ENSG00000082153",0.24256977988371,0.00143694222205198,0.0179782826009284
"ENSG00000074800",0.242490360775777,0.00144229617937384,0.0180379345790253
"ENSG00000148358",0.242472311421628,0.0014435154964183,0.0180495159917854
"ENSG00000121898",0.242434594250598,0.00144606650529968,0.0180740692530795
"ENSG00000104472",0.242352827734041,0.00145161094689145,0.0181381147741105
"ENSG00000237854",0.242342820397859,0.00145229085847984,0.0181408135973784
"ENSG00000134186",0.24232408757843,0.0014535643727997,0.0181530368830326
"ENSG00000175592",0.242293758247413,0.0014556284161602,0.0181751258356997
"ENSG00000273812",0.242232441363652,0.00145980947670302,0.0182236337594747
"ENSG00000113070",0.242212561007463,0.00146116742631918,0.0182368866528874
"ENSG00000187109",0.242106163237065,0.00146845467282989,0.0183129836645679
"ENSG00000100316",0.242086030900224,0.00146983727715216,0.0183211590878307
"ENSG00000127084",0.242062808956201,0.00147143353915133,0.0183278497740395
"ENSG00000029364",0.242029798933141,0.00147370535241132,0.0183524326606237
"ENSG00000116679",0.241978976614343,0.00147720930478668,0.0183923466424826
"ENSG00000183888",0.241897813820104,0.00148282086494244,0.0184545809902263
"ENSG00000064102",0.241876178229005,0.00148432002274596,0.0184640581242084
"ENSG00000154016",0.2418667117944,0.00148497639926884,0.0184666372027887
"ENSG00000168874",0.241855821638406,0.00148573182053419,0.0184722988207992
"ENSG00000152661",0.24182611348365,0.0014877943811681,0.0184928384221618
"ENSG00000117758",0.241707753360426,0.00149603780395286,0.0185779157801603
"ENSG00000223704",0.241648279441412,0.00150019570435095,0.0186182787716425
"ENSG00000229124",0.241630063878478,0.00150147128742609,0.0186303526034982
"ENSG00000085871",0.241609964578453,0.0015028799322263,0.0186403149030502
"ENSG00000122729",0.241585704129248,0.00150458181519642,0.0186501476806543
"ENSG00000170190",0.241500691024143,0.00151055942309579,0.0187091706852501
"ENSG00000188725",0.241457660402871,0.00151359333348613,0.0187392050122853
"ENSG00000138246",0.241279674142994,0.00152620158657921,0.0188839064021775
"ENSG00000204161",0.241259383495364,0.0015276450136288,0.0188979667776424
"ENSG00000164294",0.241247575773918,0.00152848555950509,0.0189045649666763
"ENSG00000274523",0.241223694361997,0.00153018687503454,0.0189218045081627
"ENSG00000156531",0.241155184822433,0.00153507710169465,0.018967031749989
"ENSG00000106144",0.241123961036848,0.0015373105912217,0.0189831948286815
"ENSG00000036549",0.24111424674905,0.00153800607515024,0.0189879730971005
"ENSG00000123505",0.241011887269805,0.00154535186640154,0.0190595461454542
"ENSG00000106952",0.240892202218137,0.00155398162201238,0.0191506297447197
"ENSG00000079246",0.240857091669372,0.0015565215587799,0.019170414811597
"ENSG00000077312",0.240816801576766,0.00155944085729944,0.0192025266349814
"ENSG00000163322",0.240799396157745,0.0015607035462032,0.0192065465002059
"ENSG00000082146",0.240787458685586,0.00156157009818988,0.0192133686771287
"ENSG00000169499",0.240702539359585,0.00156774715122975,0.0192788078200838
"ENSG00000112419",0.240698338522924,0.00156805329911226,0.0192788078200838
"ENSG00000079263",0.240697366742016,0.00156812412817035,0.0192788078200838
"ENSG00000028528",0.240553608858378,0.00157863425822826,0.0193884387923368
"ENSG00000129103",0.240525937987643,0.00158066463510442,0.0194019194466907
"ENSG00000158825",0.240520505902161,0.0015810634992925,0.0194019194466907
"ENSG00000037749",0.240517174836561,0.00158130813636749,0.0194019194466907
"ENSG00000105854",0.240487043725086,0.00158352256751398,0.0194252168417542
"ENSG00000023909",0.240464897928892,0.00158515193599473,0.0194413293640614
"ENSG00000105011",0.240453743321491,0.00158597321109179,0.0194475264601381
"ENSG00000145908",0.240442855361268,0.00158677522826649,0.0194496105653122
"ENSG00000272491",0.24040856154332,0.00158930376125458,0.0194682931758454
"ENSG00000109743",0.240405024605604,0.00158956475381228,0.0194682931758454
"ENSG00000121895",0.240396136579825,0.00159022077866782,0.0194724527660829
"ENSG00000148411",0.240385396572978,0.0015910138277466,0.0194782882464366
"ENSG00000103241",0.240315324869348,0.00159619683064313,0.0195339705200041
"ENSG00000136444",0.240271964700761,0.00159941176797815,0.0195694230315005
"ENSG00000140682",0.240242376335803,0.00160160898528606,0.0195924117253916
"ENSG00000026751",0.240202986597492,0.00160453832057031,0.0196243454692328
"ENSG00000120800",0.240196553357074,0.0016050172116989,0.0196263022604405
"ENSG00000187325",0.240102796671886,0.00161201128198173,0.019696172789018
"ENSG00000139629",0.240056097856348,0.00161550528666092,0.0197310294427981
"ENSG00000174197",0.240041116904106,0.00161662762387745,0.0197391789725785
"ENSG00000031691",0.240038629991549,0.00161681400625192,0.0197391789725785
"ENSG00000148426",0.240012864035862,0.00161874619699939,0.0197579860514499
"ENSG00000188493",0.239998800478417,0.0016198017124112,0.0197638930588094
"ENSG00000205038",0.239892416163613,0.00162780655659677,0.0198418947750429
"ENSG00000100802",0.239881848363821,0.00162860369315422,0.0198476803349472
"ENSG00000169519",0.239872655565222,0.00162929740194042,0.0198522033864623
"ENSG00000106823",0.239836618483511,0.00163201943907057,0.0198735663549978
"ENSG00000233030",0.239765553401105,0.00163739945050754,0.0199233119379273
"ENSG00000079134",0.2396839679857,0.0016435958480709,0.0199868529685192
"ENSG00000185475",0.239667483890886,0.00164485040586715,0.0199943590548226
"ENSG00000128513",0.239634887833438,0.0016473337706012,0.020013868015349
"ENSG00000165164",0.239633450161976,0.00164744337978939,0.020013868015349
"ENSG00000121743",0.239605066571084,0.00164960872901734,0.0200283132015472
"ENSG00000115970",0.239580575342074,0.00165147922024803,0.0200431151904841
"ENSG00000134153",0.239571847694052,0.00165214625223307,0.0200472572845883
"ENSG00000197928",0.239530389581206,0.00165531814702307,0.0200738719291404
"ENSG00000287080",0.239506720806589,0.00165713149663698,0.0200879458004779
"ENSG00000143486",0.239380797886402,0.0016668093915435,0.0201774424062064
"ENSG00000105849",0.239333014414931,0.00167049529167973,0.0202141097583833
"ENSG00000196531",0.239228048990745,0.00167861817354391,0.0202884675712071
"ENSG00000116016",0.239207358769802,0.00168022355468696,0.0202998976147731
"ENSG00000176485",0.239192299839275,0.00168139287666759,0.0203100379198489
"ENSG00000182885",0.239173475977447,0.00168285558784231,0.0203237174839418
"ENSG00000090776",0.239136767441452,0.00168571136784601,0.0203502197769154
"ENSG00000160285",0.239126503330339,0.00168651066537765,0.0203543212918171
"ENSG00000187239",0.239024111089042,0.00169450319610646,0.0204417113137382
"ENSG00000137965",0.239022635046032,0.00169461866506389,0.0204417113137382
"ENSG00000156804",0.238998118915634,0.00169653757981624,0.0204608482877152
"ENSG00000181273",0.238866602708684,0.00170686540759358,0.0205634333514068
"ENSG00000278546",0.238864205803764,0.00170705416457045,0.0205634333514068
"ENSG00000026103",0.238860037913238,0.00170738243249851,0.0205634333514068
"ENSG00000154845",0.238827898790154,0.001709915680517,0.0205899140367322
"ENSG00000168216",0.238733947385904,0.00171734071138242,0.0206631508780684
"ENSG00000141971",0.23868679421268,0.00172107831688962,0.020704074264006
"ENSG00000276547",0.238616702262142,0.00172664787098845,0.0207548469867408
"ENSG00000250155",0.238573932901201,0.00173005441770687,0.020787674557468
"ENSG00000162738",0.238477496103471,0.00173775802060763,0.0208680155356636
"ENSG00000137203",0.238391278654462,0.00174467172916953,0.0209347001169837
"ENSG00000067248",0.238353390117281,0.00174771790069279,0.0209630774664271
"ENSG00000006062",0.23832049037708,0.00175036691199074,0.0209866708029531
"ENSG00000167034",0.238302498184054,0.00175181714888453,0.0209917902279886
"ENSG00000105202",0.238173412426557,0.00176225408248117,0.021096316913484
"ENSG00000177106",0.238106079522854,0.00176772058369634,0.0211370887124553
"ENSG00000176907",0.238062333476069,0.00177128043247206,0.0211725811219862
"ENSG00000287259",0.238057347790855,0.00177168655853699,0.0211725811219862
"ENSG00000144741",0.238050494980623,0.00177224491610235,0.0211747313369449
"ENSG00000168685",0.237906646438788,0.00178400256143043,0.0212908040854875
"ENSG00000121892",0.237906245488593,0.00178403543268002,0.0212908040854875
"ENSG00000103811",0.237879142087321,0.00178625874058611,0.0213132043293198
"ENSG00000104067",0.237843431480525,0.00178919195610354,0.0213440646920791
"ENSG00000111801",0.237831204791079,0.00179019724580898,0.0213477813013113
"ENSG00000287263",0.237807571930206,0.00179214181998296,0.0213654232203332
"ENSG00000137814",0.237804788336687,0.00179237098801801,0.0213654232203332
"ENSG00000173040",0.237778763947876,0.0017945148188826,0.0213868357887898
"ENSG00000185222",0.237761837972608,0.0017959103960883,0.0213993241852582
"ENSG00000008226",0.23768343319278,0.0018023879165101,0.0214681946842844
"ENSG00000213886",0.237670499325293,0.00180345850844547,0.0214726350249116
"ENSG00000276269",0.237646126915683,0.00180547749199533,0.0214919252736672
"ENSG00000102010",0.237631388614289,0.00180669939526458,0.0214979797083449
"ENSG00000014138",0.237626749805783,0.00180708413916921,0.0214979797083449
"ENSG00000198542",0.237594555551671,0.00180975639520681,0.0215184790545997
"ENSG00000275126",0.237573984801754,0.00181146573637492,0.0215346430904883
"ENSG00000269404",0.23755696508178,0.00181288111360789,0.021547306924659
"ENSG00000142676",0.237545571121897,0.00181382920966185,0.0215536462229644
"ENSG00000280670",0.237480135195344,0.00181928290901171,0.0216025366297929
"ENSG00000168398",0.23741608322935,0.00182463572241418,0.0216577398071858
"ENSG00000288066",0.237355059943318,0.00182974876672362,0.021714241823995
"ENSG00000225733",0.237329624979974,0.00183188377179421,0.0217353874785623
"ENSG00000259004",0.237277856284264,0.00183623623334587,0.0217786322499592
"ENSG00000171161",0.237258186346417,0.00183789245377546,0.0217898773213556
"ENSG00000215301",0.237170193725094,0.001845318150688,0.0218652792194729
"ENSG00000129347",0.237137852624887,0.00184805427423604,0.0218934845531439
"ENSG00000012983",0.237048194774219,0.00185565883859395,0.0219751140200936
"ENSG00000251350",0.236916077273321,0.00186691666028259,0.0220887551512607
"ENSG00000251432",0.236882223149303,0.00186981138319649,0.0221129269345589
"ENSG00000077721",0.236850921039039,0.00187249152924395,0.0221361157656146
"ENSG00000114857",0.236756182599465,0.0018806245381932,0.0222237243814444
"ENSG00000100528",0.236708800367673,0.00188470421099457,0.0222591126389272
"ENSG00000151553",0.236666747896464,0.00188833173029675,0.0222976761338034
"ENSG00000100380",0.236642145005572,0.00189045696406019,0.02231848904587
"ENSG00000146587",0.236615819913176,0.00189273337499751,0.022336794406682
"ENSG00000112195",0.236585518992263,0.00189535667649562,0.0223591779371758
"ENSG00000234545",0.236575435834788,0.00189623035918966,0.0223621917795592
"ENSG00000164167",0.236471375190097,0.00190526841400782,0.0224459876094366
"ENSG00000225285",0.236260009814535,0.00192374708822359,0.022655011633684
"ENSG00000161671",0.236217654679536,0.00192746955485746,0.0226858264073718
"ENSG00000163811",0.236201336422717,0.00192890546610667,0.0226983858520209
"ENSG00000198730",0.236078209106034,0.00193977137162753,0.0228131643981359
"ENSG00000186395",0.236053868491475,0.00194192599709892,0.022834140918123
"ENSG00000281162",0.235985324306826,0.00194800521793974,0.0228968741659441
"ENSG00000121060",0.235975346046695,0.00194889163761293,0.0229029190271625
"ENSG00000226067",0.235965906062271,0.0019497305773293,0.0229040310462214
"ENSG00000174780",0.235885904380753,0.00195685359994122,0.0229833202203783
"ENSG00000229320",0.235881376701635,0.00195725743296343,0.022983677056726
"ENSG00000087502",0.23586506928678,0.00195871255327985,0.0229963764553711
"ENSG00000008018",0.23585395743504,0.00195970463414874,0.0230036357055217
"ENSG00000227039",0.235816700485096,0.00196303432103285,0.0230339340807713
"ENSG00000107719",0.235750272513189,0.0019689838200587,0.023094938102095
"ENSG00000143891",0.235716911278136,0.00197197794126729,0.023116840079496
"ENSG00000147604",0.235697611029063,0.00197371200052559,0.0231212650918319
"ENSG00000101745",0.235695984929818,0.0019738581631432,0.0231212650918319
"ENSG00000109475",0.235647310104429,0.00197823788166706,0.0231621230073103
"ENSG00000116017",0.235644674892812,0.00197847524778094,0.0231621230073103
"ENSG00000242125",0.235633319559116,0.00197949837338034,0.0231696933988816
"ENSG00000184162",0.235582419209558,0.00198409045634317,0.0232102001606509
"ENSG00000119314",0.23557783197816,0.00198450477877661,0.023210635139686
"ENSG00000196668",0.235531109973107,0.00198872923306218,0.0232467904880491
"ENSG00000089006",0.235516324393697,0.00199006780073225,0.0232537887333919
"ENSG00000158246",0.235516149899466,0.00199008360293083,0.0232537887333919
"ENSG00000233223",0.235435688659306,0.00199738234526559,0.0233213619914675
"ENSG00000138750",0.235408429839833,0.00199986054372677,0.0233414407933094
"ENSG00000165912",0.235392594271286,0.00200130149677186,0.0233538299805322
"ENSG00000120992",0.235349256570764,0.00200524982820743,0.0233910340081877
"ENSG00000156172",0.235311595520129,0.00200868673383363,0.0234242421516909
"ENSG00000244586",0.235305554803587,0.002009238501215,0.0234242421516909
"ENSG00000204959",0.235240258037902,0.00201521160212935,0.0234816218000244
"ENSG00000132842",0.235233174738891,0.00201586052546568,0.0234816218000244
"ENSG00000072121",0.235227727592624,0.0020163596849498,0.0234816218000244
"ENSG00000051108",0.235184839870397,0.00202029371021204,0.0235219364550302
"ENSG00000006453",0.235178222343055,0.00202090134710541,0.0235234219092854
"ENSG00000007933",0.235175125779144,0.00202118573794848,0.0235234219092854
"ENSG00000213401",0.235080534287914,0.0020298906500158,0.0236068764483319
"ENSG00000225092",0.235016693613672,0.00203578492993775,0.0236624163561649
"ENSG00000102359",0.234964062752952,0.00204065592979248,0.0237096712371433
"ENSG00000163710",0.234897484700024,0.00204683292712955,0.0237724637983131
"ENSG00000153914",0.234884114996883,0.0020480753930496,0.0237824060358197
"ENSG00000163156",0.234870075847653,0.00204938080963379,0.0237877012535192
"ENSG00000121621",0.234764758379036,0.00205919780139486,0.0238908114780701
"ENSG00000188056",0.234761957361816,0.00205945947620815,0.0238908114780701
"ENSG00000247287",0.23471079353951,0.00206424459225297,0.023929528948129
"ENSG00000286573",0.234706506143487,0.00206464603123814,0.023929675206501
"ENSG00000211895",0.23467456103915,0.00206763936182005,0.0239598563140375
"ENSG00000115145",0.234630139000086,0.00207180836792603,0.0239946131342942
"ENSG00000151694",0.234529157003404,0.00208131396807627,0.0240911015330611
"ENSG00000178996",0.234376541731713,0.00209575514142134,0.0242445778991796
"ENSG00000147853",0.23435789291604,0.00209752601020156,0.0242559452784376
"ENSG00000142677",0.234348214268054,0.00209844561880759,0.0242576607399668
"ENSG00000150961",0.234339741418345,0.00209925096030585,0.0242576607399668
"ENSG00000141429",0.234323920267397,0.00210075550741569,0.0242704893839668
"ENSG00000100968",0.23431933543826,0.00210119169494221,0.024270972536322
"ENSG00000156030",0.234225469511445,0.00211013994404285,0.0243514818518983
"ENSG00000115170",0.234133337456341,0.00211895656926824,0.0244394795912752
"ENSG00000198833",0.234058990459894,0.0021260956372642,0.0245126320531637
"ENSG00000276231",0.233995934135005,0.00213216765708971,0.024564231802308
"ENSG00000162739",0.233879189351706,0.00214345122865305,0.0246603961066394
"ENSG00000169826",0.233834988555864,0.00214773744777836,0.0247019909336706
"ENSG00000197265",0.233800549591664,0.0021510824432764,0.0247358404127435
"ENSG00000169188",0.233754297106375,0.00215558231268014,0.0247783260835986
"ENSG00000257702",0.233736122431868,0.00215735285246266,0.0247894182135851
"ENSG00000018625",0.233694718203397,0.00216139130282257,0.0248265521352953
"ENSG00000168405",0.233668995739133,0.00216390365628384,0.0248468837747169
"ENSG00000164306",0.233668328932667,0.00216396881958408,0.0248468837747169
"ENSG00000288048",0.233661091311032,0.00216467622693605,0.0248503700262175
"ENSG00000122958",0.233594449679113,0.00217119968062267,0.024911318632409
"ENSG00000213398",0.233541072537384,0.00217643756808097,0.0249621084029026
"ENSG00000008405",0.233488053976018,0.00218165162935112,0.025012587160355
"ENSG00000138073",0.233405032377561,0.00218983911095869,0.0250784254270267
"ENSG00000139133",0.233298600248866,0.0022003761322837,0.0251850378808383
"ENSG00000138755",0.233250136450353,0.00220518939986407,0.0252260550976272
"ENSG00000165525",0.233206369389996,0.00220954441837388,0.0252711766742989
"ENSG00000156876",0.233176417958909,0.00221252922036803,0.0252912144016215
"ENSG00000258733",0.23309977666016,0.00222018357058513,0.0253692866075178
"ENSG00000166024",0.233073836064621,0.0022227797624957,0.0253942375539327
"ENSG00000142173",0.233064964709682,0.00222366825970642,0.0253996732322517
"ENSG00000132485",0.233006439676821,0.00222953783345896,0.0254577225204335
"ENSG00000079215",0.233002593401316,0.00222992407516443,0.0254577225204335
"ENSG00000184007",0.233001924422117,0.00222999126003602,0.0254577225204335
"ENSG00000145860",0.232903181784228,0.00223992806207024,0.0255616785930003
"ENSG00000137876",0.232816744472453,0.00224865952352765,0.0256518075469853
"ENSG00000143337",0.232779017274723,0.00225248021416207,0.0256858703539726
"ENSG00000217128",0.232712987976892,0.00225918129002588,0.0257432055755143
"ENSG00000087245",0.232687653411183,0.00226175720512495,0.0257634849667691
"ENSG00000110696",0.232659410656403,0.0022646319562042,0.025790989843196
"ENSG00000136861",0.23262681376269,0.00226795402670857,0.0258099022423793
"ENSG00000137275",0.232626656234268,0.00226797009175203,0.0258099022423793
"ENSG00000273272",0.232526816260303,0.00227817276761833,0.0258972783173813
"ENSG00000138670",0.232491764465527,0.00228176459128756,0.0259285302817949
"ENSG00000134107",0.232471332689701,0.00228386064496056,0.0259427684631696
"ENSG00000121058",0.232439817024729,0.00228709719961502,0.0259699465042632
"ENSG00000279660",0.232381167346947,0.00229313141418259,0.0260314596423872
"ENSG00000077942",0.23237894420282,0.00229336042800311,0.0260314596423872
"ENSG00000198865",0.232297032840377,0.00230181289152385,0.0261081409133696
"ENSG00000117450",0.232244541016248,0.00230724439890519,0.0261649252416107
"ENSG00000170185",0.232160687946379,0.00231594509987224,0.0262490838354581
"ENSG00000266964",0.232084409046497,0.00232388575062862,0.0263293859787717
"ENSG00000177425",0.232015872845365,0.00233104145107448,0.0263861716139283
"ENSG00000162745",0.232007817447166,0.00233188380784276,0.0263889028916301
"ENSG00000178538",0.232001954951404,0.00233249702544875,0.0263889028916301
"ENSG00000174428",0.232001266143733,0.0023325690844025,0.0263889028916301
"ENSG00000198832",0.231901843175811,0.00234299133952898,0.0264776069006228
"ENSG00000178966",0.231862948996967,0.00234708000323201,0.0265140770409161
"ENSG00000214787",0.231783862387997,0.00235541378071346,0.0265935765401264
"ENSG00000196739",0.231745211599179,0.00235949638018007,0.0266250174590763
"ENSG00000090659",0.231718866090348,0.00236228287832333,0.0266515742371276
"ENSG00000150347",0.231641019884181,0.00237053393099228,0.0267397617758411
"ENSG00000144848",0.231622850193353,0.00237246352760757,0.0267517213893514
"ENSG00000167543",0.231586289747613,0.00237635051691143,0.0267857355701093
"ENSG00000205323",0.231465731435533,0.00238920886464026,0.0269208111251227
"ENSG00000196505",0.231270183891848,0.00241019959166003,0.0270983469817381
"ENSG00000141219",0.231237720309292,0.00241370048755871,0.0271320145772368
"ENSG00000134463",0.231233786311422,0.00241412504590129,0.0271320145772368
"ENSG00000102032",0.231202634278383,0.00241748937627318,0.0271648651037715
"ENSG00000154240",0.231168257600044,0.00242120689457102,0.0272016716172835
"ENSG00000249138",0.231153313584612,0.00242282456735152,0.0272132602070214
"ENSG00000116745",0.231150560058385,0.00242312274038862,0.0272132602070214
"ENSG00000134830",0.23113840845551,0.00242443900717776,0.0272230750333421
"ENSG00000254109",0.231123084261837,0.00242609985495709,0.0272367547379568
"ENSG00000256663",0.231109990952116,0.00242751973530899,0.0272477247108985
"ENSG00000196205",0.231077003965821,0.00243110029158674,0.0272735641203827
"ENSG00000198093",0.231072455213169,0.00243159440934193,0.0272735641203827
"ENSG00000174740",0.231037943886088,0.00243534624245517,0.0273106685761044
"ENSG00000173762",0.231033661381942,0.0024358121727217,0.0273109171721597
"ENSG00000197713",0.231004203307116,0.00243901936013222,0.0273369163176065
"ENSG00000152778",0.230976959277353,0.00244198890634919,0.027360233980039
"ENSG00000163239",0.230946162683205,0.00244534962309516,0.027392900837963
"ENSG00000115421",0.230941885260139,0.00244581673382923,0.0273931474188874
"ENSG00000267534",0.23093127876039,0.00244697535273679,0.0273961526485052
"ENSG00000214063",0.230881905288236,0.00245237530159049,0.0274466240336579
"ENSG00000163785",0.230862435649084,0.00245450765435362,0.027465494378098
"ENSG00000187187",0.230844455557271,0.00245647836221129,0.0274825494135488
"ENSG00000115009",0.230722090166807,0.00246992837627004,0.0276094479858808
"ENSG00000102221",0.230720859106256,0.00247006402915409,0.0276094479858808
"ENSG00000163297",0.230688935717991,0.00247358408740496,0.0276387543709606
"ENSG00000137285",0.230675850872899,0.00247502821227212,0.0276498704476448
"ENSG00000231500",0.230647366795378,0.00247817453598411,0.0276749725354031
"ENSG00000128694",0.230642044609142,0.0024787628215028,0.0276765201535864
"ENSG00000100603",0.230636427062565,0.00247938389190565,0.0276784332021478
"ENSG00000288899",0.230541102297489,0.00248994443805516,0.0277761719223612
"ENSG00000172671",0.230477066119922,0.00249706156340363,0.0278353843249616
"ENSG00000165219",0.23045425408682,0.00249960139635898,0.0278586505500755
"ENSG00000100453",0.230389083603142,0.00250687021832018,0.0279254348469836
"ENSG00000164327",0.230388326081474,0.00250695482142181,0.0279254348469836
"ENSG00000101493",0.230335174296899,0.00251289749552478,0.0279850508802815
"ENSG00000068001",0.230328265370826,0.00251367089019557,0.0279850508802815
"ENSG00000115548",0.230292245513952,0.00251770649858325,0.0280249102457601
"ENSG00000177076",0.230258534699356,0.00252148872518996,0.0280568617073026
"ENSG00000117614",0.230223665309551,0.00252540635803209,0.0280914997557069
"ENSG00000155324",0.230120487229646,0.00253703092305142,0.0282043047558303
"ENSG00000187229",0.230069596317772,0.00254278239288343,0.0282631388093946
"ENSG00000120137",0.229989874393425,0.00255181597884859,0.0283481881953533
"ENSG00000102710",0.229939250262515,0.0025575674757813,0.0284018283524872
"ENSG00000131196",0.229868984437783,0.00256556997106139,0.0284701475476023
"ENSG00000157538",0.229754836889861,0.00257861849166984,0.028589172482675
"ENSG00000143498",0.229711871719746,0.00258354551650156,0.0286334819498599
"ENSG00000101109",0.229672649840719,0.00258805072661264,0.0286730862139781
"ENSG00000169905",0.229653737930532,0.00259022558065927,0.0286920164031847
"ENSG00000092621",0.229629698371535,0.00259299250049939,0.0287170157385812
"ENSG00000116833",0.229626023912106,0.00259341566155977,0.0287170157385812
"ENSG00000138772",0.229479444044715,0.00261034733186945,0.0288733314508579
"ENSG00000177932",0.22946284119203,0.00261227145446659,0.0288842318350147
"ENSG00000154642",0.229430937508116,0.00261597241439624,0.0289147640573998
"ENSG00000087303",0.229421717229495,0.00261704288951958,0.0289198936144197
"ENSG00000140285",0.229418846117309,0.00261737630690754,0.0289198936144197
"ENSG00000176435",0.229336676827111,0.00262693481368982,0.0290165998903691
"ENSG00000283633",0.229327199923873,0.00262803926491207,0.0290165998903691
"ENSG00000176890",0.22922893175806,0.0026395163921545,0.029107041182361
"ENSG00000289626",0.229196716438222,0.00264328881728682,0.029138199350009
"ENSG00000104213",0.229170671032479,0.00264634231307365,0.0291614129482193
"ENSG00000103274",0.229148727814965,0.00264891735853419,0.0291809982033756
"ENSG00000250742",0.229147445281632,0.00264906793452261,0.0291809982033756
"ENSG00000179967",0.229034233232938,0.00266239019847818,0.029291051550794
"ENSG00000146409",0.229005037176612,0.00266583568208281,0.0293124428796118
"ENSG00000106397",0.229001615999735,0.00266623968607934,0.0293124428796118
"ENSG00000247095",0.228892388406663,0.00267916746809446,0.029438793546939
"ENSG00000256664",0.228866193770797,0.00268227619781357,0.0294624319682738
"ENSG00000257545",0.228841263515732,0.00268523790694509,0.0294851019958108
"ENSG00000126456",0.228706921282077,0.00270124877720573,0.0296247541820165
"ENSG00000182952",0.228706327630848,0.00270131971983723,0.0296247541820165
"ENSG00000161016",0.228705770222846,0.00270138633285904,0.0296247541820165
"ENSG00000230445",0.22867124376843,0.00270551531621418,0.0296568578152253
"ENSG00000211949",0.228634733813284,0.00270988772035339,0.0296968179952688
"ENSG00000106052",0.228622487737196,0.00271135573340847,0.0297076156768544
"ENSG00000183726",0.228604339955926,0.00271353254476132,0.0297261742496958
"ENSG00000234741",0.228559089155257,0.0027189672348891,0.0297751102320311
"ENSG00000198355",0.228540140997666,0.00272124586353864,0.0297947616839748
"ENSG00000141503",0.228518450136804,0.00272385644104709,0.029818039987158
"ENSG00000111424",0.228498650902966,0.00272624133341166,0.0298388398761315
"ENSG00000135838",0.228485143748591,0.00272786940576336,0.0298508624342652
"ENSG00000168152",0.228481490926458,0.00272830984649587,0.0298508624342652
"ENSG00000111231",0.228472809440129,0.0027293568791276,0.0298570102682242
"ENSG00000278053",0.228375344184541,0.00274113669300794,0.0299698910347274
"ENSG00000173801",0.228277296161637,0.00275303336522146,0.0300839285208078
"ENSG00000100201",0.228259410262429,0.00275520858785174,0.030102353511583
"ENSG00000000460",0.228156098623961,0.00276780347716944,0.0302131424616737
"ENSG00000128886",0.228137570372748,0.00277006779009867,0.0302271368925235
"ENSG00000145423",0.228109719302873,0.00277347458703861,0.0302589469925021
"ENSG00000288959",0.228081116004811,0.00277697734522219,0.0302917925796445
"ENSG00000226833",0.228065547240709,0.00277888557761694,0.0303018664048294
"ENSG00000262576",0.228055558983311,0.0027801104433373,0.0303098524578833
"ENSG00000150510",0.228014702826841,0.00278512574647894,0.030353777039366
"ENSG00000128059",0.227927941148798,0.00279580335858877,0.0304485793489626
"ENSG00000153721",0.22787414993679,0.00280244194357252,0.030515478941123
"ENSG00000166997",0.227775421085806,0.00281466359232307,0.0306322999338517
"ENSG00000162627",0.227769276899431,0.00281542577334414,0.030635177474309
"ENSG00000111335",0.227764283628764,0.00281604532183339,0.0306365022603702
"ENSG00000213859",0.227734432389054,0.00281975173908092,0.0306659835713016
"ENSG00000112309",0.227728269129965,0.00282051753696798,0.0306688924549748
"ENSG00000164163",0.227670909239848,0.00282765365570179,0.0307356263840535
"ENSG00000182774",0.22765293494972,0.00282989318890524,0.0307545375980901
"ENSG00000136169",0.227594762372428,0.00283715229476824,0.0308225420704707
"ENSG00000078401",0.227562696540635,0.00284116085170944,0.0308497536093165
"ENSG00000174243",0.227531649978308,0.00284504687177225,0.0308864993255162
"ENSG00000226312",0.227441772071963,0.0028563237919481,0.0309925231755384
"ENSG00000183421",0.227435596126891,0.00285710016654996,0.0309954825753836
"ENSG00000128849",0.227407670410151,0.00286061307683163,0.0310117264753436
"ENSG00000135047",0.227347320109268,0.00286821818320347,0.031088696700788
"ENSG00000204291",0.227265924927458,0.00287850425425142,0.0311892017295157
"ENSG00000114107",0.227206254017029,0.00288606617309187,0.0312462284038877
"ENSG00000027869",0.227182486594978,0.00288908314966129,0.0312707937676318
"ENSG00000137869",0.227151487769015,0.00289302234942394,0.0313079246479598
"ENSG00000111011",0.22713813784675,0.0028947202973558,0.0313207921906584
"ENSG00000279541",0.227081711294681,0.00290190703122256,0.0313820007607734
"ENSG00000083937",0.227054111040169,0.00290542819557624,0.0314090414313269
"ENSG00000011007",0.227044019841012,0.00290671656743724,0.0314174507246852
"ENSG00000138231",0.226969545281143,0.00291624093595872,0.0314982681928121
"ENSG00000085265",0.226911886590359,0.00292363414091331,0.0315615049234115
"ENSG00000115282",0.226875034262031,0.00292836835481268,0.0315904473319179
"ENSG00000139990",0.226868487810235,0.00292921006595493,0.0315939895371767
"ENSG00000112062",0.226846401602538,0.00293205141846915,0.031613555097804
"ENSG00000164318",0.226837643845603,0.00293317877878121,0.0316196938178759
"ENSG00000286377",0.226553587180645,0.00296995779722223,0.0319550843832596
"ENSG00000145782",0.226499137405472,0.00297705527561098,0.0320146583753629
"ENSG00000154124",0.226491914029367,0.00297799798738848,0.0320151179146694
"ENSG00000198034",0.2264753302153,0.0029801633368934,0.0320312910244092
"ENSG00000165118",0.226470194590183,0.00298083418437109,0.0320326948704816
"ENSG00000180871",0.226466361937536,0.00298133491840177,0.0320326948704816
"ENSG00000128585",0.226456528375674,0.0029826200159492,0.0320409087557301
"ENSG00000110911",0.226434055249777,0.00298555879343655,0.0320668813932389
"ENSG00000105374",0.226420121600163,0.00298738219077634,0.0320808671347303
"ENSG00000251139",0.226348423093795,0.00299678079314049,0.032163593066397
"ENSG00000111481",0.226344906875191,0.00299724240374916,0.032163593066397
"ENSG00000078747",0.226341431490492,0.00299769871683435,0.032163593066397
"ENSG00000161896",0.22632346188076,0.00300005910321808,0.0321833079045587
"ENSG00000186577",0.22631876380918,0.00300067649236512,0.0321843210258137
"ENSG00000222043",0.226277692025122,0.00300607876503606,0.0322301131894891
"ENSG00000065882",0.226274363488528,0.00300651696056247,0.0322301131894891
"ENSG00000127980",0.226240919657213,0.00301092298354752,0.0322717248518719
"ENSG00000173156",0.226198872458424,0.00301647073078865,0.0323199294316951
"ENSG00000123136",0.226116849983864,0.0030273194560409,0.0324079576626511
"ENSG00000156256",0.226099054756378,0.00302967779768385,0.0324275635444617
"ENSG00000197245",0.226062846107751,0.0030344815361375,0.0324676863108564
"ENSG00000211460",0.226056234494939,0.00303535943028949,0.0324714341696048
"ENSG00000047849",0.225960364100259,0.00304811498758677,0.0325795742959431
"ENSG00000168060",0.225949476209221,0.00304956668097625,0.0325894307716622
"ENSG00000256043",0.225932752452788,0.00305179769323252,0.0326046131817061
"ENSG00000104447",0.225867355244641,0.00306053609809473,0.0326896274941239
"ENSG00000123610",0.225828366924096,0.0030657564888033,0.0327397045543831
"ENSG00000272279",0.225738383693268,0.00307783564071156,0.0328515984516046
"ENSG00000133884",0.225681303760365,0.00308552020347335,0.0329222010059924
"ENSG00000066379",0.225641524066032,0.00309088591555951,0.0329680212802763
"ENSG00000118193",0.225633727567117,0.00309193853951274,0.0329729629888618
"ENSG00000099246",0.225606128522345,0.00309566735600993,0.0329919339650862
"ENSG00000225062",0.225572939284229,0.00310015682635639,0.0330268394878445
"ENSG00000243317",0.225533555672275,0.00310549183475414,0.0330779490270178
"ENSG00000205544",0.225492376030742,0.003111079008552,0.0331317263371387
"ENSG00000093144",0.225486396848053,0.0031118910071318,0.0331346401631348
"ENSG00000106809",0.225451107788723,0.00311668731377473,0.0331799695621782
"ENSG00000180644",0.225384835632809,0.00312571273664442,0.0332587940290532
"ENSG00000143127",0.225380850821923,0.00312625616894778,0.0332588262163737
"ENSG00000100902",0.225304283903984,0.0031367146453592,0.0333527930431905
"ENSG00000105829",0.225266290680551,0.00314191596423533,0.0333965589124178
"ENSG00000167107",0.225260824957846,0.00314266486912521,0.0333987509420553
"ENSG00000102575",0.225222679185291,0.00314789603576497,0.0334427953780631
"ENSG00000265681",0.225202001042035,0.00315073504460311,0.0334671794244139
"ENSG00000149596",0.225172144697016,0.00315483825695984,0.0334992004289745
"ENSG00000232442",0.225130439157064,0.00316057800699729,0.0335485706903486
"ENSG00000139620",0.225068535211997,0.00316911496774703,0.0336275882025902
"ENSG00000118707",0.225062259904895,0.00316998153552422,0.0336309849374768
"ENSG00000268030",0.224997962825531,0.00317887276737223,0.0337136904351467
"ENSG00000018510",0.224993201682428,0.00317953205028603,0.0337148725883535
"ENSG00000287569",0.224972491648122,0.00318240123825374,0.0337327833086486
"ENSG00000119471",0.224950472428244,0.00318545436683959,0.0337528602006104
"ENSG00000174718",0.22491583069973,0.00319026305554995,0.0337820972971036
"ENSG00000173546",0.224873344155033,0.00319616965010058,0.0338155518215214
"ENSG00000150687",0.224861762904059,0.00319778141913413,0.0338267892160865
"ENSG00000221968",0.224639418706459,0.00322886785079665,0.0341380249114291
"ENSG00000081870",0.224633585302997,0.00322968709287307,0.0341408214434524
"ENSG00000170323",0.224609082914219,0.00323313025409693,0.0341562454967223
"ENSG00000019144",0.224607405091373,0.00323336614883504,0.0341562454967223
"ENSG00000061455",0.22459701670757,0.00323482705734743,0.0341658136978531
"ENSG00000145781",0.224583602490411,0.00323671436763864,0.0341793650486657
"ENSG00000275993",0.224580003956048,0.00323722083174107,0.0341793650486657
"ENSG00000162614",0.224560565453394,0.00323995787855195,0.0341906666113856
"ENSG00000160213",0.224540662333893,0.0032427625108718,0.034208532048182
"ENSG00000161653",0.224510459568556,0.00324702269709876,0.0342358685746524
"ENSG00000123143",0.224490886573721,0.00324978622184184,0.0342538750851275
"ENSG00000138613",0.224452968824123,0.00325514589806721,0.0343038868408645
"ENSG00000114166",0.224433970933489,0.00325783425102949,0.034320464078288
"ENSG00000111319",0.22441884469486,0.00325997616764304,0.0343312753698534
"ENSG00000184164",0.224310770356818,0.00327531682048195,0.0344751322729162
"ENSG00000126822",0.224276094042543,0.00328025275535296,0.0345211825539403
"ENSG00000118894",0.224271021094561,0.00328097541740509,0.0345228844398664
"ENSG00000090061",0.224259899957652,0.00328256017148582,0.0345336552468245
"ENSG00000197409",0.224234045592946,0.00328624707098905,0.0345665338808666
"ENSG00000128534",0.224185807442391,0.00329313595202352,0.0346330757059699
"ENSG00000118292",0.224132306335015,0.00330079167990189,0.034707658149305
"ENSG00000104164",0.224119048488311,0.00330269129038641,0.0347217001666453
"ENSG00000136156",0.224078209329339,0.00330854900920838,0.0347714037265575
"ENSG00000144891",0.223780018503803,0.0033516046834631,0.0351458781119531
"ENSG00000163568",0.223774894280272,0.00335234896737065,0.0351476941819181
"ENSG00000104368",0.223618080080333,0.00337519818770079,0.035345107582756
"ENSG00000112984",0.223593772517659,0.00337875256797136,0.03537630963648
"ENSG00000162928",0.22346803045676,0.00339719321961316,0.0355352396243823
"ENSG00000138593",0.223465037526249,0.00339763325094869,0.0355352396243823
"ENSG00000134762",0.223462723064054,0.0033979735667082,0.0355352396243823
"ENSG00000145777",0.223387858563995,0.00340899815372229,0.035620268654106
"ENSG00000121851",0.22329866817733,0.00342217449664444,0.0357391566407075
"ENSG00000166869",0.223278811310965,0.00342511425240532,0.035747273682126
"ENSG00000133983",0.223222170202944,0.00343351233820017,0.03582167881712
"ENSG00000129317",0.223202542948991,0.00343642677025843,0.0358399337652576
"ENSG00000107937",0.223170294514668,0.00344122015505806,0.0358838450055733
"ENSG00000288520",0.223103083304861,0.00345122977205883,0.0359638477974244
"ENSG00000120705",0.223088092195655,0.0034534659438421,0.0359810577362144
"ENSG00000083099",0.223065092758114,0.00345689923090852,0.036009440346182
"ENSG00000157106",0.223053180928382,0.00345867860303873,0.0360166374534603
"ENSG00000163421",0.222999965409142,0.0034666379549309,0.0360755438448203
"ENSG00000078124",0.222982770738738,0.00346921326083627,0.0360938201965674
"ENSG00000179163",0.222969445973245,0.00347121014412933,0.036098708535028
"ENSG00000086589",0.22288014495282,0.00348461979951919,0.0362222789032404
"ENSG00000143479",0.222767325401562,0.00350162784283736,0.0363720141703937
"ENSG00000172322",0.222705789879786,0.00351093611182564,0.0364563948146106
"ENSG00000185009",0.222655800458096,0.00351851426098692,0.0365289206609614
"ENSG00000171469",0.222620897660713,0.00352381409338943,0.0365722910058147
"ENSG00000139826",0.222609933056637,0.00352548050431389,0.0365722910058147
"ENSG00000287289",0.22258973090515,0.00352855270730614,0.0365960983853133
"ENSG00000189057",0.222557545910157,0.0035334521646626,0.0366345653675867
"ENSG00000164849",0.222396351229842,0.00355808292350113,0.0368402852361968
"ENSG00000108375",0.222371498043389,0.00356189426534934,0.0368735442668898
"ENSG00000272831",0.222302387705208,0.00357251198524809,0.0369523827932956
"ENSG00000179476",0.222281757317032,0.00357568704632386,0.0369790091713923
"ENSG00000136450",0.222209497985186,0.0035868279815885,0.0370811793782111
"ENSG00000151327",0.222131538830485,0.00359888279712591,0.0371814072295312
"ENSG00000177369",0.222114250869667,0.00360156097472509,0.0371965881235913
"ENSG00000120008",0.222081870331943,0.00360658206435986,0.0372421957330475
"ENSG00000165186",0.222003729917842,0.00361872490630711,0.0373300042966417
"ENSG00000112769",0.221941510125254,0.00362842005818058,0.0373977557118023
"ENSG00000142208",0.221938186553478,0.00362893859857798,0.0373977557118023
"ENSG00000163681",0.221890536915933,0.00363638019446187,0.0374376729750267
"ENSG00000143228",0.221890014452513,0.00363646186540865,0.0374376729750267
"ENSG00000187699",0.221864587586573,0.00364043856553175,0.0374660787754324
"ENSG00000152520",0.221853486216966,0.0036421760215554,0.0374714277951531
"ENSG00000123080",0.221842605275808,0.00364387970386541,0.0374732972296319
"ENSG00000174705",0.221828899582268,0.00364602669354645,0.0374749373046983
"ENSG00000175084",0.221734179032994,0.0036608958087636,0.0376074397687443
"ENSG00000237927",0.221729914730112,0.00366156649734634,0.0376080521549872
"ENSG00000140455",0.221707515753209,0.00366509122190863,0.0376379733290747
"ENSG00000205758",0.221701464180451,0.00366604402768243,0.0376414770836983
"ENSG00000165672",0.221694702721978,0.00366710886728648,0.03764612979621
"ENSG00000180776",0.221584046525573,0.0036845753930912,0.0377984587895206
"ENSG00000124253",0.221577345188654,0.00368563556881958,0.0377984587895206
"ENSG00000197930",0.221551308826705,0.00368975722434096,0.037813285330531
"ENSG00000163349",0.221548829033851,0.00369015000154636,0.037813285330531
"ENSG00000114209",0.221426434551984,0.00370958308132677,0.0379744812304017
"ENSG00000075856",0.221414866261228,0.00371142458744388,0.0379870139380752
"ENSG00000213903",0.221302997767398,0.00372927498473692,0.038144340977339
"ENSG00000129255",0.22129631558153,0.00373034367754255,0.0381489317531869
"ENSG00000187837",0.221265068473028,0.0037353447404981,0.0381873848354178
"ENSG00000172456",0.221247578641036,0.00373814660315272,0.0382096818708572
"ENSG00000092820",0.22122876981135,0.00374116188121651,0.0382278045521482
"ENSG00000276855",0.221211912522257,0.00374386616575068,0.0382490868700133
"ENSG00000152492",0.221121066836764,0.00375847017370747,0.0383791751071267
"ENSG00000173812",0.221079919940913,0.00376510166028186,0.0384341377642042
"ENSG00000185338",0.221067681948961,0.00376707604260697,0.0384479150856058
"ENSG00000172081",0.221051818808355,0.0037696366659594,0.03846129293266
"ENSG00000287632",0.221042209667165,0.00377118853294645,0.0384707487272761
"ENSG00000165121",0.221019986070594,0.00377477982674257,0.0385010025948036
"ENSG00000183019",0.220979970789495,0.00378125399228182,0.0385606455179771
"ENSG00000267895",0.220778587465393,0.00381398832759862,0.0388520540759783
"ENSG00000186866",0.220776993011765,0.00381424851694822,0.0388520540759783
"ENSG00000164403",0.220714510794283,0.00382445721063641,0.0389155589515659
"ENSG00000138131",0.220686253534053,0.00382908211375785,0.0389451379291213
"ENSG00000130935",0.22067212870616,0.00383139583031206,0.0389559414846145
"ENSG00000099260",0.220604143121646,0.00384254982564353,0.039049849152808
"ENSG00000125817",0.220566316913431,0.0038487684002374,0.0390988756593628
"ENSG00000134070",0.220511314688919,0.00385782685459865,0.039159837694115
"ENSG00000172819",0.220481995213915,0.0038626633915237,0.0392024663205697
"ENSG00000135525",0.220465970641265,0.00386530910955204,0.0392228497672334
"ENSG00000134152",0.220458710959577,0.00386650824756433,0.0392285498826408
"ENSG00000232857",0.220405756309458,0.00387526531476726,0.0393109161912043
"ENSG00000139329",0.220374974478825,0.00388036388306815,0.0393496646596715
"ENSG00000066084",0.220297350881325,0.00389324794278084,0.0394543144064719
"ENSG00000093183",0.220287377253742,0.00389490616648156,0.0394646205317651
"ENSG00000116685",0.220279224640322,0.003896262099053,0.0394718608434762
"ENSG00000253647",0.220273230085822,0.00389725937700467,0.0394754659477247
"ENSG00000135315",0.220242305577787,0.00390240775237567,0.0395146072247793
"ENSG00000109686",0.220168186585799,0.00391477216289382,0.0396267661172923
"ENSG00000180573",0.220154424036401,0.00391707188689451,0.0396304902526772
"ENSG00000170961",0.220126233860792,0.00392178626598534,0.0396651460893676
"ENSG00000172159",0.220118963810407,0.00392300289964818,0.039670931721319
"ENSG00000149418",0.219988493705178,0.00394489473569749,0.039879205258503
"ENSG00000138449",0.219966896992134,0.00394852907780779,0.0399028363817081
"ENSG00000170515",0.219912463318267,0.00395770266780469,0.0399758498255986
"ENSG00000113212",0.2198562773419,0.00396719168131937,0.0400388397564971
"ENSG00000082196",0.219811014167582,0.00397485087322332,0.040089843025509
"ENSG00000129128",0.21980605963743,0.00397569005972494,0.0400917366927268
"ENSG00000261801",0.219798142222271,0.003977031423574,0.040098692977136
"ENSG00000178922",0.219779776408775,0.00398014451706961,0.0401235076426752
"ENSG00000168811",0.219716965702958,0.00399080781288368,0.0402112436208437
"ENSG00000101158",0.219664213527569,0.00399978333720707,0.0402950835988004
"ENSG00000086712",0.219611617984645,0.00400875028915546,0.0403708745689749
"ENSG00000196139",0.219607128382152,0.00400951655338638,0.0403708745689749
"ENSG00000149084",0.219597563985826,0.0040111493989746,0.0403765421345261
"ENSG00000230542",0.219560506928345,0.00401748147674912,0.040420447932818
"ENSG00000230542",0.219560506928345,0.00401748147674912,0.040420447932818
"ENSG00000120742",0.21952773870957,0.00402308819526498,0.0404570163217954
"ENSG00000104918",0.219444889322734,0.00403729533063366,0.0405799940925229
"ENSG00000123066",0.219374984811543,0.00404931774921851,0.040694188693322
"ENSG00000239920",0.219352813016488,0.00405313765247937,0.0407126332110642
"ENSG00000287067",0.219254928022815,0.00407004069950691,0.0408490842808958
"ENSG00000287059",0.219244291745365,0.00407188121474389,0.0408543699153022
"ENSG00000143947",0.219198958662145,0.00407973410813167,0.040913012212947
"ENSG00000204516",0.219186459818508,0.00408190163389729,0.0409280798560727
"ENSG00000143409",0.219020366792627,0.00411080366875003,0.0411776206037682
"ENSG00000139132",0.218969166151832,0.00411975018714794,0.0412441424593079
"ENSG00000179750",0.218949919101574,0.00412311783651139,0.0412673872386172
"ENSG00000204977",0.218867721543369,0.00413752779185478,0.0413969768095048
"ENSG00000287342",0.218859325262632,0.00413900227997559,0.0413994403248526
"ENSG00000270149",0.218845810511879,0.00414137662552199,0.0414094184258039
"ENSG00000255871",0.218836339466003,0.00414304128063595,0.0414129174233326
"ENSG00000112175",0.218795488401012,0.00415022826421037,0.0414780201839174
"ENSG00000197892",0.218791446995061,0.00415093988329161,0.0414783965217241
"ENSG00000173041",0.218779344647994,0.00415307154573806,0.0414929602615103
"ENSG00000142494",0.218770694793284,0.00415459570211081,0.0415014507207771
"ENSG00000125304",0.218728857416293,0.00416197480104786,0.0415684156370804
"ENSG00000135828",0.218700686732602,0.00416695006316403,0.0416113539976257
"ENSG00000254221",0.218683188360775,0.00417004316575708,0.0416349088280653
"ENSG00000130598",0.218659191841685,0.00417428827096118,0.0416575964566296
"ENSG00000135437",0.218629073635943,0.00417962183178914,0.041690542303992
"ENSG00000179523",0.218584260276567,0.00418756906276832,0.041758678811857
"ENSG00000260422",0.218544543409351,0.00419462383118496,0.0418063043022586
"ENSG00000229391",0.21848277449881,0.00420561685897492,0.0418887334469578
"ENSG00000179562",0.21845174792593,0.00421114843140484,0.0419302570882348
"ENSG00000155304",0.218425167648695,0.0042158924966295,0.0419435641468746
"ENSG00000070540",0.218406569342452,0.00421921479067296,0.0419698327262286
"ENSG00000240184",0.21832738190798,0.00423338673464426,0.0420903963161464
"ENSG00000101751",0.218266432263872,0.00424432383925818,0.0421786963286461
"ENSG00000185862",0.218178583244871,0.00426013258547394,0.0423133915235243
"ENSG00000164010",0.218160466255148,0.0042633993775069,0.0423336337721779
"ENSG00000135723",0.218156904323901,0.00426404191722558,0.0423336337721779
"ENSG00000280206",0.21814781735442,0.00426568151739789,0.0423341257704371
"ENSG00000287338",0.218095795351652,0.00427507897821529,0.0424021693207545
"ENSG00000076043",0.218054847300078,0.00428248907836453,0.0424688217594049
"ENSG00000141446",0.218038370422866,0.004285474045973,0.0424847317469979
"ENSG00000119711",0.2180198952416,0.00428882325184458,0.0425110868435373
"ENSG00000065427",0.217963997032964,0.00429897088404028,0.042591092093911
"ENSG00000198242",0.217935138828495,0.0043042181760895,0.042622494517981
"ENSG00000280916",0.217884368801235,0.00431346366927062,0.0426934397011243
"ENSG00000274286",0.217810947513894,0.00432686564174885,0.0427985565824158
"ENSG00000138768",0.217768676979117,0.0043345984634443,0.0428543819814001
"ENSG00000046653",0.217751827042021,0.00433768439085875,0.0428754174619103
"ENSG00000237928",0.217749452278415,0.00433811946794676,0.0428754174619103
"ENSG00000148482",0.217740073829043,0.0043398380636108,0.0428855160222966
"ENSG00000204525",0.21773096584928,0.00434150768133817,0.0428951274265976
"ENSG00000065809",0.21768125597686,0.0043506303577174,0.0429507851676868
"ENSG00000137474",0.217651896621724,0.00435602642556626,0.0429971596367361
"ENSG00000172795",0.217621377634188,0.00436164199955261,0.0430456855709535
"ENSG00000198918",0.217583700454192,0.00436858366989976,0.0431072812859245
"ENSG00000080822",0.217561480469987,0.004372682146471,0.0431408063517813
"ENSG00000100139",0.217541752410496,0.00437632388191613,0.0431628969533087
"ENSG00000171448",0.217486136310373,0.00438660510440878,0.0432504364860196
"ENSG00000287458",0.217446452143277,0.00439395439950528,0.0433090213906395
"ENSG00000186185",0.217371898715118,0.00440779120817088,0.0434175899672965
"ENSG00000261241",0.217257095000132,0.00442917484837929,0.0435865736840601
"ENSG00000115523",0.217171916940884,0.00444510049504829,0.0437221136115154
"ENSG00000163069",0.217145724299084,0.00445000803173625,0.0437563978758868
"ENSG00000233429",0.217135417554444,0.00445194046983342,0.0437614157922741
"ENSG00000064651",0.217036161244325,0.00447058890072955,0.0439218564331726
"ENSG00000162551",0.217010258923388,0.00447546699631575,0.0439527841844109
"ENSG00000157637",0.21700666191207,0.00447614478698146,0.0439527841844109
"ENSG00000118418",0.216960694795128,0.00448481456417458,0.0440175044114934
"ENSG00000101343",0.2169318111596,0.00449026996682453,0.0440356693722847
"ENSG00000185436",0.216868843005327,0.00450218374941478,0.04413545662217
"ENSG00000164096",0.216790632489492,0.00451702095090949,0.0442527120984994
"ENSG00000106400",0.216770025696251,0.00452093753524921,0.0442769859435674
"ENSG00000141540",0.216754544457627,0.004523881947797,0.0442987733643944
"ENSG00000173744",0.216740431863172,0.00452656755466359,0.044311105931937
"ENSG00000147677",0.216729681037636,0.00452861438203599,0.0443239573040749
"ENSG00000072864",0.216702535145472,0.0045337863304286,0.0443604683497453
"ENSG00000164323",0.216625962522541,0.00454840385225609,0.0444822766062687
"ENSG00000130270",0.216515167496858,0.00456962924241909,0.0446685613239264
"ENSG00000077458",0.216488612749693,0.00457472961775322,0.0447113164356049
"ENSG00000134419",0.216432494515231,0.00458552507068137,0.0447954849127007
"ENSG00000188549",0.21640362386204,0.00459108781486097,0.0448427088522145
"ENSG00000287369",0.216306815842661,0.00460978483722894,0.0449896286112302
"ENSG00000105643",0.216294659442263,0.00461213748715034,0.0449983179310686
"ENSG00000280109",0.216283975820907,0.00461420599710287,0.045004230409778
"ENSG00000136731",0.216265826951456,0.00461772180003116,0.0450242507067676
"ENSG00000276127",0.216229387649392,0.00462478808970727,0.0450778041103191
"ENSG00000183484",0.216226174622188,0.00462541162349969,0.0450778041103191
"ENSG00000173575",0.216120740573963,0.00464591450748946,0.0452277871476342
"ENSG00000233276",0.216119628745804,0.00464613114931777,0.0452277871476342
"ENSG00000156925",0.216108263509338,0.00464834620722435,0.0452296946999866
"ENSG00000142405",0.216015310792899,0.00466649807150152,0.0453919641714066
"ENSG00000086065",0.215960809404944,0.00467717069053997,0.0454526753479539
"ENSG00000213178",0.215915444775174,0.00468607081860855,0.0455061385812712
"ENSG00000111266",0.215913151668039,0.00468652110856845,0.0455061385812712
"ENSG00000182107",0.215910160092691,0.00468710861280837,0.0455061385812712
"ENSG00000182545",0.215904762044818,0.00468816888233349,0.0455092532640903
"ENSG00000055147",0.215868579632583,0.00469528128777807,0.0455500107873249
"ENSG00000107020",0.215868341994109,0.00469532803254239,0.0455500107873249
"ENSG00000089154",0.215718467677097,0.00472489241792608,0.0458151534534177
"ENSG00000089876",0.215672294451209,0.00473403419152203,0.0458821102807924
"ENSG00000160223",0.215603009802003,0.00474778153172409,0.045995440071347
"ENSG00000151611",0.215579121000176,0.00475252980160746,0.0460323723811975
"ENSG00000136021",0.215568274284886,0.00475468716022649,0.0460448476196871
"ENSG00000171777",0.215565122959269,0.00475531410812965,0.0460448476196871
"ENSG00000171204",0.215464485202389,0.00477537475903656,0.0462100100896456
"ENSG00000176692",0.215335364961427,0.00480122412057555,0.046419413099738
"ENSG00000001561",0.215256115019473,0.00481715172104608,0.0465337914801538
"ENSG00000016864",0.215244000042486,0.00481959075185986,0.0465500460189051
"ENSG00000163762",0.215180670304427,0.00483235855641721,0.0466513999993946
"ENSG00000008294",0.215167665564301,0.00483498417116162,0.0466694268867583
"ENSG00000186314",0.215089556732728,0.00485078102206682,0.0467998851265214
"ENSG00000109458",0.215076264782416,0.00485347380932307,0.0468185254108118
"ENSG00000137819",0.215053502834814,0.00485808821561177,0.0468483517927939
"ENSG00000187994",0.215046594801519,0.0048594894215846,0.0468545224756389
"ENSG00000146859",0.215026004254537,0.00486366809991691,0.0468801236556439
"ENSG00000082781",0.215013970634213,0.00486611171324308,0.0468942479300266
"ENSG00000213024",0.215011284249141,0.00486665737568374,0.0468942479300266
"ENSG00000170175",0.215000901678217,0.00486876681435021,0.0469072299346226
"ENSG00000254166",0.214970651384614,0.00487491747500898,0.0469517873367688
"ENSG00000227946",0.214933799571825,0.00488241980558713,0.0470166866711085
"ENSG00000171943",0.21484116770338,0.00490132362777621,0.047169204276444
"ENSG00000269113",0.214744357825992,0.00492115016899353,0.047323010312584
"ENSG00000103472",0.214685073703447,0.0049333269450248,0.0474104736890391
"ENSG00000115468",0.214674762518758,0.00493544758548445,0.04742344827495
"ENSG00000163608",0.214667655919262,0.00493690963342179,0.0474251667295521
"ENSG00000248668",0.21465636836841,0.0049392326307073,0.0474375987865559
"ENSG00000183735",0.214622864424113,0.00494613357070241,0.0474890553003602
"ENSG00000144895",0.214515177472238,0.00496837284284998,0.0476728310321732
"ENSG00000259922",0.214278479640043,0.00501757041604407,0.0480624674996134
"ENSG00000145901",0.214170587108615,0.00504014033373131,0.0482561289202178
"ENSG00000274008",0.214160318234531,0.00504229320152409,0.0482692320414681
"ENSG00000104660",0.214113049081791,0.00505221380069234,0.048334128112826
"ENSG00000108179",0.214105119983494,0.00505387962943757,0.0483425501887015
"ENSG00000119688",0.214079604824039,0.00505924346379589,0.0483863371772889
"ENSG00000148737",0.213985440876165,0.00507908291806342,0.0485534450309561
"ENSG00000196576",0.213980036445547,0.00508022369248839,0.0485568080339347
"ENSG00000132963",0.213958536132494,0.00508476428050676,0.0485851161123286
"ENSG00000289104",0.213905914284735,0.00509589267527329,0.0486612286744794
"ENSG00000254535",0.213856229107671,0.00510642004645643,0.0487437023245135
"ENSG00000125871",0.21385394012783,0.0051069055080668,0.0487437023245135
"ENSG00000197020",0.213820981865002,0.00511390009352382,0.0487953282722217
"ENSG00000148604",0.213791323600209,0.00512020166899328,0.0488473233491539
"ENSG00000130177",0.213787866166309,0.00512093673223614,0.0488473233491539
"ENSG00000188687",0.213699219510374,0.00513981564766396,0.0490046187792147
"ENSG00000161217",0.213672894096051,0.00514543411473316,0.0490505881594079
"ENSG00000263002",0.213614388542135,0.00515794028650135,0.0491393617635355
"ENSG00000106771",0.213598228255646,0.00516139951088014,0.0491582396243488
"ENSG00000163104",0.213585612424137,0.00516410146337128,0.0491752221045524
"ENSG00000119917",0.213525476799869,0.00517699822216507,0.0492649039579372
"ENSG00000161847",0.213473511724092,0.00518816593779331,0.0493432984817728
"ENSG00000236393",0.213444235199111,0.00519446719616248,0.0493879637139848
"ENSG00000009790",0.213428276209599,0.00519790497389586,0.0494053843572891
"ENSG00000076351",0.213348302533999,0.00521516306650743,0.0495140546796799
"ENSG00000120149",0.213334230202103,0.00521820513848441,0.0495294905988409
"ENSG00000167600",0.213293433655822,0.00522703327190214,0.049590340016332
"ENSG00000180822",0.213207797692072,0.00524560790080256,0.049742328912562
"ENSG00000174226",0.213180958172849,0.00525144160222443,0.0497734981897092
"ENSG00000152404",0.213125625364272,0.00526348679389972,0.0498516514687234
"ENSG00000158417",0.213065656777009,0.0052765690536466,0.0499678667237461
